created_at,anotador_id,idx,respuesta,comentario_prem,comentario_hyp,region,palabras_marcadas
2026-05-23 21:22:11.518637+00,anotador_156,5,5,,,buenos_aires_amba,[]
2026-05-23 21:32:40.072022+00,anotador_263,300,3,El uno lleva mayúscula,,buenos_aires_interior,[]
2026-05-23 21:32:40.072022+00,anotador_263,309,4,,,buenos_aires_interior,"[{""pos"":2,""source"":""prem"",""palabra"":""usualmente""}]"
2026-05-23 21:32:40.072022+00,anotador_263,369,4,,,buenos_aires_interior,[]
2026-05-23 21:32:40.072022+00,anotador_263,377,4,,,buenos_aires_interior,"[{""pos"":3,""source"":""prem"",""palabra"":""naturaleza?""}]"
2026-05-23 21:32:40.072022+00,anotador_263,381,5,,,buenos_aires_interior,[]
2026-05-23 21:32:40.072022+00,anotador_263,402,5,,,buenos_aires_interior,[]
2026-05-23 21:32:40.072022+00,anotador_263,409,4,,,buenos_aires_interior,"[{""pos"":7,""source"":""prem"",""palabra"":""ellos""}]"
2026-05-23 21:32:40.072022+00,anotador_263,410,4,,,buenos_aires_interior,"[{""pos"":3,""source"":""hyp"",""palabra"":""ellos""},{""pos"":7,""source"":""prem"",""palabra"":""ellos""}]"
2026-05-23 21:32:40.072022+00,anotador_263,520,5,,,buenos_aires_interior,[]
2026-05-23 21:32:40.072022+00,anotador_263,554,5,,,buenos_aires_interior,[]
2026-05-23 21:32:40.072022+00,anotador_263,590,5,,,buenos_aires_interior,[]
2026-05-23 21:32:40.072022+00,anotador_263,601,4,,,buenos_aires_interior,"[{""pos"":6,""source"":""hyp"",""palabra"":""mismo""}]"
2026-05-23 22:14:12.409557+00,anotador_261,225,5,,,buenos_aires_amba,[]
2026-05-23 22:14:12.409557+00,anotador_261,232,5,,,buenos_aires_amba,[]
2026-05-23 22:14:12.409557+00,anotador_156,418,5,,,buenos_aires_amba,[]
2026-05-23 22:14:12.409557+00,anotador_156,482,5,,,buenos_aires_amba,[]
2026-05-23 22:14:12.409557+00,anotador_261,256,4,,,buenos_aires_amba,[]
2026-05-23 22:14:12.409557+00,anotador_261,68,2,,,buenos_aires_amba,"[{""pos"":1,""source"":""prem"",""palabra"":""rasgaba""},{""pos"":6,""source"":""prem"",""palabra"":""colocaba""},{""pos"":22,""source"":""prem"",""palabra"":""removía""}]"
2026-05-23 22:14:12.409557+00,anotador_261,88,3,,,buenos_aires_amba,"[{""pos"":15,""source"":""prem"",""palabra"":""extranjero.""},{""pos"":12,""source"":""prem"",""palabra"":""desplegamos""}]"
2026-05-23 22:14:12.409557+00,anotador_156,97,2,lugar,,buenos_aires_amba,"[{""pos"":21,""source"":""prem"",""palabra"":""sitio""}]"
2026-05-23 22:14:12.409557+00,anotador_261,103,2,,,buenos_aires_amba,"[{""pos"":24,""source"":""prem"",""palabra"":""echaba""},{""pos"":25,""source"":""prem"",""palabra"":""de""},{""pos"":26,""source"":""prem"",""palabra"":""menos""}]"
2026-05-23 22:14:12.409557+00,anotador_261,128,5,,,buenos_aires_amba,[]
2026-05-23 22:14:12.409557+00,anotador_261,185,,,,,"[{""pos"":25,""source"":""prem"",""palabra"":""Laughlin""}]"
2026-05-23 22:14:12.409557+00,anotador_261,185,,,,,"[{""pos"":25,""source"":""prem"",""palabra"":""Laughlin""},{""pos"":26,""source"":""prem"",""palabra"":""Air""}]"
2026-05-23 22:14:12.409557+00,anotador_261,185,2,,,buenos_aires_amba,"[{""pos"":25,""source"":""prem"",""palabra"":""Laughlin""},{""pos"":26,""source"":""prem"",""palabra"":""Air""},{""pos"":27,""source"":""prem"",""palabra"":""Force""},{""pos"":28,""source"":""prem"",""palabra"":""Base.""},{""pos"":8,""source"":""hyp"",""palabra"":""TX""}]"
2026-05-23 22:14:12.409557+00,anotador_261,218,5,,,buenos_aires_amba,[]
2026-05-23 22:14:12.409557+00,anotador_261,224,5,,,buenos_aires_amba,[]
2026-05-23 22:14:12.409557+00,anotador_156,98,5,,,buenos_aires_amba,[]
2026-05-23 22:14:12.409557+00,anotador_156,277,4,,,buenos_aires_amba,[]
2026-05-23 22:14:12.409557+00,anotador_156,277,5,,,buenos_aires_amba,[]
2026-05-23 22:14:12.409557+00,anotador_232,279,4,,,buenos_aires_amba,"[{""pos"":6,""source"":""hyp"",""palabra"":""bella""}]"
2026-05-23 22:14:12.409557+00,anotador_196,878,5,,,buenos_aires_amba,[]
2026-05-23 22:14:12.409557+00,anotador_196,885,5,,,buenos_aires_amba,[]
2026-05-23 22:14:12.409557+00,anotador_232,899,5,,,buenos_aires_amba,[]
2026-05-23 22:14:12.409557+00,anotador_329,901,5,,,buenos_aires_amba,[]
2026-05-23 22:14:12.409557+00,anotador_156,1003,5,,,buenos_aires_amba,[]
2026-05-23 22:14:12.409557+00,anotador_156,1059,4,,,buenos_aires_amba,[]
2026-05-23 22:14:12.409557+00,anotador_156,1072,3,,,buenos_aires_amba,[]
2026-05-23 22:14:12.409557+00,anotador_156,1083,3,,,buenos_aires_amba,"[{""pos"":14,""source"":""prem"",""palabra"":""fajines""},{""pos"":6,""source"":""hyp"",""palabra"":""hiedra.""}]"
2026-05-23 22:14:12.409557+00,anotador_156,1151,4,,,buenos_aires_amba,[]
2026-05-23 22:14:12.409557+00,anotador_156,1163,4,,,buenos_aires_amba,[]
2026-05-23 22:14:12.409557+00,anotador_156,1180,4,,,buenos_aires_amba,[]
2026-05-23 22:14:12.409557+00,anotador_095,1422,3,La traducción se inventa exploracion espacial.,,buenos_aires_amba,[]
2026-05-23 22:14:12.409557+00,anotador_095,1424,3,,,buenos_aires_amba,[]
2026-05-23 22:14:12.409557+00,anotador_095,1444,3,,,buenos_aires_amba,[]
2026-05-23 22:14:12.409557+00,anotador_095,1446,3,,,buenos_aires_amba,[]
2026-05-23 22:14:12.409557+00,anotador_095,1466,3,,,buenos_aires_amba,[]
2026-05-23 22:14:12.409557+00,anotador_095,1478,4,,,buenos_aires_amba,"[{""pos"":8,""source"":""hyp"",""palabra"":""terminan""},{""pos"":9,""source"":""hyp"",""palabra"":""teniendo""},{""pos"":10,""source"":""hyp"",""palabra"":""que""}]"
2026-05-23 22:14:12.409557+00,anotador_095,1536,3,,,buenos_aires_amba,"[{""pos"":15,""source"":""hyp"",""palabra"":""capturas.""}]"
2026-05-23 22:14:12.409557+00,anotador_156,1185,4,,,buenos_aires_amba,[]
2026-05-23 22:14:12.409557+00,anotador_156,1593,5,,,buenos_aires_amba,[]
2026-05-23 22:14:12.409557+00,anotador_156,1617,5,,,buenos_aires_amba,[]
2026-05-23 22:14:12.409557+00,anotador_156,274,5,,,buenos_aires_amba,[]
2026-05-23 22:14:12.409557+00,anotador_156,833,5,,,buenos_aires_amba,[]
2026-05-26 19:35:12.5742+00,anotador_294,7,5,,,buenos_aires_amba,[]
2026-05-26 19:35:36.370113+00,anotador_294,8,5,,,buenos_aires_amba,[]
2026-05-26 19:35:55.094015+00,anotador_294,9,5,,,buenos_aires_amba,[]
2026-05-26 19:36:32.179068+00,anotador_294,11,5,,,buenos_aires_amba,[]
2026-05-26 19:36:34.145685+00,anotador_294,25,5,,,buenos_aires_amba,[]
2026-05-26 19:36:35.116814+00,anotador_294,10,5,,,buenos_aires_amba,[]
2026-05-26 19:36:41.864029+00,anotador_294,28,5,,,buenos_aires_amba,[]
2026-05-26 19:36:42.681545+00,anotador_294,26,5,,,buenos_aires_amba,[]
2026-05-26 19:36:43.620703+00,anotador_294,27,4,,,buenos_aires_amba,"[{""pos"":3,""source"":""hyp"",""palabra"":""para""},{""pos"":4,""source"":""hyp"",""palabra"":""este""},{""pos"":5,""source"":""hyp"",""palabra"":""día.""}]"
2026-05-26 19:41:48.642818+00,anotador_264,40,1,,,,[]
2026-05-27 21:00:19.756842+00,anotador_261,1,2,enojada,,buenos_aires_amba,"[{""pos"":2,""source"":""hyp"",""palabra"":""molesto""}]"
2026-05-27 21:30:42.121452+00,anotador_261,39,4,,,buenos_aires_amba,[]
2026-05-27 21:31:26.452034+00,anotador_261,35,5,,,buenos_aires_amba,[]
2026-05-27 21:32:16.377293+00,anotador_261,29,4,,,buenos_aires_amba,[]
2026-05-27 21:34:25.960568+00,anotador_261,41,4,,,buenos_aires_amba,[]
2026-05-27 21:55:48.389752+00,anotador_261,108,5,,,buenos_aires_amba,[]
2026-05-27 21:55:59.433854+00,anotador_261,4418,5,,,buenos_aires_amba,[]
2026-05-27 21:56:06.690406+00,anotador_261,378,5,,,buenos_aires_amba,[]
2026-05-27 21:56:14.480819+00,anotador_261,303,5,,,buenos_aires_amba,[]
2026-05-27 21:56:26.289245+00,anotador_261,591,5,,,buenos_aires_amba,[]
2026-05-27 22:05:16.140092+00,anotador_261,934,4,,,buenos_aires_amba,[]
2026-05-27 22:05:45.98629+00,anotador_261,3734,2,"Te voy a buscar
Voy a estar afuera",,buenos_aires_amba,"[{""pos"":1,""source"":""prem"",""palabra"":""buscaré""},{""pos"":0,""source"":""prem"",""palabra"":""¡Te""},{""pos"":0,""source"":""hyp"",""palabra"":""Estaré""},{""pos"":1,""source"":""hyp"",""palabra"":""fuera,""}]"
2026-05-27 22:08:18.56952+00,anotador_261,841,3,a la noche,,buenos_aires_amba,"[{""pos"":8,""source"":""hyp"",""palabra"":""por""}]"
2026-05-27 22:09:44.436653+00,anotador_261,1147,4,,,buenos_aires_amba,[]
2026-05-27 22:15:07.775472+00,anotador_156,47,4,,,buenos_aires_amba,[]
2026-05-27 22:15:40.678312+00,anotador_156,285,4,,,buenos_aires_amba,[]
2026-05-27 22:17:41.912825+00,anotador_156,970,4,,,buenos_aires_amba,[]
2026-05-27 22:18:19.738471+00,anotador_156,302,5,,,buenos_aires_amba,[]
2026-05-27 22:18:35.467728+00,anotador_156,918,2,"voy a intentar
voy a ir ",,buenos_aires_amba,"[{""pos"":2,""source"":""prem"",""palabra"":""intentaré""},{""pos"":1,""source"":""hyp"",""palabra"":""iré""}]"
2026-05-27 22:23:08.349607+00,anotador_055,3070,5,,,buenos_aires_amba,[]
2026-05-27 22:23:37.683781+00,anotador_055,853,3,rara premisa,,buenos_aires_amba,[]
2026-05-27 22:23:54.90852+00,anotador_055,1116,4,,,buenos_aires_amba,[]
2026-05-27 22:27:36.719285+00,anotador_024,442,4,,,,"[{""pos"":0,""source"":""prem"",""palabra"":""Cuando""}]"
2026-05-27 22:54:27.536291+00,anotador_261,468,4,,,buenos_aires_amba,[]
2026-05-27 22:56:55.440773+00,anotador_094,1172,3,,,buenos_aires_amba,[]
2026-05-27 22:57:47.674429+00,anotador_094,1174,3,Son todas palabras muy neutras. Quizas ,,buenos_aires_amba,"[{""pos"":18,""source"":""prem"",""palabra"":""paja""}]"
2026-05-27 22:58:47.347178+00,anotador_094,170,3,"De vuelta, todo muy neutro, lo puede decir un argentino como un español o un mexicano pero está bien",,buenos_aires_amba,[]
2026-05-27 22:59:26.498518+00,anotador_094,151,3,,,buenos_aires_amba,[]
2026-05-27 22:59:32.658139+00,anotador_094,904,3,,,buenos_aires_amba,[]
2026-05-27 22:59:48.584949+00,anotador_094,976,5,,,buenos_aires_amba,[]
2026-05-27 23:00:08.986444+00,anotador_094,854,4,,,buenos_aires_amba,[]
2026-05-27 23:00:10.029969+00,anotador_294,3765,4,,,buenos_aires_amba,"[{""pos"":8,""source"":""hyp"",""palabra"":""IRT,""},{""pos"":8,""source"":""prem"",""palabra"":""IRT""}]"
2026-05-27 23:00:29.74131+00,anotador_294,1182,4,,,buenos_aires_amba,"[{""pos"":5,""source"":""prem"",""palabra"":""transgrede""}]"
2026-05-27 23:00:32.663905+00,anotador_094,598,2,"La expresión ""suena como una aventura"" no se usa acá. Pondría algo como ""eso parece muy divertido"" o ""eso parece muy interesante"" ",,buenos_aires_amba,"[{""pos"":5,""source"":""prem"",""palabra"":""suena""},{""pos"":6,""source"":""prem"",""palabra"":""como""},{""pos"":7,""source"":""prem"",""palabra"":""una""},{""pos"":8,""source"":""prem"",""palabra"":""aventura""},{""pos"":1,""source"":""hyp"",""palabra"":""suena""},{""pos"":2,""source"":""hyp"",""palabra"":""como""},{""pos"":3,""source"":""hyp"",""palabra"":""una""},{""pos"":4,""source"":""hyp"",""palabra"":""gran""},{""pos"":5,""source"":""hyp"",""palabra"":""aventura.""}]"
2026-05-27 23:01:54.330974+00,anotador_094,50,1,"Porche no, se suele decir que fue a la galería o a la entrada del edificio en cuestión. ",,buenos_aires_amba,"[{""pos"":16,""source"":""prem"",""palabra"":""porche.""}]"
2026-05-27 23:02:08.871889+00,anotador_294,3872,3,,,buenos_aires_amba,"[{""pos"":1,""source"":""prem"",""palabra"":""PLAID,""},{""pos"":0,""source"":""prem"",""palabra"":""FOREVER""},{""pos"":5,""source"":""hyp"",""palabra"":""POR""},{""pos"":6,""source"":""hyp"",""palabra"":""SIEMPRE""},{""pos"":7,""source"":""hyp"",""palabra"":""A""},{""pos"":8,""source"":""hyp"",""palabra"":""CUADROS.""}]"
2026-05-27 23:02:22.677677+00,anotador_294,1158,4,,,buenos_aires_amba,"[{""pos"":6,""source"":""prem"",""palabra"":""revolvía""}]"
2026-05-27 23:02:32.120014+00,anotador_047,66,3,la primera esta rara,,la_pampa,[]
2026-05-27 23:02:47.787071+00,anotador_047,768,1,"la primera 0 argentino, la segunda esta ok pq no hay otra manera de decirlo",,la_pampa,"[{""pos"":5,""source"":""prem"",""palabra"":""oí""}]"
2026-05-27 23:03:16.339609+00,anotador_294,282,5,,,buenos_aires_amba,[]
2026-05-27 23:03:21.694418+00,anotador_094,376,1,"""Guay"" no se usa. Lo cambiaría por ""divertido"" o para que suene más argentino aún: ""copado""",,buenos_aires_amba,"[{""pos"":2,""source"":""prem"",""palabra"":""guay,""}]"
2026-05-27 23:03:22.807943+00,anotador_294,69,4,,,buenos_aires_amba,"[{""pos"":4,""source"":""hyp"",""palabra"":""granero""}]"
2026-05-27 23:03:38.596904+00,anotador_047,368,4,la segunda muy argentina! la primera maso,,la_pampa,[]
2026-05-27 23:03:43.388483+00,anotador_047,992,1,acre? ,,la_pampa,"[{""pos"":5,""source"":""prem"",""palabra"":""acre,""},{""pos"":10,""source"":""hyp"",""palabra"":""acres""}]"
2026-05-27 23:04:26.400406+00,anotador_094,752,3,,,buenos_aires_amba,[]
2026-05-27 23:04:31.682202+00,anotador_047,1694,3,"el primero ok. la segunda, siento que no lo diríamos asi",,la_pampa,[]
2026-05-27 23:04:44.436861+00,anotador_047,63,1,muy generico,,la_pampa,[]
2026-05-27 23:04:51.189866+00,anotador_094,917,3,,,buenos_aires_amba,[]
2026-05-27 23:05:04.498942+00,anotador_094,781,4,"""Estás de compras"" es un poco raro porque estás esta bien pero de compras no se usa. Pondría ""cuando estás haciendo las compras""",,buenos_aires_amba,"[{""pos"":15,""source"":""prem"",""palabra"":""compras""},{""pos"":14,""source"":""prem"",""palabra"":""de""},{""pos"":13,""source"":""prem"",""palabra"":""estás""}]"
2026-05-27 23:06:32.061271+00,anotador_094,73,3,,,buenos_aires_amba,[]
2026-05-27 23:06:40.945451+00,anotador_094,174,4,,,buenos_aires_amba,[]
2026-05-27 23:06:56.568409+00,anotador_047,883,2,"en esta me pasa que no es una palabra en particular, sino como el sentimiento. la primera muy bien. la segunda yo diria ""hay veces que"" ",,la_pampa,"[{""pos"":0,""source"":""hyp"",""palabra"":""A""}]"
2026-05-27 23:07:25.230926+00,anotador_047,159,2,no solemos usar ese pasado. ,,la_pampa,"[{""pos"":3,""source"":""prem"",""palabra"":""solía""},{""pos"":4,""source"":""prem"",""palabra"":""contarle""}]"
2026-05-27 23:07:54.389651+00,anotador_047,1805,5,siento que re! de una u otra forma todo que ver,,la_pampa,[]
2026-05-27 23:08:10.744411+00,anotador_047,748,5,pura tranquilidad todo que ver!,,la_pampa,[]
2026-05-27 23:08:27.02133+00,anotador_047,979,5,otra cosa que no entiendo! espectacular,,la_pampa,[]
2026-05-27 23:08:55.266634+00,anotador_047,85,1,"generico, ",,la_pampa,[]
2026-05-27 23:09:16.631186+00,anotador_047,1192,1,,,la_pampa,"[{""pos"":12,""source"":""prem"",""palabra"":""teniendo""},{""pos"":13,""source"":""prem"",""palabra"":""lugar""}]"
2026-05-27 23:09:23.952861+00,anotador_047,1008,1,brillante no lo usamos. excelente en matemáticas aun menos. seria en matemática.,,la_pampa,"[{""pos"":6,""source"":""prem"",""palabra"":""brillante.""},{""pos"":4,""source"":""hyp"",""palabra"":""excelente""},{""pos"":5,""source"":""hyp"",""palabra"":""en""},{""pos"":6,""source"":""hyp"",""palabra"":""matemáticas.""}]"
2026-05-27 23:10:18.196009+00,anotador_047,1134,3,,,la_pampa,"[{""pos"":0,""source"":""prem"",""palabra"":""A""},{""pos"":1,""source"":""prem"",""palabra"":""menudo,""}]"
2026-05-27 23:16:32.073529+00,anotador_313,436,5,,,buenos_aires_amba,[]
2026-05-27 23:16:49.017259+00,anotador_313,266,4,"""sacan buenas fotos"" en vez de ""hacen buenas fotos"", pero es un detalle",,buenos_aires_amba,"[{""pos"":9,""source"":""prem"",""palabra"":""hacen""}]"
2026-05-27 23:17:36.679121+00,anotador_313,4964,5,,,buenos_aires_amba,[]
2026-05-27 23:17:41.316877+00,anotador_313,911,4,,,buenos_aires_amba,"[{""pos"":8,""source"":""prem"",""palabra"":""adiós""}]"
2026-05-27 23:17:47.920564+00,anotador_313,587,4,,,buenos_aires_amba,"[{""pos"":5,""source"":""hyp"",""palabra"":""apropiarse""},{""pos"":6,""source"":""hyp"",""palabra"":""de""},{""pos"":7,""source"":""hyp"",""palabra"":""él.""},{""pos"":4,""source"":""hyp"",""palabra"":""debe""}]"
2026-05-27 23:18:03.209272+00,anotador_313,894,4,"""a hace veinte años"" suena levemente incorrecto",,buenos_aires_amba,[]
2026-05-27 23:18:06.950265+00,anotador_261,2533,,,,,"[{""pos"":10,""source"":""prem"",""palabra"":""han""}]"
2026-05-27 23:18:07.202727+00,anotador_261,2533,4,,,buenos_aires_amba,[]
2026-05-27 23:18:52.623587+00,anotador_313,794,4,,,buenos_aires_amba,"[{""pos"":0,""source"":""hyp"",""palabra"":""¡Sé""}]"
2026-05-27 23:18:58.751401+00,anotador_313,830,5,,,buenos_aires_amba,[]
2026-05-27 23:21:17.205401+00,anotador_313,743,,,,,"[{""pos"":19,""source"":""prem"",""palabra"":""sin""}]"
2026-05-27 23:21:17.697331+00,anotador_313,743,4,,,buenos_aires_amba,"[{""pos"":19,""source"":""prem"",""palabra"":""sin""},{""pos"":20,""source"":""prem"",""palabra"":""más""},{""pos"":4,""source"":""hyp"",""palabra"":""sentarse""},{""pos"":6,""source"":""hyp"",""palabra"":""hablar""},{""pos"":5,""source"":""hyp"",""palabra"":""y""}]"
2026-05-27 23:21:53.411987+00,anotador_313,1053,4,,,buenos_aires_amba,"[{""pos"":6,""source"":""hyp"",""palabra"":""formas""},{""pos"":7,""source"":""hyp"",""palabra"":""superiores""},{""pos"":8,""source"":""hyp"",""palabra"":""de""},{""pos"":9,""source"":""hyp"",""palabra"":""pensamiento.""}]"
2026-05-27 23:22:04.297154+00,anotador_313,3594,3,,,buenos_aires_amba,"[{""pos"":30,""source"":""prem"",""palabra"":""éxito""},{""pos"":31,""source"":""prem"",""palabra"":""continuo""},{""pos"":3,""source"":""hyp"",""palabra"":""puesto""},{""pos"":4,""source"":""hyp"",""palabra"":""cero""},{""pos"":5,""source"":""hyp"",""palabra"":""recursos""},{""pos"":2,""source"":""hyp"",""palabra"":""ha""}]"
2026-05-27 23:22:39.925978+00,anotador_313,835,,,,,"[{""pos"":9,""source"":""prem"",""palabra"":""mayores""}]"
2026-05-27 23:22:40.248684+00,anotador_313,835,3,,,buenos_aires_amba,"[{""pos"":9,""source"":""prem"",""palabra"":""mayores""},{""pos"":10,""source"":""prem"",""palabra"":""mayores""},{""pos"":6,""source"":""prem"",""palabra"":""mayores""},{""pos"":7,""source"":""prem"",""palabra"":""así""},{""pos"":8,""source"":""prem"",""palabra"":""o""}]"
2026-05-27 23:23:04.129662+00,anotador_313,1109,5,,,buenos_aires_amba,[]
2026-05-27 23:23:21.647968+00,anotador_313,1092,,,,,"[{""pos"":1,""source"":""hyp"",""palabra"":""intercambiar""}]"
2026-05-27 23:23:21.927715+00,anotador_313,1092,4,,,buenos_aires_amba,"[{""pos"":1,""source"":""hyp"",""palabra"":""intercambiar""},{""pos"":2,""source"":""hyp"",""palabra"":""mucho""},{""pos"":3,""source"":""hyp"",""palabra"":""en""},{""pos"":4,""source"":""hyp"",""palabra"":""nuestra""},{""pos"":5,""source"":""hyp"",""palabra"":""economía.""}]"
2026-05-27 23:23:49.408134+00,anotador_313,812,3,,,buenos_aires_amba,"[{""pos"":8,""source"":""prem"",""palabra"":""la""},{""pos"":9,""source"":""prem"",""palabra"":""gente""},{""pos"":10,""source"":""prem"",""palabra"":""viste""},{""pos"":17,""source"":""prem"",""palabra"":""una""},{""pos"":18,""source"":""prem"",""palabra"":""gente""},{""pos"":19,""source"":""prem"",""palabra"":""yupi""}]"
2026-05-27 23:38:11.854692+00,anotador_167,1184,,,,,"[{""pos"":11,""source"":""hyp"",""palabra"":""Santo.""}]"
2026-05-28 00:03:33.633498+00,anotador_229,2098,3,,,buenos_aires_amba,[]
2026-05-28 00:03:52.899233+00,anotador_229,811,2,Yupi,,buenos_aires_amba,[]
2026-05-28 00:04:32.515135+00,anotador_229,425,2,,,buenos_aires_amba,[]
2026-05-28 00:04:41.706265+00,anotador_229,547,4,,,buenos_aires_amba,[]
2026-05-28 00:04:50.534836+00,anotador_229,168,2,Interestatal,,buenos_aires_amba,[]
2026-05-28 00:05:18.601304+00,anotador_229,736,3,Jurado,,buenos_aires_amba,[]
2026-05-28 00:05:28.283192+00,anotador_229,497,5,,,buenos_aires_amba,[]
2026-05-28 00:05:34.862981+00,anotador_229,189,5,,,buenos_aires_amba,[]
2026-05-28 00:05:52.743574+00,anotador_229,293,5,,,buenos_aires_amba,[]
2026-05-28 00:06:03.679819+00,anotador_229,389,4,,,buenos_aires_amba,[]
2026-05-28 00:06:22.591067+00,anotador_229,1168,3,,,buenos_aires_amba,[]
2026-05-28 00:06:42.043539+00,anotador_229,461,4,,,buenos_aires_amba,[]
2026-05-28 00:06:48.488953+00,anotador_229,429,4,,,buenos_aires_amba,[]
2026-05-28 00:06:58.948018+00,anotador_229,1127,2,,,buenos_aires_amba,[]
2026-05-28 00:07:06.354794+00,anotador_229,1046,2,,,buenos_aires_amba,[]
2026-05-28 00:46:31.290483+00,anotador_245,4529,2,,,,[]
2026-05-28 00:47:29.789604+00,anotador_245,3111,2,,,,[]
2026-05-28 00:47:53.823656+00,anotador_245,1018,2,,,,[]
2026-05-28 01:22:46.435083+00,anotador_003,480,4,Las frases son contradictorias ,,buenos_aires_amba,[]
2026-05-28 01:23:00.620815+00,anotador_003,959,3,,,buenos_aires_amba,"[{""pos"":4,""source"":""hyp"",""palabra"":""acaba""},{""pos"":10,""source"":""prem"",""palabra"":""seria""}]"
2026-05-28 01:24:02.008451+00,anotador_003,823,5,,,buenos_aires_amba,[]
2026-05-28 01:24:12.492162+00,anotador_003,1065,4,,,buenos_aires_amba,"[{""pos"":19,""source"":""prem"",""palabra"":""contenedor""}]"
2026-05-28 01:24:40.833635+00,anotador_003,1860,5,,,buenos_aires_amba,[]
2026-05-28 01:25:00.472218+00,anotador_003,255,4,,,buenos_aires_amba,"[{""pos"":17,""source"":""prem"",""palabra"":""mayor""}]"
2026-05-28 01:25:24.443841+00,anotador_003,971,5,,,buenos_aires_amba,[]
2026-05-28 01:25:32.755418+00,anotador_302,265,3,,,buenos_aires_amba,"[{""pos"":9,""source"":""prem"",""palabra"":""hacen""}]"
2026-05-28 01:25:39.208834+00,anotador_003,373,4,,,buenos_aires_amba,"[{""pos"":6,""source"":""hyp"",""palabra"":""modo""}]"
2026-05-28 01:26:00.251775+00,anotador_003,1122,4,,,buenos_aires_amba,"[{""pos"":7,""source"":""prem"",""palabra"":""ocurrir""}]"
2026-05-28 01:26:15.786245+00,anotador_003,147,3,,,buenos_aires_amba,"[{""pos"":14,""source"":""prem"",""palabra"":""comiencen""},{""pos"":8,""source"":""hyp"",""palabra"":""jamás""}]"
2026-05-28 01:26:20.485546+00,anotador_302,920,2,,,buenos_aires_amba,"[{""pos"":2,""source"":""hyp"",""palabra"":""forma""},{""pos"":2,""source"":""prem"",""palabra"":""intentaré""}]"
2026-05-28 01:26:39.21153+00,anotador_003,1189,,,,,"[{""pos"":2,""source"":""hyp"",""palabra"":""se""}]"
2026-05-28 01:26:39.428721+00,anotador_003,1189,4,,,buenos_aires_amba,"[{""pos"":2,""source"":""hyp"",""palabra"":""se""},{""pos"":3,""source"":""hyp"",""palabra"":""encuentran""}]"
2026-05-28 01:26:41.086821+00,anotador_302,1990,3,,,buenos_aires_amba,"[{""pos"":3,""source"":""hyp"",""palabra"":""iluso""},{""pos"":8,""source"":""hyp"",""palabra"":""existencia""}]"
2026-05-28 01:26:53.830513+00,anotador_003,365,5,,,buenos_aires_amba,[]
2026-05-28 01:27:06.768607+00,anotador_003,1077,5,,,buenos_aires_amba,[]
2026-05-28 01:27:08.254116+00,anotador_302,518,4,,,buenos_aires_amba,"[{""pos"":11,""source"":""prem"",""palabra"":""equiparte,""}]"
2026-05-28 01:27:17.96575+00,anotador_003,954,4,,,buenos_aires_amba,"[{""pos"":8,""source"":""prem"",""palabra"":""acortamiento""}]"
2026-05-28 01:27:40.495398+00,anotador_302,259,4,,,buenos_aires_amba,"[{""pos"":5,""source"":""prem"",""palabra"":""fraguó""}]"
2026-05-28 01:27:50.205291+00,anotador_003,457,5,,,buenos_aires_amba,[]
2026-05-28 01:27:53.004617+00,anotador_302,329,3,,,buenos_aires_amba,"[{""pos"":11,""source"":""prem"",""palabra"":""clara?""}]"
2026-05-28 01:28:16.23165+00,anotador_302,414,5,,,buenos_aires_amba,[]
2026-05-28 01:28:24.821956+00,anotador_003,136,,,,,"[{""pos"":1,""source"":""hyp"",""palabra"":""he""}]"
2026-05-28 01:28:25.038468+00,anotador_003,136,4,,,,"[{""pos"":1,""source"":""hyp"",""palabra"":""he""},{""pos"":2,""source"":""hyp"",""palabra"":""leído""}]"
2026-05-28 01:28:26.567855+00,anotador_302,877,4,,,buenos_aires_amba,"[{""pos"":23,""source"":""prem"",""palabra"":""partículas""},{""pos"":4,""source"":""hyp"",""palabra"":""combustible""},{""pos"":5,""source"":""hyp"",""palabra"":""diésel.""},{""pos"":17,""source"":""prem"",""palabra"":""diésel,""}]"
2026-05-28 01:28:54.845561+00,anotador_302,1164,4,,,buenos_aires_amba,[]
2026-05-28 01:29:11.624431+00,anotador_302,593,5,,,buenos_aires_amba,[]
2026-05-28 01:29:25.259998+00,anotador_302,852,4,,,buenos_aires_amba,[]
2026-05-28 01:29:37.91997+00,anotador_302,612,3,,,buenos_aires_amba,"[{""pos"":3,""source"":""hyp"",""palabra"":""reunirían""},{""pos"":5,""source"":""hyp"",""palabra"":""limpiarían""}]"
2026-05-28 01:29:55.247126+00,anotador_302,56,5,,,buenos_aires_amba,[]
2026-05-28 01:30:05.310424+00,anotador_302,1014,4,,,buenos_aires_amba,[]
2026-05-28 01:30:14.037758+00,anotador_302,124,3,,,buenos_aires_amba,"[{""pos"":6,""source"":""hyp"",""palabra"":""malvado.""}]"
2026-05-28 02:55:01.566131+00,anotador_289,87,5,,,buenos_aires_amba,[]
2026-05-28 02:55:20.719982+00,anotador_289,2534,5,,,buenos_aires_amba,[]
2026-05-28 02:55:38.207582+00,anotador_289,565,5,,,buenos_aires_amba,[]
2026-05-28 03:01:23.925475+00,anotador_127,226,4,"El final, el repetir “ entiendo la vida “, lo “argentino “ sería “del mismo modo que yo la entiendo “",,buenos_aires_amba,[]
2026-05-28 03:03:32.018441+00,anotador_127,1243,5,,,buenos_aires_amba,[]
2026-05-28 03:03:55.449834+00,anotador_127,388,5,,,buenos_aires_amba,[]
2026-05-28 03:04:09.97236+00,anotador_127,742,4,,,buenos_aires_amba,[]
2026-05-28 03:04:18.368801+00,anotador_127,864,5,,,buenos_aires_amba,[]
2026-05-28 03:18:42.215291+00,anotador_127,401,,,,,"[{""pos"":1,""source"":""hyp"",""palabra"":""zampé""}]"
2026-05-28 03:18:42.520042+00,anotador_127,401,3,,,buenos_aires_amba,"[{""pos"":1,""source"":""hyp"",""palabra"":""zampé""}]"
2026-05-28 03:18:50.104186+00,anotador_127,790,3,,,buenos_aires_amba,"[{""pos"":5,""source"":""hyp"",""palabra"":""UPS.""},{""pos"":12,""source"":""prem"",""palabra"":""UPS""}]"
2026-05-28 03:19:20.585595+00,anotador_127,473,4,,,buenos_aires_amba,[]
2026-05-28 03:19:41.144588+00,anotador_127,1062,5,,,buenos_aires_amba,[]
2026-05-28 03:20:26.877356+00,anotador_127,144,4,Para ir ,,buenos_aires_amba,"[{""pos"":4,""source"":""hyp"",""palabra"":""asistir""}]"
2026-05-28 03:20:43.130248+00,anotador_127,4299,5,,,buenos_aires_amba,[]
2026-05-28 03:20:56.158833+00,anotador_127,290,4,,,buenos_aires_amba,[]
2026-05-28 03:20:59.518015+00,anotador_127,305,4,cuadras ,,buenos_aires_amba,"[{""pos"":5,""source"":""hyp"",""palabra"":""manzanas.""}]"
2026-05-28 03:21:19.930979+00,anotador_127,460,5,,,buenos_aires_amba,[]
2026-05-28 03:21:26.280839+00,anotador_127,340,5,,,buenos_aires_amba,[]
2026-05-28 12:14:47.192297+00,anotador_261,9999,1,,,buenos_aires_amba,"[{""pos"":0,""source"":""prem"",""palabra"":""Vosotros""},{""pos"":1,""source"":""prem"",""palabra"":""tenéis""},{""pos"":3,""source"":""prem"",""palabra"":""coger""},{""pos"":5,""source"":""prem"",""palabra"":""ordenador""},{""pos"":9,""source"":""prem"",""palabra"":""piso""},{""pos"":0,""source"":""hyp"",""palabra"":""Necesitáis""},{""pos"":3,""source"":""hyp"",""palabra"":""ordenador""}]"
2026-05-28 12:28:57.473678+00,anotador_261,531,4,,,buenos_aires_amba,"[{""pos"":3,""source"":""hyp"",""palabra"":""realizarías""}]"
2026-05-28 12:29:20.038869+00,anotador_261,109,5,,,buenos_aires_amba,[]
2026-05-28 12:30:03.09467+00,anotador_261,1130,5,,,buenos_aires_amba,[]
2026-05-28 12:30:16.980663+00,anotador_261,897,5,,,buenos_aires_amba,[]
2026-05-28 12:30:25.669459+00,anotador_261,2509,5,,,buenos_aires_amba,[]
2026-05-28 12:30:33.032615+00,anotador_261,828,5,,,buenos_aires_amba,[]
2026-05-28 12:30:46.31715+00,anotador_261,125,3,vas a encontrar,,buenos_aires_amba,"[{""pos"":8,""source"":""hyp"",""palabra"":""encontrarás""}]"
2026-05-28 12:31:15.446169+00,anotador_261,44,5,,,buenos_aires_amba,[]
2026-05-28 12:31:18.129743+00,anotador_261,486,3,,,buenos_aires_amba,"[{""pos"":5,""source"":""prem"",""palabra"":""Mallard""},{""pos"":6,""source"":""prem"",""palabra"":""Creek,""}]"
2026-05-28 12:31:58.681019+00,anotador_261,972,4,pensará?,,buenos_aires_amba,"[{""pos"":5,""source"":""prem"",""palabra"":""pensaría,""}]"
2026-05-28 12:32:35.931369+00,anotador_261,1099,2,,,buenos_aires_amba,"[{""pos"":0,""source"":""hyp"",""palabra"":""Pachucas""},{""pos"":1,""source"":""prem"",""palabra"":""pachuca""},{""pos"":6,""source"":""prem"",""palabra"":""pachuco""},{""pos"":3,""source"":""hyp"",""palabra"":""Chicanas.""},{""pos"":26,""source"":""prem"",""palabra"":""Chicana""}]"
2026-05-28 12:33:04.874672+00,anotador_261,395,4,,,buenos_aires_amba,[]
2026-05-28 12:33:08.574176+00,anotador_261,1149,3,,,buenos_aires_amba,"[{""pos"":8,""source"":""prem"",""palabra"":""Hood""},{""pos"":6,""source"":""prem"",""palabra"":""RCA""},{""pos"":12,""source"":""prem"",""palabra"":""Pan""},{""pos"":13,""source"":""prem"",""palabra"":""Am""},{""pos"":15,""source"":""prem"",""palabra"":""MetLife)""}]"
2026-05-28 12:33:37.727074+00,anotador_261,999,4,24 de diciembre / previo a navidad,,buenos_aires_amba,"[{""pos"":26,""source"":""prem"",""palabra"":""Nochebuena,""}]"
2026-05-28 12:34:09.671066+00,anotador_261,30,5,,,buenos_aires_amba,[]
2026-05-28 12:34:18.442902+00,anotador_261,544,5,,,buenos_aires_amba,[]
2026-05-28 12:34:32.868857+00,anotador_261,280,5,,,buenos_aires_amba,[]
2026-05-28 12:34:40.093558+00,anotador_261,941,5,,,buenos_aires_amba,[]
2026-05-28 12:34:54.509264+00,anotador_261,1112,5,,,buenos_aires_amba,[]
2026-05-28 12:49:36.575441+00,anotador_261,167,5,,,buenos_aires_amba,[]
2026-05-28 12:52:14.290238+00,anotador_321,9999,,,,,"[{""pos"":1,""source"":""prem"",""palabra"":""chaval""},{""pos"":2,""source"":""prem"",""palabra"":""cogió""},{""pos"":4,""source"":""prem"",""palabra"":""móvil""},{""pos"":1,""source"":""hyp"",""palabra"":""Kettering,""},{""pos"":3,""source"":""hyp"",""palabra"":""Wollongong""},{""pos"":4,""source"":""hyp"",""palabra"":""Bears""},{""pos"":7,""source"":""hyp"",""palabra"":""Tournament""},{""pos"":9,""source"":""hyp"",""palabra"":""Kilimsworth""}]"
2026-05-28 13:08:10.757101+00,anotador_316,9999,1,en el segundo párrafo mezclas palabras en castellano con palabras en inglés ,,buenos_aires_amba,[]
2026-05-28 13:09:00.001599+00,anotador_316,331,4,,,buenos_aires_amba,[]
2026-05-28 13:09:22.719994+00,anotador_316,813,4,,,buenos_aires_amba,[]
2026-05-28 13:09:55.481035+00,anotador_316,1148,3,,,buenos_aires_amba,[]
2026-05-28 13:10:18.92248+00,anotador_316,1070,3,,,buenos_aires_amba,[]
2026-05-28 13:10:41.622669+00,anotador_316,348,1,,,buenos_aires_amba,[]
2026-05-28 13:10:53.45153+00,anotador_316,2538,4,,,buenos_aires_amba,[]
2026-05-28 13:11:11.615152+00,anotador_316,857,1,,,buenos_aires_amba,[]
2026-05-28 13:11:25.615909+00,anotador_316,1056,3,,,buenos_aires_amba,[]
2026-05-28 13:11:44.479882+00,anotador_316,847,2,,,buenos_aires_amba,[]
2026-05-28 13:12:41.001202+00,anotador_316,278,1,,,buenos_aires_amba,[]
2026-05-28 13:13:53.030204+00,anotador_316,4559,3,,,buenos_aires_amba,[]
2026-05-28 13:14:02.872575+00,anotador_316,2436,3,,,buenos_aires_amba,[]
2026-05-28 13:14:13.650344+00,anotador_316,75,4,,,buenos_aires_amba,[]
2026-05-28 13:14:32.291923+00,anotador_316,1055,2,,,buenos_aires_amba,[]
2026-05-28 13:14:53.600348+00,anotador_316,1153,2,,,buenos_aires_amba,[]
2026-05-28 13:15:05.583636+00,anotador_316,399,2,,,,[]
2026-05-28 13:15:05.856014+00,anotador_316,399,2,,,buenos_aires_amba,[]
2026-05-28 13:15:12.164595+00,anotador_316,419,2,,,buenos_aires_amba,[]
2026-05-28 13:15:30.521866+00,anotador_316,400,4,,,buenos_aires_amba,[]
2026-05-28 13:15:47.539252+00,anotador_316,79,1,,,buenos_aires_amba,[]
2026-05-28 13:19:56.016864+00,anotador_027,9999,1,,,buenos_aires_amba,"[{""pos"":1,""source"":""prem"",""palabra"":""chaval""},{""pos"":2,""source"":""prem"",""palabra"":""cogió""},{""pos"":4,""source"":""prem"",""palabra"":""móvil""},{""pos"":7,""source"":""hyp"",""palabra"":""Tournament""},{""pos"":8,""source"":""hyp"",""palabra"":""of""},{""pos"":10,""source"":""hyp"",""palabra"":""ante""}]"
2026-05-28 13:20:58.151743+00,anotador_027,566,3,,,buenos_aires_amba,"[{""pos"":0,""source"":""hyp"",""palabra"":""Dejaré""}]"
2026-05-28 13:21:10.867944+00,anotador_027,318,4,,,buenos_aires_amba,[]
2026-05-28 13:21:22.979024+00,anotador_027,783,3,,,buenos_aires_amba,[]
2026-05-28 13:21:40.040001+00,anotador_027,3977,3,,,buenos_aires_amba,"[{""pos"":10,""source"":""hyp"",""palabra"":""crímenes.""}]"
2026-05-28 13:21:50.307871+00,anotador_027,960,2,,,buenos_aires_amba,"[{""pos"":3,""source"":""prem"",""palabra"":""luego""},{""pos"":12,""source"":""prem"",""palabra"":""alto""},{""pos"":13,""source"":""prem"",""palabra"":""precio.""},{""pos"":10,""source"":""prem"",""palabra"":""pagarás""},{""pos"":11,""source"":""prem"",""palabra"":""un""},{""pos"":5,""source"":""hyp"",""palabra"":""corporación""}]"
2026-05-28 13:22:26.181863+00,anotador_027,962,1,,,buenos_aires_amba,"[{""pos"":10,""source"":""prem"",""palabra"":""pagarás""},{""pos"":11,""source"":""prem"",""palabra"":""un""},{""pos"":12,""source"":""prem"",""palabra"":""alto""},{""pos"":13,""source"":""prem"",""palabra"":""precio.""},{""pos"":6,""source"":""hyp"",""palabra"":""corporación,""},{""pos"":8,""source"":""hyp"",""palabra"":""costará""}]"
2026-05-28 13:22:46.455198+00,anotador_027,454,3,,,buenos_aires_amba,"[{""pos"":0,""source"":""prem"",""palabra"":""Estos""},{""pos"":1,""source"":""prem"",""palabra"":""es,""},{""pos"":2,""source"":""prem"",""palabra"":""ya""},{""pos"":0,""source"":""hyp"",""palabra"":""¡Estarás""}]"
2026-05-28 13:23:21.705231+00,anotador_027,446,3,,,buenos_aires_amba,[]
2026-05-28 13:23:29.156659+00,anotador_027,227,3,,,buenos_aires_amba,"[{""pos"":6,""source"":""prem"",""palabra"":""cariño,""},{""pos"":15,""source"":""hyp"",""palabra"":""debía""}]"
2026-05-28 13:23:52.03342+00,anotador_027,196,4,,,buenos_aires_amba,"[{""pos"":6,""source"":""hyp"",""palabra"":""cuán""}]"
2026-05-28 13:24:10.239639+00,anotador_261,1079,5,,,buenos_aires_amba,[]
2026-05-28 13:24:17.526545+00,anotador_027,46,3,,,buenos_aires_amba,[]
2026-05-28 13:24:22.034554+00,anotador_027,2144,2,,,buenos_aires_amba,"[{""pos"":6,""source"":""prem"",""palabra"":""adepto""},{""pos"":12,""source"":""prem"",""palabra"":""apreciarás""},{""pos"":8,""source"":""hyp"",""palabra"":""bonitas.""}]"
2026-05-28 13:25:08.190567+00,anotador_027,869,3,,,buenos_aires_amba,"[{""pos"":27,""source"":""prem"",""palabra"":""dándoles""},{""pos"":15,""source"":""prem"",""palabra"":""haciéndoles""}]"
2026-05-28 13:25:36.940633+00,anotador_027,228,2,,,buenos_aires_amba,"[{""pos"":0,""source"":""prem"",""palabra"":""Luego""},{""pos"":9,""source"":""hyp"",""palabra"":""artilugio.""}]"
2026-05-28 13:25:53.026098+00,anotador_027,1981,1,,,buenos_aires_amba,"[{""pos"":4,""source"":""prem"",""palabra"":""lo""},{""pos"":5,""source"":""prem"",""palabra"":""es.""},{""pos"":2,""source"":""hyp"",""palabra"":""consumido""}]"
2026-05-28 13:26:09.844179+00,anotador_027,455,2,,,buenos_aires_amba,"[{""pos"":0,""source"":""prem"",""palabra"":""Estos""},{""pos"":1,""source"":""prem"",""palabra"":""es,""}]"
2026-05-28 13:26:11.08833+00,anotador_253,9999,,,,,"[{""pos"":1,""source"":""hyp"",""palabra"":""Kettering,""}]"
2026-05-28 13:26:22.965829+00,anotador_027,77,3,,,buenos_aires_amba,"[{""pos"":1,""source"":""hyp"",""palabra"":""calcularé""}]"
2026-05-28 13:26:27.010077+00,anotador_261,907,2,,,buenos_aires_amba,"[{""pos"":3,""source"":""prem"",""palabra"":""oír""},{""pos"":17,""source"":""prem"",""palabra"":""música""},{""pos"":18,""source"":""prem"",""palabra"":""country""},{""pos"":1,""source"":""prem"",""palabra"":""acabo""},{""pos"":2,""source"":""prem"",""palabra"":""de""},{""pos"":3,""source"":""hyp"",""palabra"":""música""},{""pos"":4,""source"":""hyp"",""palabra"":""country""}]"
2026-05-28 13:26:35.242493+00,anotador_027,1004,4,,,buenos_aires_amba,[]
2026-05-28 13:26:44.587187+00,anotador_027,289,5,,,buenos_aires_amba,[]
2026-05-28 13:33:36.27192+00,anotador_004,9999,,,,,"[{""pos"":1,""source"":""prem"",""palabra"":""chaval""}]"
2026-05-28 13:33:39.461047+00,anotador_004,9999,1,,,buenos_aires_amba,"[{""pos"":1,""source"":""prem"",""palabra"":""chaval""},{""pos"":0,""source"":""hyp"",""palabra"":""En""},{""pos"":1,""source"":""hyp"",""palabra"":""Kettering,""},{""pos"":2,""source"":""hyp"",""palabra"":""los""},{""pos"":3,""source"":""hyp"",""palabra"":""Wollongong""},{""pos"":4,""source"":""hyp"",""palabra"":""Bears""},{""pos"":5,""source"":""hyp"",""palabra"":""ganaron""},{""pos"":7,""source"":""hyp"",""palabra"":""Tournament""},{""pos"":9,""source"":""hyp"",""palabra"":""Kilimsworth""}]"
2026-05-28 13:34:24.667235+00,anotador_004,438,5,,,buenos_aires_amba,[]
2026-05-28 13:34:52.747663+00,anotador_261,353,5,,,buenos_aires_amba,[]
2026-05-28 14:13:55.731541+00,anotador_247,9999,1,,,buenos_aires_amba,"[{""pos"":10,""source"":""hyp"",""palabra"":""ante""},{""pos"":1,""source"":""prem"",""palabra"":""chaval""},{""pos"":2,""source"":""prem"",""palabra"":""cogió""},{""pos"":4,""source"":""prem"",""palabra"":""móvil""},{""pos"":8,""source"":""prem"",""palabra"":""piso""}]"
2026-05-28 14:14:23.629426+00,anotador_247,1160,3,,,buenos_aires_amba,[]
2026-05-28 14:14:43.404999+00,anotador_247,1024,5,,,buenos_aires_amba,[]
2026-05-28 14:15:03.617192+00,anotador_247,1094,5,,,buenos_aires_amba,[]
2026-05-28 14:15:13.017992+00,anotador_247,1157,4,,,buenos_aires_amba,"[{""pos"":23,""source"":""prem"",""palabra"":""han""},{""pos"":24,""source"":""prem"",""palabra"":""hecho""}]"
2026-05-28 14:15:36.600933+00,anotador_247,4218,3,,,buenos_aires_amba,"[{""pos"":1,""source"":""hyp"",""palabra"":""ha""},{""pos"":2,""source"":""hyp"",""palabra"":""trabajado""}]"
2026-05-28 14:15:58.970755+00,anotador_247,965,4,,,buenos_aires_amba,"[{""pos"":1,""source"":""prem"",""palabra"":""deseando""}]"
2026-05-28 14:16:12.031923+00,anotador_247,4903,3,,,buenos_aires_amba,[]
2026-05-28 14:16:21.453158+00,anotador_247,262,5,,,buenos_aires_amba,[]
2026-05-28 14:16:26.625928+00,anotador_247,933,3,,,buenos_aires_amba,"[{""pos"":0,""source"":""hyp"",""palabra"":""¡Sucede""}]"
2026-05-28 14:16:41.929689+00,anotador_247,502,4,,,buenos_aires_amba,[]
2026-05-28 14:16:48.458284+00,anotador_247,929,5,,,buenos_aires_amba,[]
2026-05-28 14:17:03.915156+00,anotador_247,862,4,,,buenos_aires_amba,[]
2026-05-28 14:17:12.173162+00,anotador_247,522,3,,,buenos_aires_amba,[]
2026-05-28 14:17:51.681571+00,anotador_247,1169,4,,,buenos_aires_amba,[]
2026-05-28 14:17:56.346111+00,anotador_247,494,2,,,buenos_aires_amba,"[{""pos"":2,""source"":""prem"",""palabra"":""suficientemente""},{""pos"":3,""source"":""prem"",""palabra"":""mayor""},{""pos"":2,""source"":""hyp"",""palabra"":""mayor""}]"
2026-05-28 14:18:16.742671+00,anotador_247,1178,3,,,buenos_aires_amba,[]
2026-05-28 14:18:23.408151+00,anotador_247,1175,4,,,buenos_aires_amba,"[{""pos"":15,""source"":""prem"",""palabra"":""se""},{""pos"":16,""source"":""prem"",""palabra"":""los""},{""pos"":17,""source"":""prem"",""palabra"":""llama""}]"
2026-05-28 14:18:46.136969+00,anotador_247,3768,4,,,buenos_aires_amba,"[{""pos"":9,""source"":""prem"",""palabra"":""de""}]"
2026-05-28 14:19:04.783047+00,anotador_247,464,2,,,buenos_aires_amba,"[{""pos"":5,""source"":""hyp"",""palabra"":""le""},{""pos"":6,""source"":""hyp"",""palabra"":""pertenecía""},{""pos"":7,""source"":""hyp"",""palabra"":""a""}]"
2026-05-28 14:41:09.885393+00,anotador_196,9999,,,,,"[{""pos"":1,""source"":""prem"",""palabra"":""chaval""}]"
2026-05-28 14:41:10.617278+00,anotador_196,9999,1,,,,"[{""pos"":1,""source"":""prem"",""palabra"":""chaval""},{""pos"":3,""source"":""hyp"",""palabra"":""Wollongong""},{""pos"":1,""source"":""hyp"",""palabra"":""Kettering,""},{""pos"":4,""source"":""hyp"",""palabra"":""Bears""},{""pos"":4,""source"":""prem"",""palabra"":""móvil""},{""pos"":6,""source"":""prem"",""palabra"":""buscó""}]"
2026-05-28 14:43:05.911128+00,anotador_161,9999,1,,,buenos_aires_amba,[]
2026-05-28 14:44:00.176016+00,anotador_161,1026,4,,,buenos_aires_amba,"[{""pos"":16,""source"":""prem"",""palabra"":""son""}]"
2026-05-28 14:44:15.642643+00,anotador_161,263,5,,,buenos_aires_amba,[]
2026-05-28 14:44:35.788364+00,anotador_161,186,,,,,"[{""pos"":34,""source"":""prem"",""palabra"":""bebiendo""}]"
2026-05-28 14:44:36.031+00,anotador_161,186,3,,,buenos_aires_amba,"[{""pos"":34,""source"":""prem"",""palabra"":""bebiendo""},{""pos"":2,""source"":""hyp"",""palabra"":""bebieron""},{""pos"":6,""source"":""hyp"",""palabra"":""champaña.""}]"
2026-05-28 14:44:56.043586+00,anotador_161,3835,2,,,buenos_aires_amba,[]
2026-05-28 14:45:03.253493+00,anotador_131,9999,1,,,buenos_aires_amba,"[{""pos"":1,""source"":""prem"",""palabra"":""chaval""},{""pos"":4,""source"":""prem"",""palabra"":""móvil""},{""pos"":11,""source"":""prem"",""palabra"":""luego""},{""pos"":2,""source"":""prem"",""palabra"":""cogió""},{""pos"":7,""source"":""hyp"",""palabra"":""Tournament""},{""pos"":8,""source"":""hyp"",""palabra"":""of""},{""pos"":10,""source"":""hyp"",""palabra"":""ante""},{""pos"":1,""source"":""hyp"",""palabra"":""Kettering,""},{""pos"":3,""source"":""hyp"",""palabra"":""Wollongong""},{""pos"":4,""source"":""hyp"",""palabra"":""Bears""},{""pos"":9,""source"":""hyp"",""palabra"":""Kilimsworth""}]"
2026-05-28 14:45:13.066819+00,anotador_161,304,4,,,buenos_aires_amba,[]
2026-05-28 14:45:24.436667+00,anotador_161,2630,5,,,buenos_aires_amba,[]
2026-05-28 14:45:37.87748+00,anotador_161,1143,1,,,buenos_aires_amba,[]
2026-05-28 14:45:50.621423+00,anotador_131,925,3,,,buenos_aires_amba,"[{""pos"":9,""source"":""hyp"",""palabra"":""cestas""},{""pos"":11,""source"":""hyp"",""palabra"":""lavandería.""}]"
2026-05-28 14:45:56.018149+00,anotador_161,527,3,,,buenos_aires_amba,[]
2026-05-28 14:46:03.024043+00,anotador_161,141,3,,,buenos_aires_amba,[]
2026-05-28 14:46:20.208363+00,anotador_161,4649,1,,,buenos_aires_amba,[]
2026-05-28 14:46:33.366254+00,anotador_161,993,4,,,buenos_aires_amba,[]
2026-05-28 14:46:54.993266+00,anotador_004,950,1,,,buenos_aires_amba,"[{""pos"":3,""source"":""prem"",""palabra"":""Texas""},{""pos"":4,""source"":""hyp"",""palabra"":""Texas.""}]"
2026-05-28 14:47:02.992276+00,anotador_004,270,5,,,buenos_aires_amba,[]
2026-05-28 14:47:12.712253+00,anotador_004,472,5,,,buenos_aires_amba,[]
2026-05-28 14:47:27.280186+00,anotador_004,3538,4,"Está ok solo podria, Pondría dieciocho pesos y en el caso de usar números $18 el símbolo antes como en la segunda frase ",,buenos_aires_amba,"[{""pos"":10,""source"":""prem"",""palabra"":""$.""},{""pos"":9,""source"":""prem"",""palabra"":""18""},{""pos"":5,""source"":""hyp"",""palabra"":""$18,""}]"
2026-05-28 14:47:45.840065+00,anotador_131,161,2,,,buenos_aires_amba,"[{""pos"":14,""source"":""prem"",""palabra"":""lo""},{""pos"":15,""source"":""prem"",""palabra"":""estás""},{""pos"":16,""source"":""prem"",""palabra"":""haciendo""},{""pos"":3,""source"":""prem"",""palabra"":""solía""}]"
2026-05-28 14:48:34.851778+00,anotador_004,3357,3,,,buenos_aires_amba,"[{""pos"":6,""source"":""prem"",""palabra"":""Slahi""},{""pos"":13,""source"":""hyp"",""palabra"":""Slahi.""}]"
2026-05-28 14:48:49.178663+00,anotador_131,973,2,"""pensaría"" debería ser reemplazada por ""pensará""",,buenos_aires_amba,"[{""pos"":5,""source"":""prem"",""palabra"":""pensaría,""},{""pos"":4,""source"":""hyp"",""palabra"":""aterradora,""},{""pos"":9,""source"":""hyp"",""palabra"":""ocurren""}]"
2026-05-28 14:48:50.484035+00,anotador_004,443,4,Solo la ubicación ,,buenos_aires_amba,"[{""pos"":14,""source"":""prem"",""palabra"":""Concord,""},{""pos"":8,""source"":""hyp"",""palabra"":""Concord.""}]"
2026-05-28 14:49:18.149643+00,anotador_004,842,5,,,buenos_aires_amba,[]
2026-05-28 14:49:26.684642+00,anotador_004,1117,5,,,buenos_aires_amba,[]
2026-05-28 14:49:28.853575+00,anotador_004,784,5,,,buenos_aires_amba,[]
2026-05-28 14:49:35.038558+00,anotador_004,898,5,,,buenos_aires_amba,[]
2026-05-28 14:49:40.55722+00,anotador_004,1123,5,,,buenos_aires_amba,[]
2026-05-28 14:49:49.97361+00,anotador_004,492,5,,,buenos_aires_amba,[]
2026-05-28 14:49:54.010873+00,anotador_004,564,5,,,buenos_aires_amba,[]
2026-05-28 14:50:02.581984+00,anotador_004,824,5,,,buenos_aires_amba,[]
2026-05-28 14:50:14.148451+00,anotador_004,469,5,,,buenos_aires_amba,[]
2026-05-28 14:50:22.283757+00,anotador_131,910,4,"No sé si usaría el voseo para una oración que contiene ""fue un placer"" o ""fue un gusto""",,buenos_aires_amba,[]
2026-05-28 14:50:24.640281+00,anotador_004,975,5,,,buenos_aires_amba,[]
2026-05-28 14:50:34.950717+00,anotador_004,844,5,,,buenos_aires_amba,[]
2026-05-28 14:50:44.976774+00,anotador_004,114,5,,,buenos_aires_amba,[]
2026-05-28 14:51:11.640741+00,anotador_043,9999,1,Loca iones y algunas palabras en la primera oración ,,buenos_aires_amba,"[{""pos"":1,""source"":""prem"",""palabra"":""chaval""},{""pos"":2,""source"":""prem"",""palabra"":""cogió""},{""pos"":1,""source"":""hyp"",""palabra"":""Kettering,""},{""pos"":3,""source"":""hyp"",""palabra"":""Wollongong""},{""pos"":4,""source"":""hyp"",""palabra"":""Bears""},{""pos"":5,""source"":""hyp"",""palabra"":""ganaron""},{""pos"":7,""source"":""hyp"",""palabra"":""Tournament""},{""pos"":9,""source"":""hyp"",""palabra"":""Kilimsworth""}]"
2026-05-28 14:52:01.519857+00,anotador_043,1145,5,,,buenos_aires_amba,[]
2026-05-28 14:52:07.016765+00,anotador_131,1086,2,,,buenos_aires_amba,"[{""pos"":2,""source"":""hyp"",""palabra"":""ocasionalmente""},{""pos"":5,""source"":""prem"",""palabra"":""con""},{""pos"":6,""source"":""prem"",""palabra"":""moderación""}]"
2026-05-28 14:52:07.132548+00,anotador_043,338,5,,,buenos_aires_amba,[]
2026-05-28 14:52:12.472658+00,anotador_043,1450,5,,,buenos_aires_amba,[]
2026-05-28 14:52:17.517104+00,anotador_043,244,5,,,buenos_aires_amba,[]
2026-05-28 14:52:25.437279+00,anotador_043,444,3,Solonlasnlocaciones ,,buenos_aires_amba,"[{""pos"":16,""source"":""prem"",""palabra"":""Kadina,""},{""pos"":18,""source"":""prem"",""palabra"":""Okinawa,""}]"
2026-05-28 14:52:40.797287+00,anotador_043,1029,5,,,buenos_aires_amba,"[{""pos"":3,""source"":""prem"",""palabra"":""Wittgenstein""}]"
2026-05-28 14:52:45.955461+00,anotador_131,239,2,"""light"" mal traducido?",,buenos_aires_amba,"[{""pos"":3,""source"":""hyp"",""palabra"":""ligera""}]"
2026-05-28 14:53:12.031065+00,anotador_043,957,5,,,buenos_aires_amba,[]
2026-05-28 14:53:20.799446+00,anotador_261,1009,4,"quizá matemático joven brillante diriamos nosotros?
",,buenos_aires_amba,"[{""pos"":4,""source"":""prem"",""palabra"":""joven""}]"
2026-05-28 14:53:22.483208+00,anotador_043,837,5,,,buenos_aires_amba,[]
2026-05-28 14:53:24.664656+00,anotador_043,336,5,,,buenos_aires_amba,[]
2026-05-28 14:53:28.024697+00,anotador_043,3989,5,,,buenos_aires_amba,[]
2026-05-28 14:53:36.395736+00,anotador_043,335,5,,,buenos_aires_amba,[]
2026-05-28 14:53:42.304842+00,anotador_043,1107,,,,,"[{""pos"":0,""source"":""prem"",""palabra"":""Dennett""}]"
2026-05-28 14:53:44.954936+00,anotador_043,1107,3,Nombre que no suena argento ,,buenos_aires_amba,"[{""pos"":0,""source"":""prem"",""palabra"":""Dennett""},{""pos"":0,""source"":""hyp"",""palabra"":""Dennett""}]"
2026-05-28 14:54:23.061405+00,anotador_043,516,5,,,buenos_aires_amba,[]
2026-05-28 14:54:26.621636+00,anotador_043,543,5,,,buenos_aires_amba,[]
2026-05-28 14:54:31.031766+00,anotador_043,892,5,,,buenos_aires_amba,[]
2026-05-28 14:54:34.657991+00,anotador_043,3580,5,,,buenos_aires_amba,[]
2026-05-28 14:54:39.028562+00,anotador_043,484,3,Si es un nombre 👎🏼 si es apellido da lo mismo ,,buenos_aires_amba,"[{""pos"":7,""source"":""prem"",""palabra"":""Faulk,""}]"
2026-05-28 14:54:43.901519+00,anotador_261,52,5,,,buenos_aires_amba,[]
2026-05-28 14:55:41.602557+00,anotador_131,4740,1,,,buenos_aires_amba,"[{""pos"":10,""source"":""hyp"",""palabra"":""impedimento""},{""pos"":11,""source"":""hyp"",""palabra"":""al""},{""pos"":15,""source"":""hyp"",""palabra"":""permitió""},{""pos"":16,""source"":""hyp"",""palabra"":""expresarlo""},{""pos"":11,""source"":""prem"",""palabra"":""citaron""}]"
2026-05-28 14:55:59.370821+00,anotador_043,876,3,Los colectivos usan disel o funcionan con ,,buenos_aires_amba,"[{""pos"":13,""source"":""prem"",""palabra"":""los""},{""pos"":14,""source"":""prem"",""palabra"":""colectivos""},{""pos"":15,""source"":""prem"",""palabra"":""con""},{""pos"":16,""source"":""prem"",""palabra"":""el""},{""pos"":17,""source"":""prem"",""palabra"":""diésel,""}]"
2026-05-28 14:56:22.639206+00,anotador_131,344,2,,,buenos_aires_amba,"[{""pos"":11,""source"":""prem"",""palabra"":""tómalo""},{""pos"":15,""source"":""prem"",""palabra"":""da,""},{""pos"":16,""source"":""prem"",""palabra"":""da,""},{""pos"":17,""source"":""prem"",""palabra"":""da,""},{""pos"":18,""source"":""prem"",""palabra"":""da,""},{""pos"":19,""source"":""prem"",""palabra"":""da.""},{""pos"":8,""source"":""prem"",""palabra"":""siguiente""}]"
2026-05-28 14:56:37.029877+00,anotador_043,1124,3,,,buenos_aires_amba,[]
2026-05-28 14:56:45.035717+00,anotador_105,9999,1,"Chaval, cogio y movil. Seria pibe, agarro y telefono",,buenos_aires_interior,"[{""pos"":1,""source"":""prem"",""palabra"":""chaval""},{""pos"":2,""source"":""prem"",""palabra"":""cogió""},{""pos"":4,""source"":""prem"",""palabra"":""móvil""},{""pos"":8,""source"":""prem"",""palabra"":""piso""}]"
2026-05-28 14:57:10.133964+00,anotador_131,237,3,,,buenos_aires_amba,[]
2026-05-28 14:57:13.924237+00,anotador_131,615,3,,,buenos_aires_amba,[]
2026-05-28 14:57:44.905283+00,anotador_131,839,2,,,buenos_aires_amba,"[{""pos"":0,""source"":""prem"",""palabra"":""sabés,""},{""pos"":19,""source"":""prem"",""palabra"":""sabés""},{""pos"":14,""source"":""hyp"",""palabra"":""introduzca.""},{""pos"":6,""source"":""hyp"",""palabra"":""contener""}]"
2026-05-28 14:58:07.716315+00,anotador_105,390,4,Algun lunfardo,,buenos_aires_interior,[]
2026-05-28 14:58:28.964875+00,anotador_105,956,4,Apodo en lugar de acortamiento,,buenos_aires_interior,"[{""pos"":8,""source"":""prem"",""palabra"":""acortamiento""}]"
2026-05-28 14:59:00.717901+00,anotador_131,1144,3,,,buenos_aires_amba,[]
2026-05-28 14:59:06.896569+00,anotador_105,42,4,Algun lunfardo,,buenos_aires_interior,[]
2026-05-28 14:59:25.281366+00,anotador_105,145,4,,,buenos_aires_interior,[]
2026-05-28 14:59:35.074094+00,anotador_105,822,3,Parece,,buenos_aires_interior,"[{""pos"":1,""source"":""hyp"",""palabra"":""asemeja""}]"
2026-05-28 14:59:36.319932+00,anotador_131,54,2,,,buenos_aires_amba,"[{""pos"":9,""source"":""hyp"",""palabra"":""los""}]"
2026-05-28 14:59:50.142136+00,anotador_105,611,4,,,buenos_aires_interior,[]
2026-05-28 14:59:59.359812+00,anotador_131,903,2,,,buenos_aires_amba,"[{""pos"":2,""source"":""hyp"",""palabra"":""lo""},{""pos"":3,""source"":""hyp"",""palabra"":""necesitarás""}]"
2026-05-28 15:00:05.224607+00,anotador_105,1161,4,Quizas decir peluqueria en lugar de barberia,,buenos_aires_interior,[]
2026-05-28 15:00:35.369502+00,anotador_131,437,4,,,buenos_aires_amba,[]
2026-05-28 15:00:49.640923+00,anotador_105,1073,4,Algun lunfardo,,buenos_aires_interior,[]
2026-05-28 15:01:03.997918+00,anotador_105,1019,4,,,buenos_aires_interior,[]
2026-05-28 15:01:28.487569+00,anotador_131,3975,4,,,buenos_aires_amba,[]
2026-05-28 15:01:38.208973+00,anotador_105,1183,3,,,buenos_aires_interior,[]
2026-05-28 15:01:47.636628+00,anotador_131,604,,,,,"[{""pos"":13,""source"":""prem"",""palabra"":""pero""}]"
2026-05-28 15:01:48.155985+00,anotador_131,604,2,,,buenos_aires_amba,"[{""pos"":14,""source"":""prem"",""palabra"":""voy""},{""pos"":15,""source"":""prem"",""palabra"":""a,""}]"
2026-05-28 15:01:49.01628+00,anotador_105,1137,4,,,buenos_aires_interior,[]
2026-05-28 15:01:57.904509+00,anotador_105,134,4,,,buenos_aires_interior,[]
2026-05-28 15:02:11.781755+00,anotador_105,776,4,,,buenos_aires_interior,[]
2026-05-28 15:02:12.561657+00,anotador_131,403,3,,,buenos_aires_amba,[]
2026-05-28 15:02:15.285148+00,anotador_131,1980,2,,,buenos_aires_amba,"[{""pos"":1,""source"":""prem"",""palabra"":""bebedor""},{""pos"":4,""source"":""prem"",""palabra"":""lo""},{""pos"":5,""source"":""prem"",""palabra"":""es.""}]"
2026-05-28 15:02:20.884211+00,anotador_105,919,3,Voy a intentar,,buenos_aires_interior,"[{""pos"":2,""source"":""prem"",""palabra"":""intentaré""}]"
2026-05-28 15:02:41.58705+00,anotador_105,1131,4,,,buenos_aires_interior,[]
2026-05-28 15:02:48.068741+00,anotador_105,215,5,Acá en lugar de aquí suena argentino,,buenos_aires_interior,[]
2026-05-28 15:03:11.774952+00,anotador_105,411,3,No es tan usado ,,buenos_aires_interior,"[{""pos"":3,""source"":""prem"",""palabra"":""superdivertido.""}]"
2026-05-28 15:03:37.240415+00,anotador_105,740,4,,,buenos_aires_interior,[]
2026-05-28 15:03:45.520665+00,anotador_105,397,4,,,buenos_aires_interior,[]
2026-05-28 19:20:10.405728+00,anotador_179,9999,2,,,buenos_aires_amba,"[{""pos"":2,""source"":""prem"",""palabra"":""cogió""},{""pos"":1,""source"":""prem"",""palabra"":""chaval""},{""pos"":4,""source"":""prem"",""palabra"":""móvil""},{""pos"":8,""source"":""prem"",""palabra"":""piso""},{""pos"":7,""source"":""hyp"",""palabra"":""Tournament""},{""pos"":9,""source"":""hyp"",""palabra"":""Kilimsworth""},{""pos"":1,""source"":""hyp"",""palabra"":""Kettering,""},{""pos"":3,""source"":""hyp"",""palabra"":""Wollongong""},{""pos"":4,""source"":""hyp"",""palabra"":""Bears""},{""pos"":13,""source"":""hyp"",""palabra"":""fans.""}]"
2026-05-28 19:20:54.676633+00,anotador_179,535,5,,,buenos_aires_amba,[]
2026-05-28 19:20:58.993992+00,anotador_179,1140,4,,,buenos_aires_amba,[]
2026-05-28 19:21:15.014702+00,anotador_179,770,3,,,buenos_aires_amba,"[{""pos"":5,""source"":""prem"",""palabra"":""he""},{""pos"":6,""source"":""prem"",""palabra"":""oído""},{""pos"":5,""source"":""hyp"",""palabra"":""escuchado""},{""pos"":4,""source"":""hyp"",""palabra"":""he""}]"
2026-05-28 19:23:58.564021+00,anotador_179,1069,4,,,buenos_aires_amba,[]
2026-05-28 19:24:04.350295+00,anotador_179,517,4,,,buenos_aires_amba,"[{""pos"":11,""source"":""prem"",""palabra"":""equiparte,""}]"
2026-05-28 19:26:04.276686+00,anotador_179,406,3,,,buenos_aires_amba,[]
2026-05-28 19:26:17.821064+00,anotador_179,745,3,,,buenos_aires_amba,[]
2026-05-28 19:26:23.890424+00,anotador_179,142,5,,,buenos_aires_amba,[]
2026-05-28 19:27:13.65398+00,anotador_179,43,2,,,buenos_aires_amba,[]
2026-05-28 19:30:55.383212+00,anotador_179,1113,4,,,buenos_aires_amba,[]
2026-05-28 19:31:07.756753+00,anotador_179,603,4,,,buenos_aires_amba,[]
2026-05-28 19:31:44.549342+00,anotador_179,780,2,,,buenos_aires_amba,"[{""pos"":15,""source"":""prem"",""palabra"":""compras""}]"
2026-05-28 19:33:44.841758+00,anotador_179,71,4,,,buenos_aires_amba,[]
2026-05-28 19:34:07.00341+00,anotador_179,445,4,,,buenos_aires_amba,[]
2026-05-28 19:34:16.216864+00,anotador_179,240,2,chocolatada,,buenos_aires_amba,"[{""pos"":7,""source"":""hyp"",""palabra"":""con""},{""pos"":8,""source"":""hyp"",""palabra"":""chocolate""},{""pos"":6,""source"":""hyp"",""palabra"":""leche""},{""pos"":13,""source"":""prem"",""palabra"":""leche""},{""pos"":14,""source"":""prem"",""palabra"":""con""},{""pos"":15,""source"":""prem"",""palabra"":""chocolate""}]"
2026-05-28 19:35:07.174679+00,anotador_131,1692,2,,,buenos_aires_amba,"[{""pos"":0,""source"":""hyp"",""palabra"":""Han""},{""pos"":1,""source"":""hyp"",""palabra"":""matado""}]"
2026-05-28 19:35:55.166101+00,anotador_179,386,4,,,buenos_aires_amba,[]
2026-05-28 19:36:01.524641+00,anotador_179,190,4,,,buenos_aires_amba,[]
2026-05-28 19:36:07.624203+00,anotador_179,749,3,,,buenos_aires_amba,[]
2026-05-28 19:36:16.266799+00,anotador_179,851,4,,,buenos_aires_amba,[]
2026-05-28 19:36:31.017167+00,anotador_131,855,4,,,buenos_aires_amba,[]
2026-05-28 19:36:50.185794+00,anotador_131,367,3,,,buenos_aires_amba,"[{""pos"":5,""source"":""hyp"",""palabra"":""sucedido.""}]"
2026-05-28 19:37:02.224377+00,anotador_131,339,2,,,buenos_aires_amba,"[{""pos"":11,""source"":""prem"",""palabra"":""luego""}]"
2026-05-28 19:37:32.089534+00,anotador_131,476,3,,,buenos_aires_amba,"[{""pos"":5,""source"":""hyp"",""palabra"":""realizara""}]"
2026-05-28 19:37:41.531304+00,anotador_179,831,4,,,buenos_aires_amba,[]
2026-05-28 19:37:48.224729+00,anotador_131,363,3,,,buenos_aires_amba,[]
2026-05-28 19:37:51.740737+00,anotador_131,512,2,,,buenos_aires_amba,"[{""pos"":1,""source"":""prem"",""palabra"":""chico,""},{""pos"":6,""source"":""hyp"",""palabra"":""extraño""}]"
2026-05-28 19:38:11.224715+00,anotador_131,74,3,,,buenos_aires_amba,[]
2026-05-28 19:38:17.518161+00,anotador_131,1081,2,Niña ,,buenos_aires_amba,"[{""pos"":3,""source"":""hyp"",""palabra"":""niña.""},{""pos"":2,""source"":""prem"",""palabra"":""niña,""}]"
2026-05-28 19:38:53.44024+00,anotador_179,602,5,,,buenos_aires_amba,[]
2026-05-28 19:39:10.427267+00,anotador_131,61,3,,,buenos_aires_amba,[]
2026-05-28 19:39:25.187854+00,anotador_131,552,5,,,buenos_aires_amba,[]
2026-05-28 19:39:41.555548+00,anotador_179,430,4,,,buenos_aires_amba,[]
2026-05-28 19:39:45.994872+00,anotador_179,1967,5,,,buenos_aires_amba,[]
2026-05-28 19:39:52.750686+00,anotador_131,755,4,,,buenos_aires_amba,"[{""pos"":2,""source"":""hyp"",""palabra"":""especialista""}]"
2026-05-28 19:40:01.46819+00,anotador_131,80,3,,,buenos_aires_amba,"[{""pos"":6,""source"":""prem"",""palabra"":""recuerdo""},{""pos"":15,""source"":""prem"",""palabra"":""rostro,""}]"
2026-05-28 19:40:01.638494+00,anotador_179,238,2,,,buenos_aires_amba,"[{""pos"":7,""source"":""hyp"",""palabra"":""afroamericana.""},{""pos"":6,""source"":""prem"",""palabra"":""clara.""},{""pos"":4,""source"":""hyp"",""palabra"":""clara""},{""pos"":3,""source"":""hyp"",""palabra"":""piel""},{""pos"":5,""source"":""prem"",""palabra"":""piel""}]"
2026-05-28 19:40:33.069057+00,anotador_131,251,3,,,buenos_aires_amba,[]
2026-05-28 19:40:35.03025+00,anotador_179,793,4,,,buenos_aires_amba,[]
2026-05-28 19:40:40.209667+00,anotador_131,268,2,Acabado,,buenos_aires_amba,"[{""pos"":7,""source"":""prem"",""palabra"":""acabado.""}]"
2026-05-28 19:41:01.555148+00,anotador_131,983,3,A gusto,,buenos_aires_amba,"[{""pos"":1,""source"":""hyp"",""palabra"":""a""},{""pos"":2,""source"":""hyp"",""palabra"":""gusto""}]"
2026-05-28 19:41:13.005278+00,anotador_131,1064,2,No usamos voz pasiva,,buenos_aires_amba,"[{""pos"":9,""source"":""prem"",""palabra"":""aquellos""},{""pos"":2,""source"":""hyp"",""palabra"":""fue""},{""pos"":3,""source"":""hyp"",""palabra"":""utilizado""}]"
2026-05-28 19:42:13.726842+00,anotador_179,921,4,,,buenos_aires_amba,[]
2026-05-28 19:42:18.338927+00,anotador_179,2421,3,,,buenos_aires_amba,"[{""pos"":4,""source"":""hyp"",""palabra"":""ocupa""}]"
2026-05-28 19:42:26.471173+00,anotador_179,991,2,,,buenos_aires_amba,"[{""pos"":5,""source"":""prem"",""palabra"":""acre,""},{""pos"":3,""source"":""hyp"",""palabra"":""bromear""},{""pos"":10,""source"":""hyp"",""palabra"":""pie""},{""pos"":11,""source"":""hyp"",""palabra"":""cuadrado""}]"
2026-05-28 19:42:41.419215+00,anotador_131,2424,3,,,buenos_aires_amba,[]
2026-05-28 19:42:45.151158+00,anotador_131,76,2,,,buenos_aires_amba,"[{""pos"":0,""source"":""prem"",""palabra"":""De""},{""pos"":1,""source"":""prem"",""palabra"":""manera""},{""pos"":20,""source"":""hyp"",""palabra"":""entuerto.""}]"
2026-05-28 19:43:14.178012+00,anotador_179,32,4,,,buenos_aires_amba,[]
2026-05-28 19:43:15.761123+00,anotador_131,1146,3,,,buenos_aires_amba,[]
2026-05-28 19:43:20.417774+00,anotador_179,1048,3,,,buenos_aires_amba,"[{""pos"":5,""source"":""hyp"",""palabra"":""tumultuosos.""}]"
2026-05-28 19:43:24.939508+00,anotador_131,856,4,,,buenos_aires_amba,[]
2026-05-28 19:43:25.317138+00,anotador_179,252,1,,,buenos_aires_amba,"[{""pos"":2,""source"":""prem"",""palabra"":""oírme?""},{""pos"":0,""source"":""hyp"",""palabra"":""¿Podés""},{""pos"":1,""source"":""hyp"",""palabra"":""oírme""}]"
2026-05-28 19:43:42.271689+00,anotador_179,475,5,,,buenos_aires_amba,[]
2026-05-28 19:43:47.440476+00,anotador_179,330,4,,,buenos_aires_amba,[]
2026-05-28 19:43:52.958923+00,anotador_179,160,4,,,buenos_aires_amba,[]
2026-05-28 19:43:57.206804+00,anotador_179,495,4,,,buenos_aires_amba,[]
2026-05-28 19:44:03.912939+00,anotador_179,182,3,,,buenos_aires_amba,[]
2026-05-28 19:44:09.411176+00,anotador_179,1783,3,,,buenos_aires_amba,[]
2026-05-28 19:44:17.835292+00,anotador_179,396,4,,,buenos_aires_amba,[]
2026-05-28 19:44:24.498556+00,anotador_179,315,2,,,buenos_aires_amba,"[{""pos"":15,""source"":""prem"",""palabra"":""Air""},{""pos"":16,""source"":""prem"",""palabra"":""Force""},{""pos"":17,""source"":""prem"",""palabra"":""Base,""},{""pos"":14,""source"":""prem"",""palabra"":""Laughlin""}]"
2026-05-28 19:44:36.238219+00,anotador_179,905,3,,,buenos_aires_amba,"[{""pos"":2,""source"":""hyp"",""palabra"":""necesitarás""}]"
2026-05-28 19:45:00.510456+00,anotador_131,371,4,,,buenos_aires_amba,[]
2026-05-28 19:45:01.961437+00,anotador_179,4703,4,,,buenos_aires_amba,[]
2026-05-28 19:45:09.264161+00,anotador_179,524,4,,,buenos_aires_amba,[]
2026-05-28 19:45:10.945076+00,anotador_131,576,2,,,buenos_aires_amba,"[{""pos"":13,""source"":""prem"",""palabra"":""encendimos""},{""pos"":22,""source"":""prem"",""palabra"":""mofeta""}]"
2026-05-28 19:45:15.96569+00,anotador_179,295,3,,,buenos_aires_amba,[]
2026-05-28 19:45:21.981084+00,anotador_179,351,4,,,buenos_aires_amba,[]
2026-05-28 19:45:25.216585+00,anotador_179,209,3,,,buenos_aires_amba,[]
2026-05-28 19:45:29.687753+00,anotador_179,140,3,,,buenos_aires_amba,[]
2026-05-28 19:45:34.328347+00,anotador_179,967,3,,,buenos_aires_amba,[]
2026-05-28 19:45:37.270761+00,anotador_131,258,3,,,buenos_aires_amba,"[{""pos"":5,""source"":""prem"",""palabra"":""fraguó""}]"
2026-05-28 19:45:44.069012+00,anotador_131,360,3,,,buenos_aires_amba,[]
2026-05-28 19:45:45.380376+00,anotador_179,545,4,,,buenos_aires_amba,[]
2026-05-28 19:46:03.210142+00,anotador_179,48,2,,,buenos_aires_amba,"[{""pos"":16,""source"":""prem"",""palabra"":""porche.""},{""pos"":6,""source"":""hyp"",""palabra"":""porche,""}]"
2026-05-28 19:46:07.128701+00,anotador_131,1152,3,Voz pasiva,,buenos_aires_amba,"[{""pos"":3,""source"":""hyp"",""palabra"":""desaparecido""},{""pos"":2,""source"":""hyp"",""palabra"":""ha""}]"
2026-05-28 19:46:20.279315+00,anotador_179,116,4,,,buenos_aires_amba,[]
2026-05-28 19:46:30.457057+00,anotador_179,398,3,,,buenos_aires_amba,[]
2026-05-28 19:46:34.131855+00,anotador_179,923,3,,,buenos_aires_amba,[]
2026-05-28 19:46:49.795983+00,anotador_179,802,2,,,buenos_aires_amba,[]
2026-05-28 19:46:53.476892+00,anotador_131,889,4,,,buenos_aires_amba,[]
2026-05-28 19:47:00.417918+00,anotador_179,229,3,,,buenos_aires_amba,[]
2026-05-28 19:47:07.484792+00,anotador_179,605,4,,,buenos_aires_amba,[]
2026-05-28 19:47:09.18643+00,anotador_131,34,5,,,buenos_aires_amba,[]
2026-05-28 19:47:16.097681+00,anotador_179,2535,2,,,buenos_aires_amba,[]
2026-05-28 19:47:18.817952+00,anotador_131,961,3,No usamos ese futuro nunca,,buenos_aires_amba,"[{""pos"":10,""source"":""prem"",""palabra"":""pagarás""}]"
2026-05-28 19:47:25.324546+00,anotador_179,294,4,,,,[]
2026-05-28 19:47:25.516722+00,anotador_179,294,4,,,buenos_aires_amba,[]
2026-05-28 19:47:34.310623+00,anotador_179,132,4,,,buenos_aires_amba,[]
2026-05-28 19:47:39.911002+00,anotador_179,559,2,,,buenos_aires_amba,"[{""pos"":16,""source"":""prem"",""palabra"":""manzanas""}]"
2026-05-28 19:47:51.428539+00,anotador_179,1110,2,,,buenos_aires_amba,[]
2026-05-28 19:48:06.139996+00,anotador_131,895,3,,,buenos_aires_amba,"[{""pos"":3,""source"":""prem"",""palabra"":""vistazo""}]"
2026-05-28 19:48:19.568571+00,anotador_131,272,4,,,buenos_aires_amba,[]
2026-05-28 19:50:15.619274+00,anotador_131,827,4,,,buenos_aires_amba,[]
2026-05-28 19:50:25.198845+00,anotador_131,188,2,,,buenos_aires_amba,"[{""pos"":23,""source"":""prem"",""palabra"":""beben""},{""pos"":34,""source"":""prem"",""palabra"":""bebiendo""}]"
2026-05-28 19:50:49.09532+00,anotador_131,865,4,,,buenos_aires_amba,[]
2026-05-28 19:50:52.197921+00,anotador_131,230,2,,,buenos_aires_amba,"[{""pos"":0,""source"":""prem"",""palabra"":""Luego""},{""pos"":7,""source"":""prem"",""palabra"":""genial.""}]"
2026-05-28 19:51:05.561378+00,anotador_131,415,2,"""Ya sabés"" sería mejor",,buenos_aires_amba,"[{""pos"":11,""source"":""prem"",""palabra"":""sabes.""},{""pos"":10,""source"":""prem"",""palabra"":""ya""},{""pos"":22,""source"":""prem"",""palabra"":""ella.""},{""pos"":21,""source"":""prem"",""palabra"":""en""}]"
2026-05-28 19:52:49.817813+00,anotador_131,269,2,,,buenos_aires_amba,[]
2026-05-28 19:52:56.387611+00,anotador_131,1027,3,,,buenos_aires_amba,[]
2026-05-28 19:53:03.663689+00,anotador_131,1141,4,,,buenos_aires_amba,[]
2026-05-28 19:53:11.597454+00,anotador_131,2422,3,,,buenos_aires_amba,[]
2026-05-28 19:53:16.789071+00,anotador_131,439,3,,,buenos_aires_amba,[]
2026-05-28 19:53:36.030645+00,anotador_131,3299,3,,,buenos_aires_amba,[]
2026-05-28 19:53:52.21602+00,anotador_131,441,3,,,buenos_aires_amba,[]
2026-05-28 19:54:01.256026+00,anotador_131,575,4,,,buenos_aires_amba,[]
2026-05-28 19:54:12.594527+00,anotador_131,821,4,,,buenos_aires_amba,[]
2026-05-28 19:54:21.206028+00,anotador_131,448,2,,,buenos_aires_amba,"[{""pos"":9,""source"":""hyp"",""palabra"":""acabar""}]"
2026-05-28 19:54:28.163292+00,anotador_131,328,3,,,buenos_aires_amba,[]
2026-05-28 19:54:32.684611+00,anotador_131,248,3,,,buenos_aires_amba,[]
2026-05-28 19:54:38.049845+00,anotador_131,572,4,,,buenos_aires_amba,[]
2026-05-28 19:54:51.573847+00,anotador_131,296,2,,,buenos_aires_amba,"[{""pos"":0,""source"":""hyp"",""palabra"":""En""},{""pos"":2,""source"":""hyp"",""palabra"":""noche""},{""pos"":1,""source"":""hyp"",""palabra"":""la""}]"
2026-05-28 19:55:07.338865+00,anotador_131,4060,3,,,buenos_aires_amba,[]
2026-05-28 19:55:40.145316+00,anotador_131,557,2,,,buenos_aires_amba,"[{""pos"":6,""source"":""prem"",""palabra"":""fregona""},{""pos"":6,""source"":""hyp"",""palabra"":""trapeador.""}]"
2026-05-28 19:55:49.623424+00,anotador_131,1078,3,,,buenos_aires_amba,[]
2026-05-28 19:55:55.120152+00,anotador_131,594,4,,,buenos_aires_amba,[]
2026-05-28 19:56:04.928566+00,anotador_131,836,3,,,buenos_aires_amba,[]
2026-05-28 19:56:10.397757+00,anotador_131,861,3,,,buenos_aires_amba,"[{""pos"":18,""source"":""prem"",""palabra"":""tiendas""},{""pos"":1,""source"":""hyp"",""palabra"":""tiendas""}]"
2026-05-28 20:13:16.098268+00,anotador_261,1101,5,,,buenos_aires_amba,[]
2026-05-28 23:49:45.709467+00,anotador_156,9999,1,,,buenos_aires_amba,"[{""pos"":1,""source"":""prem"",""palabra"":""chaval""},{""pos"":2,""source"":""prem"",""palabra"":""cogió""},{""pos"":1,""source"":""hyp"",""palabra"":""Kettering,""}]"
2026-05-29 00:35:36.778599+00,anotador_028,9999,1,,,buenos_aires_amba,"[{""pos"":1,""source"":""prem"",""palabra"":""chaval""},{""pos"":2,""source"":""prem"",""palabra"":""cogió""},{""pos"":4,""source"":""prem"",""palabra"":""móvil""},{""pos"":11,""source"":""prem"",""palabra"":""luego""},{""pos"":7,""source"":""hyp"",""palabra"":""Tournament""},{""pos"":8,""source"":""hyp"",""palabra"":""of""},{""pos"":10,""source"":""hyp"",""palabra"":""ante""}]"
2026-05-29 00:36:21.340078+00,anotador_028,217,5,,,buenos_aires_amba,[]
2026-05-29 00:37:03.922843+00,anotador_028,317,3,"usamos ""después"" en lugar de ""luego""",,buenos_aires_amba,"[{""pos"":8,""source"":""hyp"",""palabra"":""es""},{""pos"":9,""source"":""hyp"",""palabra"":""hogar""},{""pos"":10,""source"":""hyp"",""palabra"":""de""},{""pos"":9,""source"":""prem"",""palabra"":""luego""}]"
2026-05-29 00:38:15.327965+00,anotador_028,1159,3,"decir ""nena"" suena mas argentino que ""niña""",,buenos_aires_amba,"[{""pos"":2,""source"":""prem"",""palabra"":""niña,""}]"
2026-05-29 00:39:42.134414+00,anotador_028,931,4,"se suele usar más ""piso"" que ""suelo""",,buenos_aires_amba,"[{""pos"":12,""source"":""hyp"",""palabra"":""suelo.""}]"
2026-05-29 00:40:37.182433+00,anotador_028,440,3,,,buenos_aires_amba,[]
2026-05-29 00:41:15.963722+00,anotador_028,1108,3,,,buenos_aires_amba,[]
2026-05-29 00:41:57.822953+00,anotador_028,292,2,"se suele usar más ""obviamente"" que ""por supuesto""",,buenos_aires_amba,"[{""pos"":1,""source"":""prem"",""palabra"":""por""},{""pos"":2,""source"":""prem"",""palabra"":""supuesto,""}]"
2026-05-29 00:42:32.46581+00,anotador_028,989,3,,,buenos_aires_amba,[]
2026-05-29 00:42:43.437162+00,anotador_028,958,1,"""lo está haciendo genial"" no se usa",,buenos_aires_amba,"[{""pos"":5,""source"":""hyp"",""palabra"":""lo""},{""pos"":6,""source"":""hyp"",""palabra"":""está""},{""pos"":7,""source"":""hyp"",""palabra"":""haciendo""},{""pos"":8,""source"":""hyp"",""palabra"":""genial""}]"
2026-05-29 00:43:48.714575+00,anotador_028,1090,,,,,"[{""pos"":1,""source"":""prem"",""palabra"":""por""}]"
2026-05-29 00:43:48.967411+00,anotador_028,1090,1,"""obviamente"" y ""un poco"" irían mejor",,buenos_aires_amba,"[{""pos"":1,""source"":""prem"",""palabra"":""por""},{""pos"":2,""source"":""prem"",""palabra"":""supuesto,""},{""pos"":3,""source"":""prem"",""palabra"":""un""},{""pos"":4,""source"":""prem"",""palabra"":""tanto""}]"
2026-05-29 00:44:27.340372+00,anotador_028,542,3,,,buenos_aires_amba,[]
2026-05-29 00:44:36.494901+00,anotador_028,320,4,,,buenos_aires_amba,[]
2026-05-29 00:45:01.57716+00,anotador_028,969,3,,,buenos_aires_amba,[]
2026-05-29 00:45:09.552089+00,anotador_028,3982,3,"""por consiguiente"" y ""en absoluto"" no se usan normalmente. ""esforzás"" está bien conjugado",,buenos_aires_amba,"[{""pos"":0,""source"":""prem"",""palabra"":""Por""},{""pos"":1,""source"":""prem"",""palabra"":""consiguiente,""},{""pos"":7,""source"":""hyp"",""palabra"":""en""},{""pos"":8,""source"":""hyp"",""palabra"":""absoluto.""}]"
2026-05-29 00:46:33.709375+00,anotador_028,470,3,,,buenos_aires_amba,[]
2026-05-29 00:46:48.190076+00,anotador_028,840,4,,,buenos_aires_amba,[]
2026-05-29 00:47:09.655079+00,anotador_028,458,4,,,buenos_aires_amba,[]
2026-05-29 00:47:50.583873+00,anotador_028,180,1,"se usa más ""lastimar"" que ""dañar""",,buenos_aires_amba,"[{""pos"":0,""source"":""prem"",""palabra"":""Será""},{""pos"":1,""source"":""prem"",""palabra"":""mejor""},{""pos"":2,""source"":""prem"",""palabra"":""que""},{""pos"":3,""source"":""hyp"",""palabra"":""dañar""}]"
2026-05-29 00:48:31.906848+00,anotador_028,370,3,,,buenos_aires_amba,[]
2026-05-29 01:22:53.095712+00,anotador_028,765,3,,,buenos_aires_amba,[]
2026-05-29 01:25:08.754141+00,anotador_131,352,3,,,buenos_aires_amba,[]
2026-05-29 01:25:14.979309+00,anotador_131,99,2,,,buenos_aires_amba,"[{""pos"":1,""source"":""hyp"",""palabra"":""pagarán""}]"
2026-05-29 01:25:34.896363+00,anotador_131,110,,,,,"[{""pos"":17,""source"":""prem"",""palabra"":""lo""}]"
2026-05-29 01:25:35.133986+00,anotador_131,110,2,,,buenos_aires_amba,"[{""pos"":17,""source"":""prem"",""palabra"":""lo""},{""pos"":18,""source"":""prem"",""palabra"":""pasamos""},{""pos"":5,""source"":""hyp"",""palabra"":""maniáticos""}]"
2026-05-29 01:26:04.892145+00,anotador_131,474,4,,,buenos_aires_amba,[]
2026-05-29 01:26:16.916155+00,anotador_131,382,4,,,buenos_aires_amba,[]
2026-05-29 01:26:22.594338+00,anotador_131,214,5,,,buenos_aires_amba,[]
2026-05-29 01:26:29.770866+00,anotador_131,804,4,,,buenos_aires_amba,[]
2026-05-29 01:27:00.262012+00,anotador_131,4913,3,,,buenos_aires_amba,[]
2026-05-29 01:27:04.420069+00,anotador_131,164,3,,,buenos_aires_amba,"[{""pos"":7,""source"":""prem"",""palabra"":""luego""}]"
2026-05-29 01:27:22.733278+00,anotador_131,526,3,,,buenos_aires_amba,"[{""pos"":3,""source"":""hyp"",""palabra"":""quizás""}]"
2026-05-29 01:29:01.573215+00,anotador_131,2402,2,,,buenos_aires_amba,"[{""pos"":15,""source"":""prem"",""palabra"":""incluso""},{""pos"":8,""source"":""hyp"",""palabra"":""genial.""}]"
2026-05-29 01:29:33.638585+00,anotador_131,1091,2,,,buenos_aires_amba,"[{""pos"":1,""source"":""prem"",""palabra"":""por""},{""pos"":2,""source"":""prem"",""palabra"":""supuesto,""},{""pos"":4,""source"":""prem"",""palabra"":""tanto""},{""pos"":3,""source"":""prem"",""palabra"":""un""},{""pos"":5,""source"":""prem"",""palabra"":""radical""}]"
2026-05-29 01:32:45.508699+00,anotador_131,2416,,,,buenos_aires_amba,"[{""pos"":10,""source"":""prem"",""palabra"":""ha""}]"
2026-05-29 01:32:45.8258+00,anotador_131,2416,2,,,buenos_aires_amba,"[{""pos"":10,""source"":""prem"",""palabra"":""ha""},{""pos"":11,""source"":""prem"",""palabra"":""olvidado""}]"
2026-05-29 01:33:11.470886+00,anotador_131,868,3,,,buenos_aires_amba,[]
2026-05-29 01:33:25.0706+00,anotador_131,275,3,,,buenos_aires_amba,[]
2026-05-29 01:33:30.065669+00,anotador_131,884,3,,,buenos_aires_amba,[]
2026-05-29 01:33:51.887425+00,anotador_131,715,2,,,buenos_aires_amba,"[{""pos"":2,""source"":""prem"",""palabra"":""aparato""},{""pos"":4,""source"":""prem"",""palabra"":""TV""},{""pos"":3,""source"":""prem"",""palabra"":""de""}]"
2026-05-29 01:34:04.266216+00,anotador_131,392,5,,,buenos_aires_amba,[]
2026-05-29 01:34:19.570689+00,anotador_131,2936,2,,,buenos_aires_amba,"[{""pos"":6,""source"":""prem"",""palabra"":""como""},{""pos"":5,""source"":""prem"",""palabra"":""tales""},{""pos"":18,""source"":""prem"",""palabra"":""permanecer""}]"
2026-05-29 01:34:35.09592+00,anotador_131,1031,3,,,buenos_aires_amba,[]
2026-05-29 01:36:35.253933+00,anotador_028,1049,2,,,buenos_aires_amba,[]
2026-05-29 01:37:04.652046+00,anotador_028,1075,2,,,buenos_aires_amba,[]
2026-05-29 01:37:16.396414+00,anotador_028,738,2,,,buenos_aires_amba,"[{""pos"":6,""source"":""hyp"",""palabra"":""absoluto""},{""pos"":5,""source"":""hyp"",""palabra"":""en""}]"
2026-05-29 01:38:50.546039+00,anotador_028,1038,2,,,buenos_aires_amba,[]
2026-05-29 01:39:04.101957+00,anotador_028,3415,5,"""boludez"" tiene alta especificidad de la argentinidad",,buenos_aires_amba,[]
2026-05-29 01:39:50.817618+00,anotador_028,254,4,,,buenos_aires_amba,[]
2026-05-29 01:40:08.435264+00,anotador_028,1061,3,,,buenos_aires_amba,[]
2026-05-29 01:40:39.005532+00,anotador_028,127,3,,,buenos_aires_amba,[]
2026-05-29 01:40:57.744604+00,anotador_028,799,2,"""en sus veintes""  sonaría más argentino",,buenos_aires_amba,"[{""pos"":7,""source"":""hyp"",""palabra"":""veintena.""}]"
2026-05-29 01:41:28.00927+00,anotador_028,1623,3,,,buenos_aires_amba,[]
2026-05-29 01:41:40.19641+00,anotador_028,337,2,"se suele usar ""fui a la casa de...""",,buenos_aires_amba,"[{""pos"":0,""source"":""prem"",""palabra"":""Fui""},{""pos"":1,""source"":""prem"",""palabra"":""a""},{""pos"":2,""source"":""prem"",""palabra"":""casa""},{""pos"":3,""source"":""prem"",""palabra"":""de""}]"
2026-05-29 01:42:19.4515+00,anotador_028,4093,3,,,buenos_aires_amba,[]
2026-05-29 01:42:46.063107+00,anotador_028,1128,2,,,buenos_aires_amba,"[{""pos"":32,""source"":""prem"",""palabra"":""lucir""},{""pos"":37,""source"":""prem"",""palabra"":""francamente""}]"
2026-05-29 01:43:09.837974+00,anotador_028,1085,2,"se usa más ""usar"" que ""utilizar""",,buenos_aires_amba,"[{""pos"":18,""source"":""prem"",""palabra"":""utilizados""}]"
2026-05-29 01:43:35.920331+00,anotador_028,235,3,,,buenos_aires_amba,[]
2026-05-29 01:43:50.454495+00,anotador_028,211,4,,,buenos_aires_amba,[]
2026-05-29 01:43:58.205246+00,anotador_028,0,2,no se usa el pretérito perfecto compuesto,,buenos_aires_amba,"[{""pos"":1,""source"":""hyp"",""palabra"":""he""},{""pos"":2,""source"":""hyp"",""palabra"":""vuelto""}]"
2026-05-29 01:45:00.449898+00,anotador_028,143,4,,,buenos_aires_amba,[]
2026-05-29 01:45:14.174327+00,anotador_028,4601,3,,,buenos_aires_amba,[]
2026-05-29 01:45:19.591796+00,anotador_028,246,3,,,buenos_aires_amba,[]
2026-05-29 01:47:03.392919+00,anotador_028,59,4,,,buenos_aires_amba,[]
2026-05-29 01:47:24.716133+00,anotador_028,583,2,"se usa más ""tirar"" en vez de ""desechar""",,buenos_aires_amba,"[{""pos"":15,""source"":""hyp"",""palabra"":""ésta""},{""pos"":17,""source"":""hyp"",""palabra"":""deseche""}]"
2026-05-29 01:47:58.964084+00,anotador_028,95,2,,,buenos_aires_amba,"[{""pos"":5,""source"":""hyp"",""palabra"":""de""},{""pos"":6,""source"":""hyp"",""palabra"":""inmediato.""}]"
2026-05-29 01:48:10.22374+00,anotador_028,4120,3,,,buenos_aires_amba,[]
2026-05-29 01:48:22.173783+00,anotador_028,946,3,,,buenos_aires_amba,[]
2026-05-29 01:48:33.59287+00,anotador_028,3952,3,no se acostumbra usar pretérito perfecto compuesto,,buenos_aires_amba,"[{""pos"":16,""source"":""prem"",""palabra"":""has""},{""pos"":17,""source"":""prem"",""palabra"":""demostrado""}]"
2026-05-29 01:49:22.194139+00,anotador_028,984,2,"se suele usar ""igualmente"" en vez de ""de todos modos""",,buenos_aires_amba,"[{""pos"":14,""source"":""prem"",""palabra"":""de""},{""pos"":15,""source"":""prem"",""palabra"":""todos""},{""pos"":16,""source"":""prem"",""palabra"":""modos,""}]"
2026-05-29 01:49:57.713358+00,anotador_028,585,2,uso de futuro simple no es argentino,,buenos_aires_amba,"[{""pos"":7,""source"":""hyp"",""palabra"":""ayudaré""}]"
2026-05-29 01:52:13.790812+00,anotador_028,582,3,,,buenos_aires_amba,[]
2026-05-29 01:52:27.6342+00,anotador_028,859,2,"se usa más ""obviamente"" que ""por supuesto""",,buenos_aires_amba,"[{""pos"":0,""source"":""hyp"",""palabra"":""¡Por""},{""pos"":1,""source"":""hyp"",""palabra"":""supuesto""}]"
2026-05-29 01:53:06.154068+00,anotador_028,2784,3,,,buenos_aires_amba,[]
2026-05-29 01:53:19.674914+00,anotador_028,118,2,,,buenos_aires_amba,"[{""pos"":2,""source"":""prem"",""palabra"":""solía""},{""pos"":14,""source"":""prem"",""palabra"":""solía""}]"
2026-05-29 01:53:45.274495+00,anotador_028,1041,,,,buenos_aires_amba,"[{""pos"":0,""source"":""prem"",""palabra"":""Fue""}]"
2026-05-29 01:53:45.484207+00,anotador_028,1041,2,pretérito perfecto compuesto no se suele usar,,buenos_aires_amba,"[{""pos"":0,""source"":""prem"",""palabra"":""Fue""},{""pos"":1,""source"":""prem"",""palabra"":""ahorcado""}]"
2026-05-29 01:54:16.820252+00,anotador_028,1154,3,,,buenos_aires_amba,[]
2026-05-29 01:54:28.550748+00,anotador_028,981,4,,,buenos_aires_amba,[]
2026-05-29 01:54:37.775329+00,anotador_028,106,3,,,buenos_aires_amba,[]
2026-05-29 01:54:56.598924+00,anotador_028,175,3,,,buenos_aires_amba,[]
2026-05-29 01:55:08.296027+00,anotador_028,210,4,,,buenos_aires_amba,[]
2026-05-29 01:55:24.498922+00,anotador_028,1063,2,,,buenos_aires_amba,"[{""pos"":9,""source"":""prem"",""palabra"":""aquellos""}]"
2026-05-29 01:55:56.399015+00,anotador_028,803,3,,,buenos_aires_amba,[]
2026-05-29 01:57:23.718688+00,anotador_028,1097,1,"se usa más ""ver"" que ""observar"", y ""sacar"" y no ""quitar""",,buenos_aires_amba,"[{""pos"":2,""source"":""prem"",""palabra"":""observó""},{""pos"":30,""source"":""prem"",""palabra"":""quitar""}]"
2026-05-29 01:58:26.095007+00,anotador_028,567,2,"no se usa ""buen chico"" para referirse a perros",,buenos_aires_amba,"[{""pos"":4,""source"":""hyp"",""palabra"":""buen""},{""pos"":5,""source"":""hyp"",""palabra"":""chico?""}]"
2026-05-29 01:58:51.008977+00,anotador_028,413,2,"se suele evitar usar el ""el"" de ""el cuarto grado""",,buenos_aires_amba,"[{""pos"":2,""source"":""hyp"",""palabra"":""el""}]"
2026-05-29 01:59:37.543481+00,anotador_028,299,3,,,buenos_aires_amba,[]
2026-05-29 01:59:48.645135+00,anotador_028,800,4,,,buenos_aires_amba,[]
2026-05-29 02:00:02.506968+00,anotador_028,1093,3,,,buenos_aires_amba,[]
2026-05-29 02:00:19.345948+00,anotador_028,1118,2,,,buenos_aires_amba,"[{""pos"":0,""source"":""hyp"",""palabra"":""Rehusamos""}]"
2026-05-29 02:00:43.313811+00,anotador_028,57,3,,,buenos_aires_amba,[]
2026-05-29 02:01:15.983184+00,anotador_028,115,2,,,buenos_aires_amba,"[{""pos"":6,""source"":""hyp"",""palabra"":""se""},{""pos"":7,""source"":""hyp"",""palabra"":""tira""},{""pos"":8,""source"":""hyp"",""palabra"":""de""},{""pos"":9,""source"":""hyp"",""palabra"":""él.""}]"
2026-05-29 02:01:25.511423+00,anotador_028,940,1,"se suele elegir ""no sé"" en vez de ""no lo sé""",,buenos_aires_amba,"[{""pos"":2,""source"":""hyp"",""palabra"":""de""},{""pos"":3,""source"":""hyp"",""palabra"":""eso.""},{""pos"":1,""source"":""prem"",""palabra"":""no""},{""pos"":2,""source"":""prem"",""palabra"":""lo""},{""pos"":3,""source"":""prem"",""palabra"":""sé,""}]"
2026-05-29 02:01:59.395554+00,anotador_028,496,1,futuro simple no se suele usar,,buenos_aires_amba,"[{""pos"":5,""source"":""prem"",""palabra"":""ni""},{""pos"":6,""source"":""prem"",""palabra"":""sé""},{""pos"":4,""source"":""hyp"",""palabra"":""durará""}]"
2026-05-29 02:02:31.84533+00,anotador_028,96,2,"se usa ""lugar"" en vez de ""sitio""",,buenos_aires_amba,"[{""pos"":21,""source"":""prem"",""palabra"":""sitio""}]"
2026-05-29 02:03:06.636786+00,anotador_028,91,3,,,buenos_aires_amba,[]
2026-05-29 02:03:15.386448+00,anotador_028,408,2,,,buenos_aires_amba,"[{""pos"":11,""source"":""prem"",""palabra"":""igual""},{""pos"":12,""source"":""prem"",""palabra"":""que""},{""pos"":13,""source"":""prem"",""palabra"":""lo""},{""pos"":14,""source"":""prem"",""palabra"":""hice""}]"
2026-05-29 02:03:35.17776+00,anotador_028,789,2,no se suele usar futuro simple,,buenos_aires_amba,"[{""pos"":3,""source"":""hyp"",""palabra"":""mandarán""}]"
2026-05-29 02:03:58.872561+00,anotador_028,896,1,no se suele usar preterito perfecto compueto,,buenos_aires_amba,"[{""pos"":4,""source"":""hyp"",""palabra"":""no""},{""pos"":5,""source"":""hyp"",""palabra"":""ha""},{""pos"":6,""source"":""hyp"",""palabra"":""sucedido.""},{""pos"":1,""source"":""prem"",""palabra"":""echemos""},{""pos"":2,""source"":""prem"",""palabra"":""un""},{""pos"":3,""source"":""prem"",""palabra"":""vistazo""}]"
2026-05-29 02:04:23.086313+00,anotador_028,754,2,"""madre mía"" no es una expresion que se suele usar",,buenos_aires_amba,"[{""pos"":0,""source"":""prem"",""palabra"":""madre""},{""pos"":1,""source"":""prem"",""palabra"":""mía,""}]"
2026-05-29 02:05:01.846925+00,anotador_028,534,4,"""boluda"" tiene alta especificidad argentina",,buenos_aires_amba,[]
2026-05-29 02:05:16.993952+00,anotador_028,1047,3,,,buenos_aires_amba,[]
2026-05-29 02:05:31.097847+00,anotador_028,284,2,"se suele usar ""más grande que..."" en vez de ""mayor que...""",,buenos_aires_amba,"[{""pos"":2,""source"":""hyp"",""palabra"":""mayor""}]"
2026-05-29 08:45:30.565396+00,anotador_223,9999,1,,,buenos_aires_amba,"[{""pos"":1,""source"":""prem"",""palabra"":""chaval""},{""pos"":2,""source"":""prem"",""palabra"":""cogió""},{""pos"":4,""source"":""prem"",""palabra"":""móvil""},{""pos"":8,""source"":""prem"",""palabra"":""piso""},{""pos"":11,""source"":""prem"",""palabra"":""luego""},{""pos"":7,""source"":""hyp"",""palabra"":""Tournament""},{""pos"":8,""source"":""hyp"",""palabra"":""of""}]"
2026-05-29 08:46:13.57948+00,anotador_223,866,4,,,buenos_aires_amba,[]
2026-05-29 08:46:24.611083+00,anotador_223,394,5,,,buenos_aires_amba,[]
2026-05-29 08:46:45.55893+00,anotador_223,1084,4,,,buenos_aires_amba,[]
2026-05-29 08:46:59.15575+00,anotador_223,195,4,,,buenos_aires_amba,[]
2026-05-29 08:47:08.311352+00,anotador_223,133,4,,,buenos_aires_amba,[]
2026-05-29 08:47:20.950296+00,anotador_223,163,2,,,buenos_aires_amba,"[{""pos"":20,""source"":""prem"",""palabra"":""llegué""}]"
2026-05-29 08:47:57.31172+00,anotador_223,810,2,,,buenos_aires_amba,"[{""pos"":10,""source"":""prem"",""palabra"":""viste""},{""pos"":19,""source"":""prem"",""palabra"":""yupi""}]"
2026-05-29 08:48:39.830205+00,anotador_223,2864,3,,,buenos_aires_amba,"[{""pos"":9,""source"":""prem"",""palabra"":""adecuado""}]"
2026-05-29 08:50:03.075845+00,anotador_223,912,4,,,buenos_aires_amba,[]
2026-05-29 08:50:11.015606+00,anotador_223,2,4,,,buenos_aires_amba,[]
2026-05-29 08:50:23.504871+00,anotador_223,796,3,,,buenos_aires_amba,[]
2026-05-29 08:50:36.369656+00,anotador_223,171,3,,,buenos_aires_amba,"[{""pos"":2,""source"":""hyp"",""palabra"":""apetito""}]"
2026-05-29 08:50:46.899721+00,anotador_223,592,3,,,buenos_aires_amba,"[{""pos"":9,""source"":""prem"",""palabra"":""al""}]"
2026-05-29 08:51:00.712811+00,anotador_223,3589,3,,,buenos_aires_amba,"[{""pos"":2,""source"":""hyp"",""palabra"":""Desarrollo.""}]"
2026-05-29 08:51:16.631336+00,anotador_223,298,2,,,buenos_aires_amba,[]
2026-05-29 08:51:36.182456+00,anotador_223,850,5,,,buenos_aires_amba,[]
2026-05-29 08:51:53.211532+00,anotador_223,538,5,,,buenos_aires_amba,[]
2026-05-29 08:52:06.414431+00,anotador_223,2407,4,,,buenos_aires_amba,[]
2026-05-29 08:52:25.153575+00,anotador_223,978,5,,,buenos_aires_amba,[]
2026-05-29 13:59:33.194479+00,anotador_131,4037,,,,,"[{""pos"":5,""source"":""hyp"",""palabra"":""al""}]"
2026-05-29 13:59:33.49956+00,anotador_131,4037,3,"en argentino informal se usa más ""mínimo"" que ""al menos""",,buenos_aires_amba,"[{""pos"":5,""source"":""hyp"",""palabra"":""al""},{""pos"":6,""source"":""hyp"",""palabra"":""menos""}]"
2026-05-29 14:00:03.897403+00,anotador_131,343,2,,,buenos_aires_amba,"[{""pos"":11,""source"":""prem"",""palabra"":""tómalo""},{""pos"":8,""source"":""prem"",""palabra"":""siguiente""}]"
2026-05-29 14:00:28.879055+00,anotador_131,123,3,,,buenos_aires_amba,[]
2026-05-29 14:00:40.72124+00,anotador_131,1095,2,"""sacar"" en vez de ""quitar"" sería más argentino ",,buenos_aires_amba,"[{""pos"":30,""source"":""prem"",""palabra"":""quitar""}]"
2026-05-29 14:01:16.944768+00,anotador_131,166,4,"""olvidarse"" se usa más que solo ""olvidar""",,buenos_aires_amba,"[{""pos"":7,""source"":""prem"",""palabra"":""olvido""}]"
2026-05-29 14:02:00.401358+00,anotador_131,459,4,,,buenos_aires_amba,[]
2026-05-29 14:02:13.047513+00,anotador_131,2141,3,,,buenos_aires_amba,[]
2026-05-29 14:02:24.196342+00,anotador_131,1125,3,,,buenos_aires_amba,[]
2026-05-29 14:02:34.457797+00,anotador_131,977,2,"Se usa más ""esas"" antes que ""aquellas""",,buenos_aires_amba,"[{""pos"":8,""source"":""prem"",""palabra"":""aquellas,""}]"
2026-05-29 14:02:54.552761+00,anotador_131,753,,,,buenos_aires_amba,"[{""pos"":0,""source"":""prem"",""palabra"":""madre""}]"
2026-05-29 14:02:54.808527+00,anotador_131,753,1,,,buenos_aires_amba,"[{""pos"":0,""source"":""prem"",""palabra"":""madre""},{""pos"":1,""source"":""prem"",""palabra"":""mía,""},{""pos"":0,""source"":""hyp"",""palabra"":""He""},{""pos"":1,""source"":""hyp"",""palabra"":""estado""},{""pos"":2,""source"":""hyp"",""palabra"":""leyendo""}]"
2026-05-29 14:03:26.402758+00,anotador_131,1071,2,"Se usa más ""seguir"" que ""continuar""",,buenos_aires_amba,"[{""pos"":29,""source"":""prem"",""palabra"":""continuar""},{""pos"":10,""source"":""hyp"",""palabra"":""continuar""}]"
2026-05-29 14:03:59.166131+00,anotador_131,276,3,,,buenos_aires_amba,[]
2026-05-29 14:04:05.466087+00,anotador_131,172,1,"Simplemente ""almorzar"" se usa más que ""comer(me) mi almuerzo""",,buenos_aires_amba,"[{""pos"":4,""source"":""prem"",""palabra"":""olvidalo,""},{""pos"":8,""source"":""prem"",""palabra"":""comer""},{""pos"":9,""source"":""prem"",""palabra"":""el""},{""pos"":10,""source"":""prem"",""palabra"":""almuerzo.""},{""pos"":5,""source"":""hyp"",""palabra"":""comerme""},{""pos"":6,""source"":""hyp"",""palabra"":""mi""},{""pos"":7,""source"":""hyp"",""palabra"":""almuerzo.""}]"
2026-05-29 14:04:22.901791+00,anotador_261,1176,3,,,buenos_aires_amba,"[{""pos"":18,""source"":""prem"",""palabra"":""Black,""}]"
2026-05-29 14:04:59.563425+00,anotador_131,3608,2,"se usa más ""hacer"" que ""confeccionar""",,buenos_aires_amba,"[{""pos"":4,""source"":""hyp"",""palabra"":""la""},{""pos"":5,""source"":""hyp"",""palabra"":""confección""}]"
2026-05-29 14:05:28.676473+00,anotador_131,1162,3,,,buenos_aires_amba,[]
2026-05-29 14:05:36.316051+00,anotador_131,462,4,,,buenos_aires_amba,[]
2026-05-29 14:05:48.358813+00,anotador_131,4328,3,,,buenos_aires_amba,[]
2026-05-29 14:06:17.055206+00,anotador_131,1025,3,,,buenos_aires_amba,[]
2026-05-29 14:06:21.245824+00,anotador_131,253,5,,,buenos_aires_amba,[]
2026-05-29 14:06:41.871626+00,anotador_131,206,4,,,buenos_aires_amba,[]
2026-05-29 15:29:52.1397+00,anotador_083,9999,1,,,buenos_aires_amba,"[{""pos"":1,""source"":""prem"",""palabra"":""chaval""},{""pos"":2,""source"":""prem"",""palabra"":""cogió""},{""pos"":4,""source"":""prem"",""palabra"":""móvil""},{""pos"":8,""source"":""prem"",""palabra"":""piso""},{""pos"":7,""source"":""hyp"",""palabra"":""Tournament""}]"
2026-05-29 15:30:34.07869+00,anotador_083,1166,5,,,buenos_aires_amba,[]
2026-05-29 15:31:03.521221+00,anotador_083,4988,5,,,buenos_aires_amba,[]
2026-05-29 15:31:11.342782+00,anotador_083,530,3,,,buenos_aires_amba,"[{""pos"":5,""source"":""prem"",""palabra"":""Han""},{""pos"":6,""source"":""prem"",""palabra"":""estado""}]"
2026-05-29 15:31:30.916826+00,anotador_083,819,5,,,buenos_aires_amba,[]
2026-05-29 15:31:43.21056+00,anotador_083,2272,4,,,buenos_aires_amba,[]
2026-05-29 15:31:55.465143+00,anotador_083,49,4,,,buenos_aires_amba,"[{""pos"":16,""source"":""prem"",""palabra"":""porche.""},{""pos"":13,""source"":""hyp"",""palabra"":""porche.""}]"
2026-05-29 15:32:13.914718+00,anotador_083,93,5,,,buenos_aires_amba,[]
2026-05-29 15:32:54.775148+00,anotador_083,888,5,,,buenos_aires_amba,[]
2026-05-29 15:32:55.518319+00,anotador_279,9999,3,,,buenos_aires_amba,"[{""pos"":1,""source"":""prem"",""palabra"":""chaval""},{""pos"":2,""source"":""prem"",""palabra"":""cogió""},{""pos"":4,""source"":""prem"",""palabra"":""móvil""},{""pos"":11,""source"":""prem"",""palabra"":""luego""},{""pos"":10,""source"":""hyp"",""palabra"":""ante""}]"
2026-05-29 15:32:58.049961+00,anotador_083,306,5,,,buenos_aires_amba,[]
2026-05-29 15:33:05.951348+00,anotador_083,3986,5,,,buenos_aires_amba,[]
2026-05-29 15:33:16.188115+00,anotador_083,53,5,,,buenos_aires_amba,[]
2026-05-29 15:33:28.300782+00,anotador_083,838,5,,,buenos_aires_amba,[]
2026-05-29 15:33:35.329057+00,anotador_083,33,5,,,buenos_aires_amba,[]
2026-05-29 15:33:41.38583+00,anotador_083,379,5,,,buenos_aires_amba,[]
2026-05-29 15:33:48.448186+00,anotador_083,951,5,,,buenos_aires_amba,[]
2026-05-29 15:33:52.526058+00,anotador_103,9999,1,,,buenos_aires_amba,"[{""pos"":1,""source"":""prem"",""palabra"":""chaval""},{""pos"":2,""source"":""prem"",""palabra"":""cogió""},{""pos"":4,""source"":""prem"",""palabra"":""móvil""},{""pos"":8,""source"":""prem"",""palabra"":""piso""},{""pos"":11,""source"":""prem"",""palabra"":""luego""},{""pos"":1,""source"":""hyp"",""palabra"":""Kettering,""},{""pos"":3,""source"":""hyp"",""palabra"":""Wollongong""},{""pos"":4,""source"":""hyp"",""palabra"":""Bears""},{""pos"":7,""source"":""hyp"",""palabra"":""Tournament""},{""pos"":8,""source"":""hyp"",""palabra"":""of""},{""pos"":9,""source"":""hyp"",""palabra"":""Kilimsworth""}]"
2026-05-29 15:33:56.715866+00,anotador_083,968,5,,,buenos_aires_amba,[]
2026-05-29 15:34:04.45407+00,anotador_083,1103,5,,,buenos_aires_amba,[]
2026-05-29 15:34:19.139314+00,anotador_083,1129,5,,,buenos_aires_amba,[]
2026-05-29 15:34:27.613704+00,anotador_103,523,2,,,buenos_aires_amba,"[{""pos"":0,""source"":""prem"",""palabra"":""¡Vaya!""},{""pos"":4,""source"":""prem"",""palabra"":""Fresno.""}]"
2026-05-29 15:34:29.768109+00,anotador_083,334,5,,,buenos_aires_amba,[]
2026-05-29 15:34:32.123286+00,anotador_279,1016,4,,,buenos_aires_amba,[]
2026-05-29 15:34:54.293553+00,anotador_083,187,3,,,buenos_aires_amba,"[{""pos"":23,""source"":""prem"",""palabra"":""beben""},{""pos"":37,""source"":""prem"",""palabra"":""champán.""},{""pos"":6,""source"":""hyp"",""palabra"":""champán.""},{""pos"":5,""source"":""prem"",""palabra"":""champán,""}]"
2026-05-29 15:34:58.993487+00,anotador_103,1179,4,,,buenos_aires_amba,"[{""pos"":1,""source"":""prem"",""palabra"":""menudo,""}]"
2026-05-29 15:35:01.245256+00,anotador_279,286,4,,,buenos_aires_amba,"[{""pos"":2,""source"":""hyp"",""palabra"":""brindó""}]"
2026-05-29 15:35:21.426644+00,anotador_279,571,5,,,buenos_aires_amba,"[{""pos"":0,""source"":""hyp"",""palabra"":""Siento""}]"
2026-05-29 15:35:27.828828+00,anotador_103,236,4,,,buenos_aires_amba,"[{""pos"":4,""source"":""hyp"",""palabra"":""de""},{""pos"":5,""source"":""hyp"",""palabra"":""la""},{""pos"":6,""source"":""hyp"",""palabra"":""nación.""}]"
2026-05-29 15:35:30.131776+00,anotador_083,1171,5,,,buenos_aires_amba,[]
2026-05-29 15:35:36.865528+00,anotador_083,310,5,,,buenos_aires_amba,[]
2026-05-29 15:35:44.31333+00,anotador_083,471,4,,,buenos_aires_amba,"[{""pos"":27,""source"":""prem"",""palabra"":""trasero.""}]"
2026-05-29 15:35:58.227875+00,anotador_083,849,5,,,buenos_aires_amba,[]
2026-05-29 15:36:03.673814+00,anotador_083,805,5,,,buenos_aires_amba,[]
2026-05-29 15:36:13.676558+00,anotador_083,588,5,,,buenos_aires_amba,[]
2026-05-29 15:36:19.194652+00,anotador_279,1133,5,,,buenos_aires_amba,[]
2026-05-29 15:36:21.3914+00,anotador_083,1028,5,,,buenos_aires_amba,[]
2026-05-29 15:36:23.912921+00,anotador_083,83,5,,,buenos_aires_amba,[]
2026-05-29 15:36:29.652701+00,anotador_083,192,5,,,buenos_aires_amba,[]
2026-05-29 15:36:32.080736+00,anotador_083,4945,5,,,buenos_aires_amba,[]
2026-05-29 15:36:35.518246+00,anotador_083,568,5,,,buenos_aires_amba,[]
2026-05-29 15:36:38.979045+00,anotador_083,111,5,,,buenos_aires_amba,[]
2026-05-29 15:36:41.206128+00,anotador_103,1002,5,,,buenos_aires_amba,[]
2026-05-29 15:36:42.898318+00,anotador_083,6,5,,,buenos_aires_amba,[]
2026-05-29 15:36:42.905144+00,anotador_279,599,4,,,buenos_aires_amba,"[{""pos"":3,""source"":""prem"",""palabra"":""eso""}]"
2026-05-29 15:36:48.890222+00,anotador_083,532,5,,,buenos_aires_amba,[]
2026-05-29 15:36:52.931124+00,anotador_083,519,5,,,buenos_aires_amba,[]
2026-05-29 15:36:53.374021+00,anotador_103,479,5,,,buenos_aires_amba,[]
2026-05-29 15:36:58.682354+00,anotador_083,346,3,,,buenos_aires_amba,"[{""pos"":4,""source"":""prem"",""palabra"":""acabó""},{""pos"":5,""source"":""prem"",""palabra"":""entrando""}]"
2026-05-29 15:37:04.769775+00,anotador_103,1156,5,,,buenos_aires_amba,[]
2026-05-29 15:37:12.886212+00,anotador_279,345,4,,,buenos_aires_amba,"[{""pos"":4,""source"":""prem"",""palabra"":""acabó""}]"
2026-05-29 15:37:13.037827+00,anotador_103,372,5,,,buenos_aires_amba,[]
2026-05-29 15:37:18.170819+00,anotador_131,107,3,,,buenos_aires_amba,"[{""pos"":3,""source"":""hyp"",""palabra"":""hacia""},{""pos"":4,""source"":""hyp"",""palabra"":""el""}]"
2026-05-29 15:37:20.482424+00,anotador_103,431,5,,,buenos_aires_amba,[]
2026-05-29 15:37:21.112159+00,anotador_083,750,5,,,buenos_aires_amba,[]
2026-05-29 15:37:27.499188+00,anotador_083,356,5,,,buenos_aires_amba,[]
2026-05-29 15:37:32.599009+00,anotador_083,525,5,,,buenos_aires_amba,[]
2026-05-29 15:37:33.528769+00,anotador_103,4256,5,,,buenos_aires_amba,[]
2026-05-29 15:37:39.252629+00,anotador_083,4891,5,,,buenos_aires_amba,[]
2026-05-29 15:37:41.40197+00,anotador_279,778,4,La primera frase no tiene mucho sentido,,buenos_aires_amba,[]
2026-05-29 15:37:44.425851+00,anotador_103,135,5,,,buenos_aires_amba,[]
2026-05-29 15:38:06.053768+00,anotador_103,1239,5,,,buenos_aires_amba,[]
2026-05-29 15:38:13.406974+00,anotador_279,4660,4,,,buenos_aires_amba,[]
2026-05-29 15:38:19.731985+00,anotador_103,1929,3,,,buenos_aires_amba,"[{""pos"":4,""source"":""hyp"",""palabra"":""apresuradamente""}]"
2026-05-29 15:38:26.521897+00,anotador_279,914,5,,,buenos_aires_amba,[]
2026-05-29 15:38:38.660465+00,anotador_279,546,5,,,buenos_aires_amba,[]
2026-05-29 15:38:41.392094+00,anotador_103,1120,5,,,buenos_aires_amba,[]
2026-05-29 15:38:41.878777+00,anotador_131,848,,,,,"[{""pos"":0,""source"":""prem"",""palabra"":""no""}]"
2026-05-29 15:38:42.362725+00,anotador_131,848,2,"Se suele usar ""no sé"" en vez de ""no lo sé""",,buenos_aires_amba,"[{""pos"":0,""source"":""prem"",""palabra"":""no""},{""pos"":1,""source"":""prem"",""palabra"":""lo""},{""pos"":2,""source"":""prem"",""palabra"":""sé,""}]"
2026-05-29 15:38:43.93189+00,anotador_103,213,5,,,buenos_aires_amba,[]
2026-05-29 15:38:50.093569+00,anotador_279,341,4,,,buenos_aires_amba,"[{""pos"":13,""source"":""prem"",""palabra"":""¡Dios""},{""pos"":14,""source"":""prem"",""palabra"":""mío!""}]"
2026-05-29 15:38:54.979168+00,anotador_103,327,3,,,buenos_aires_amba,"[{""pos"":6,""source"":""hyp"",""palabra"":""hombre""},{""pos"":8,""source"":""prem"",""palabra"":""tenía""},{""pos"":9,""source"":""prem"",""palabra"":""la""},{""pos"":10,""source"":""prem"",""palabra"":""piel""},{""pos"":11,""source"":""prem"",""palabra"":""clara?""}]"
2026-05-29 15:39:12.614586+00,anotador_279,158,3,,,buenos_aires_amba,"[{""pos"":2,""source"":""hyp"",""palabra"":""pude""}]"
2026-05-29 15:39:21.364217+00,anotador_103,845,4,,,buenos_aires_amba,"[{""pos"":14,""source"":""prem"",""palabra"":""de""},{""pos"":15,""source"":""prem"",""palabra"":""vida""}]"
2026-05-29 15:39:30.319346+00,anotador_279,739,4,,,buenos_aires_amba,[]
2026-05-29 15:39:37.845167+00,anotador_279,948,4,,,buenos_aires_amba,[]
2026-05-29 15:39:38.809615+00,anotador_103,220,5,,,buenos_aires_amba,[]
2026-05-29 15:39:46.446418+00,anotador_279,2262,4,,,buenos_aires_amba,[]
2026-05-29 15:39:50.020135+00,anotador_279,949,4,,,buenos_aires_amba,[]
2026-05-29 15:39:55.092711+00,anotador_103,404,3,,,buenos_aires_amba,"[{""pos"":7,""source"":""prem"",""palabra"":""de""},{""pos"":8,""source"":""prem"",""palabra"":""piel""},{""pos"":9,""source"":""prem"",""palabra"":""clara.""}]"
2026-05-29 15:39:56.570646+00,anotador_279,432,5,,,buenos_aires_amba,[]
2026-05-29 15:40:05.914453+00,anotador_103,177,5,,,buenos_aires_amba,[]
2026-05-29 15:40:27.30065+00,anotador_279,2438,4,,,buenos_aires_amba,[]
2026-05-29 15:40:48.367659+00,anotador_279,349,4,,,buenos_aires_amba,[]
2026-05-29 15:41:02.125632+00,anotador_131,927,4,,,buenos_aires_amba,[]
2026-05-29 15:41:11.191042+00,anotador_131,597,4,,,buenos_aires_amba,[]
2026-05-29 15:41:26.094124+00,anotador_131,1406,3,"Se usa más ""empezó"" que ""comenzó """,,buenos_aires_amba,"[{""pos"":12,""source"":""hyp"",""palabra"":""comenzó""}]"
2026-05-29 15:42:04.85941+00,anotador_131,137,,,,buenos_aires_amba,"[{""pos"":13,""source"":""prem"",""palabra"":""suponía""}]"
2026-05-29 15:42:05.824193+00,anotador_131,137,3,"Se suele usar ""que"" entre expresiones como ""suponía tenía"" y luego agregar el segundo ""que""",,buenos_aires_amba,"[{""pos"":13,""source"":""prem"",""palabra"":""suponía""},{""pos"":14,""source"":""prem"",""palabra"":""tenía""}]"
2026-05-29 15:45:19.440108+00,anotador_131,1015,3,,,buenos_aires_amba,[]
2026-05-29 15:45:38.750739+00,anotador_131,1051,3,,,buenos_aires_amba,[]
2026-05-29 15:45:52.739404+00,anotador_131,481,3,,,buenos_aires_amba,[]
2026-05-29 15:46:04.869536+00,anotador_131,988,4,"El ""ah, bien"" se usa correctamente y tiene especificidad argentina",,buenos_aires_amba,[]
2026-05-29 15:46:40.862709+00,anotador_131,886,4,"""que yo sepa"" tiene especificidad argentina",,buenos_aires_amba,[]
2026-05-29 15:47:31.868065+00,anotador_131,2444,,,,buenos_aires_amba,"[{""pos"":10,""source"":""prem"",""palabra"":""se""}]"
2026-05-29 15:47:32.079003+00,anotador_131,2444,3,"""ahí"" en lugar de ""allí"" tiene especificidad argentina.
Se usa más ""están"" en lugar de ""se encuentran""",,buenos_aires_amba,"[{""pos"":10,""source"":""prem"",""palabra"":""se""},{""pos"":11,""source"":""prem"",""palabra"":""encuentran""}]"
2026-05-29 15:48:04.325566+00,anotador_131,2414,3,,,buenos_aires_amba,[]
2026-05-29 15:49:31.639484+00,anotador_131,51,3,,,buenos_aires_amba,[]
2026-05-29 15:49:49.901753+00,anotador_131,584,2,"El ""mmm..."" pensativo se podría reemplazar por ""emm..."" o ""eee...""",,buenos_aires_amba,"[{""pos"":2,""source"":""prem"",""palabra"":""causaría""},{""pos"":10,""source"":""prem"",""palabra"":""mmm...,""},{""pos"":12,""source"":""prem"",""palabra"":""mmm...,""}]"
2026-05-29 15:51:04.919685+00,anotador_131,447,3,,,buenos_aires_amba,[]
2026-05-29 15:51:18.852925+00,anotador_131,1098,3,,,buenos_aires_amba,[]
2026-05-29 15:51:29.534713+00,anotador_131,922,4,,,buenos_aires_amba,[]
2026-05-29 15:51:34.042729+00,anotador_131,422,3,,,buenos_aires_amba,[]
2026-05-29 15:51:56.821572+00,anotador_131,952,4,,,buenos_aires_amba,[]
2026-05-29 16:00:05.566329+00,anotador_261,1102,4,,,buenos_aires_amba,[]
2026-05-29 16:24:11.515754+00,anotador_125,9999,1,,,buenos_aires_amba,"[{""pos"":1,""source"":""prem"",""palabra"":""chaval""},{""pos"":1,""source"":""hyp"",""palabra"":""Kettering,""},{""pos"":9,""source"":""hyp"",""palabra"":""Kilimsworth""},{""pos"":3,""source"":""hyp"",""palabra"":""Wollongong""},{""pos"":4,""source"":""hyp"",""palabra"":""Bears""},{""pos"":7,""source"":""hyp"",""palabra"":""Tournament""},{""pos"":8,""source"":""prem"",""palabra"":""piso""}]"
2026-05-29 16:24:24.460798+00,anotador_125,58,4,,,buenos_aires_amba,"[{""pos"":11,""source"":""prem"",""palabra"":""aeronaves""}]"
2026-05-29 16:24:33.410996+00,anotador_125,307,5,,,buenos_aires_amba,[]
2026-05-29 16:24:42.635475+00,anotador_125,4376,5,,,buenos_aires_amba,[]
2026-05-29 16:25:06.643522+00,anotador_125,1211,4,Maxwell no es un nombre común ,,buenos_aires_amba,"[{""pos"":18,""source"":""prem"",""palabra"":""Maxwell.""},{""pos"":2,""source"":""hyp"",""palabra"":""Maxwell""},{""pos"":10,""source"":""hyp"",""palabra"":""Maxwell.""}]"
2026-05-29 16:25:27.459637+00,anotador_125,62,,,,,"[{""pos"":8,""source"":""hyp"",""palabra"":""presión""}]"
2026-05-29 16:25:28.009635+00,anotador_125,62,4,Traje de presion siento que no existe,,buenos_aires_amba,"[{""pos"":8,""source"":""hyp"",""palabra"":""presión""},{""pos"":7,""source"":""hyp"",""palabra"":""de""},{""pos"":6,""source"":""hyp"",""palabra"":""traje""}]"
2026-05-29 16:25:45.61053+00,anotador_125,1023,5,,,buenos_aires_amba,[]
2026-05-29 16:26:00.57699+00,anotador_125,4723,5,,,buenos_aires_amba,[]
2026-05-29 16:26:10.616736+00,anotador_125,456,5,,,buenos_aires_amba,[]
2026-05-29 16:26:16.502069+00,anotador_125,832,5,,,buenos_aires_amba,[]
2026-05-29 16:26:23.50998+00,anotador_125,1001,3,Navidad ,,buenos_aires_amba,"[{""pos"":26,""source"":""prem"",""palabra"":""Nochebuena,""}]"
2026-05-29 16:26:43.202105+00,anotador_125,955,5,,,buenos_aires_amba,[]
2026-05-29 16:26:51.226095+00,anotador_125,126,4,Suena raro,,buenos_aires_amba,"[{""pos"":2,""source"":""hyp"",""palabra"":""formación""},{""pos"":3,""source"":""hyp"",""palabra"":""con""},{""pos"":4,""source"":""hyp"",""palabra"":""nadie.""}]"
2026-05-29 16:27:21.604325+00,anotador_125,3083,5,,,buenos_aires_amba,[]
2026-05-29 16:27:24.796477+00,anotador_125,417,5,,,buenos_aires_amba,[]
2026-05-29 16:27:30.285958+00,anotador_125,94,5,,,buenos_aires_amba,[]
2026-05-29 16:27:40.209588+00,anotador_125,423,3,„ Estimados“no es una palabras común y pastor luterano no se escucha en Argentina ,,buenos_aires_amba,"[{""pos"":32,""source"":""prem"",""palabra"":""estimados.""},{""pos"":5,""source"":""hyp"",""palabra"":""luterano.""},{""pos"":4,""source"":""hyp"",""palabra"":""pastor""}]"
2026-05-29 16:28:32.884059+00,anotador_125,4438,5,,,buenos_aires_amba,[]
2026-05-29 16:28:38.613922+00,anotador_125,31,5,,,buenos_aires_amba,[]
2026-05-29 16:28:44.55303+00,anotador_125,913,5,,,buenos_aires_amba,[]
2026-05-29 16:29:25.579523+00,anotador_045,9999,1,,,buenos_aires_amba,"[{""pos"":1,""source"":""prem"",""palabra"":""chaval""},{""pos"":1,""source"":""hyp"",""palabra"":""Kettering,""},{""pos"":4,""source"":""prem"",""palabra"":""móvil""},{""pos"":8,""source"":""prem"",""palabra"":""piso""},{""pos"":3,""source"":""hyp"",""palabra"":""Wollongong""},{""pos"":4,""source"":""hyp"",""palabra"":""Bears""},{""pos"":9,""source"":""hyp"",""palabra"":""Kilimsworth""}]"
2026-05-29 16:29:54.333779+00,anotador_045,358,,,,,"[{""pos"":2,""source"":""prem"",""palabra"":""inmediato,""}]"
2026-05-29 16:29:54.963296+00,anotador_045,358,4,,,buenos_aires_amba,"[{""pos"":2,""source"":""prem"",""palabra"":""inmediato,""},{""pos"":1,""source"":""prem"",""palabra"":""de""}]"
2026-05-29 16:30:06.796965+00,anotador_045,815,5,,,buenos_aires_amba,[]
2026-05-29 16:30:14.459494+00,anotador_045,359,5,,,buenos_aires_amba,[]
2026-05-29 16:30:26.51588+00,anotador_045,4237,5,,,buenos_aires_amba,[]
2026-05-29 16:30:35.75998+00,anotador_045,966,5,,,buenos_aires_amba,[]
2026-05-29 16:30:38.73761+00,anotador_045,247,5,,,buenos_aires_amba,[]
2026-05-29 16:30:42.712414+00,anotador_045,1000,4,Navidad ,,buenos_aires_amba,"[{""pos"":26,""source"":""prem"",""palabra"":""Nochebuena,""}]"
2026-05-29 16:30:56.768362+00,anotador_045,2428,4,,,buenos_aires_amba,[]
2026-05-29 16:31:03.177784+00,anotador_045,751,4,"Esta noche no solemos decir.
Solemos decir a la noche ",,buenos_aires_amba,"[{""pos"":11,""source"":""prem"",""palabra"":""Darkman,""},{""pos"":11,""source"":""hyp"",""palabra"":""esta""},{""pos"":12,""source"":""hyp"",""palabra"":""noche.""},{""pos"":23,""source"":""prem"",""palabra"":""esta""},{""pos"":24,""source"":""prem"",""palabra"":""noche""}]"
2026-05-29 16:31:50.544592+00,anotador_045,606,4,,,buenos_aires_amba,"[{""pos"":7,""source"":""hyp"",""palabra"":""miserables.""}]"
2026-05-29 16:32:07.168707+00,anotador_045,4933,5,,,buenos_aires_amba,[]
2026-05-29 16:32:14.878503+00,anotador_045,2303,5,,,buenos_aires_amba,[]
2026-05-29 16:32:22.105836+00,anotador_045,1067,5,,,buenos_aires_amba,[]
2026-05-29 16:32:27.685396+00,anotador_045,807,,,,,"[{""pos"":3,""source"":""prem"",""palabra"":""aseados,""}]"
2026-05-29 16:32:28.421119+00,anotador_045,807,4,Son palabras poco comunes ,,buenos_aires_amba,"[{""pos"":3,""source"":""prem"",""palabra"":""aseados,""},{""pos"":9,""source"":""prem"",""palabra"":""bluegrass""}]"
2026-05-29 16:33:02.695622+00,anotador_045,980,5,,,buenos_aires_amba,[]
2026-05-29 16:33:06.035671+00,anotador_045,882,5,,,buenos_aires_amba,[]
2026-05-29 16:33:13.842253+00,anotador_045,881,4,Vertedero es rara,,buenos_aires_amba,"[{""pos"":2,""source"":""hyp"",""palabra"":""vertedero""}]"
2026-05-29 16:33:32.681311+00,anotador_045,825,5,,,buenos_aires_amba,[]
2026-05-29 16:33:42.862001+00,anotador_045,1184,4,,,buenos_aires_amba,"[{""pos"":6,""source"":""hyp"",""palabra"":""castigaron""},{""pos"":35,""source"":""prem"",""palabra"":""chicanos.""}]"
2026-05-29 16:47:47.626288+00,anotador_197,9999,1,"Las palabras son todas del léxico tradicional español y no se usan en Argentina (chaval, cogió, movil). Después, en Argentina no se suele usar el adverbio “luego” y en su lugar se usa “después” (obvio no es excluyente pero regularmente no se suele usar).También es rara la posición del circunstancial de lugar (En Kettering) al principio de la oración. En Argentina, especialmente en la forma oral (en la escrita todo depende del registro y demás) los circunstanciales van en el medio o al final de las oraciones: “Los Womlongong Bears ganaron el… en Kettering” o -esta forma es muy usal- “Ganaron el Tournamente… en Kettering los Wollongong Bears….”",,la_pampa,"[{""pos"":1,""source"":""prem"",""palabra"":""chaval""},{""pos"":2,""source"":""prem"",""palabra"":""cogió""},{""pos"":4,""source"":""prem"",""palabra"":""móvil""},{""pos"":11,""source"":""prem"",""palabra"":""luego""},{""pos"":1,""source"":""hyp"",""palabra"":""Kettering,""},{""pos"":0,""source"":""hyp"",""palabra"":""En""},{""pos"":7,""source"":""hyp"",""palabra"":""Tournament""},{""pos"":8,""source"":""hyp"",""palabra"":""of""},{""pos"":10,""source"":""hyp"",""palabra"":""ante""},{""pos"":13,""source"":""hyp"",""palabra"":""fans.""}]"
2026-05-29 16:54:00.129284+00,anotador_197,478,3,"El verbo obtener no se suele usar en español: en su lugar se usan otros verbos que no tienen exactamente el mismo significado (tener, conseguir)",,la_pampa,"[{""pos"":4,""source"":""hyp"",""palabra"":""obtenerlo""}]"
2026-05-29 16:55:16.981537+00,anotador_197,1007,2,"Como máximo no se usa, en su lugar tal vez diríamos “como mucho”. “Se vuelven” suele reemplazarse por “se ponen” aunque no es imposible que se escuche. La palabra morado casi no se usa y en su lugar usamos “violeta”.",,la_pampa,"[{""pos"":9,""source"":""prem"",""palabra"":""morados.""},{""pos"":8,""source"":""prem"",""palabra"":""vuelven""},{""pos"":7,""source"":""prem"",""palabra"":""se""},{""pos"":5,""source"":""hyp"",""palabra"":""se""},{""pos"":6,""source"":""hyp"",""palabra"":""vuelven""},{""pos"":2,""source"":""prem"",""palabra"":""como""},{""pos"":3,""source"":""prem"",""palabra"":""máximo,""}]"
2026-05-29 16:57:23.873067+00,anotador_197,55,4,,,la_pampa,[]
2026-05-29 16:57:41.832337+00,anotador_197,241,4,"“De todos modos”: de nuevo, en la forma oral no lo escuchás tanto, en su lugar se suele usar “igual” o “igualmente”. Leche con chocolate se transforma en “chocolatada” en Argentina. ",,la_pampa,"[{""pos"":13,""source"":""prem"",""palabra"":""leche""},{""pos"":14,""source"":""prem"",""palabra"":""con""},{""pos"":15,""source"":""prem"",""palabra"":""chocolate""},{""pos"":1,""source"":""prem"",""palabra"":""todos""},{""pos"":0,""source"":""prem"",""palabra"":""De""},{""pos"":2,""source"":""prem"",""palabra"":""modos,""}]"
2026-05-29 16:59:08.077703+00,anotador_197,782,5,,,la_pampa,[]
2026-05-29 16:59:21.557418+00,anotador_197,420,4,,,la_pampa,[]
2026-05-29 16:59:35.610863+00,anotador_197,747,3,"No se suele usar “bien” en ese modo “reflexivo” que tiene en otras variantes del español. En su lugar usaríamos “bueno”, tal vez. El verbo obtener, incluso conjugado en rioplatense, me hace ruido. La estructura de la segunda oración también me es rara. En su lugar imagino que diríamos: “De él lo único que podés sacar/tener/recibir es caos”. ",,la_pampa,"[{""pos"":4,""source"":""prem"",""palabra"":""bien,""},{""pos"":6,""source"":""hyp"",""palabra"":""obtenés""}]"
2026-05-29 17:02:02.444245+00,anotador_197,501,4,"¿Tal vez drogodependientes? De todas formas me parece una palabra de registro científico que podría ser usada en ciertos contextos. Claro que para el hablante regular es extraña, drogadicta sí entra en su parámetro.",,la_pampa,"[{""pos"":13,""source"":""prem"",""palabra"":""drogodependientes""}]"
2026-05-29 17:03:13.597048+00,anotador_197,1039,3,"Faltan palabras: “no quiero que TE mueras” y “no me importa si TE morís”. En Argentina se le agrega el pronombre personal a verbos de este estilo que en otras variantes del español no. Es decir, en otras variantes del español el significado del verbo basta para dejar claro a quién refiere (“morir” -y no matar- es algo que no se le puede infringir a otro), por lo que no hace falta el pronombre. ",,la_pampa,"[{""pos"":4,""source"":""prem"",""palabra"":""quiero""},{""pos"":5,""source"":""prem"",""palabra"":""que""},{""pos"":6,""source"":""prem"",""palabra"":""mueras!""},{""pos"":3,""source"":""hyp"",""palabra"":""si""},{""pos"":4,""source"":""hyp"",""palabra"":""morís!""}]"
2026-05-29 17:09:47.148726+00,anotador_197,533,4,"En lugar de “sobre”, “de ejercicios…” ",,la_pampa,"[{""pos"":5,""source"":""hyp"",""palabra"":""sobre""}]"
2026-05-29 17:10:18.251297+00,anotador_197,1186,3,,,la_pampa,[]
2026-05-29 17:10:28.713586+00,anotador_197,858,4,Popular es de otro registro del español. En su lugar usaríamos alguna variante: “conocido”,,la_pampa,"[{""pos"":5,""source"":""prem"",""palabra"":""muy""},{""pos"":6,""source"":""prem"",""palabra"":""popular,""}]"
2026-05-29 17:11:09.499773+00,anotador_197,308,5,,,la_pampa,[]
2026-05-29 17:11:24.489526+00,anotador_197,1040,3,La segunda oración: “Me molestaría mucho si te morís”. ,,la_pampa,"[{""pos"":4,""source"":""prem"",""palabra"":""quiero""},{""pos"":6,""source"":""prem"",""palabra"":""mueras!""},{""pos"":5,""source"":""prem"",""palabra"":""que""},{""pos"":3,""source"":""hyp"",""palabra"":""si""},{""pos"":4,""source"":""hyp"",""palabra"":""murieras!""}]"
2026-05-29 17:12:08.726805+00,anotador_197,357,5,,,la_pampa,[]
2026-05-29 17:12:28.070164+00,anotador_197,405,4,,,la_pampa,[]
2026-05-29 17:12:43.499966+00,anotador_197,1177,3,,,la_pampa,[]
2026-05-29 17:13:00.281237+00,anotador_197,607,,,,,"[{""pos"":3,""source"":""hyp"",""palabra"":""estará""}]"
2026-05-29 17:13:00.54258+00,anotador_197,607,,,,,"[{""pos"":3,""source"":""hyp"",""palabra"":""estará""},{""pos"":4,""source"":""hyp"",""palabra"":""acá""}]"
2026-05-29 17:13:00.754849+00,anotador_197,607,,,,,"[{""pos"":3,""source"":""hyp"",""palabra"":""estará""},{""pos"":4,""source"":""hyp"",""palabra"":""acá""},{""pos"":2,""source"":""hyp"",""palabra"":""verano""}]"
2026-05-29 17:13:00.965916+00,anotador_197,607,3,"Me suena raro. Tal vez diríamos “Sí, seguro que el verano ya está por llegar”. No sé",,la_pampa,"[{""pos"":3,""source"":""hyp"",""palabra"":""estará""},{""pos"":4,""source"":""hyp"",""palabra"":""acá""},{""pos"":2,""source"":""hyp"",""palabra"":""verano""},{""pos"":1,""source"":""hyp"",""palabra"":""el""},{""pos"":0,""source"":""hyp"",""palabra"":""Ciertamente""}]"
2026-05-29 17:13:58.031619+00,anotador_197,1037,3,,,la_pampa,[]
2026-05-29 17:30:47.703733+00,anotador_261,1089,4,,,buenos_aires_amba,[]
2026-05-29 17:31:46.436976+00,anotador_261,208,5,,,buenos_aires_amba,[]
2026-05-29 17:34:12.636343+00,anotador_277,9999,2,,,,"[{""pos"":1,""source"":""prem"",""palabra"":""chaval""},{""pos"":2,""source"":""prem"",""palabra"":""cogió""},{""pos"":4,""source"":""prem"",""palabra"":""móvil""},{""pos"":8,""source"":""prem"",""palabra"":""piso""}]"
2026-05-29 17:34:51.912178+00,anotador_277,506,3,,,,"[{""pos"":3,""source"":""prem"",""palabra"":""agradable,""},{""pos"":5,""source"":""prem"",""palabra"":""estado""},{""pos"":4,""source"":""prem"",""palabra"":""ha""},{""pos"":5,""source"":""hyp"",""palabra"":""incesante""}]"
2026-05-29 17:35:42.996515+00,anotador_277,801,,,,,"[{""pos"":2,""source"":""prem"",""palabra"":""acabó""}]"
2026-05-30 00:40:38.623857+00,anotador_261,148,3,empiecen,,buenos_aires_amba,"[{""pos"":14,""source"":""prem"",""palabra"":""comiencen""}]"
2026-05-30 15:49:24.122675+00,anotador_050,9999,2,,,salta,"[{""pos"":1,""source"":""prem"",""palabra"":""chaval""},{""pos"":2,""source"":""prem"",""palabra"":""cogió""},{""pos"":4,""source"":""prem"",""palabra"":""móvil""},{""pos"":8,""source"":""prem"",""palabra"":""piso""},{""pos"":1,""source"":""hyp"",""palabra"":""Kettering,""},{""pos"":3,""source"":""hyp"",""palabra"":""Wollongong""},{""pos"":4,""source"":""hyp"",""palabra"":""Bears""},{""pos"":7,""source"":""hyp"",""palabra"":""Tournament""},{""pos"":8,""source"":""hyp"",""palabra"":""of""},{""pos"":9,""source"":""hyp"",""palabra"":""Kilimsworth""}]"
2026-05-30 15:51:04.003749+00,anotador_050,1170,5,,,salta,[]
2026-05-30 15:51:31.08443+00,anotador_050,589,5,,,salta,[]
2026-05-30 15:51:39.418592+00,anotador_050,610,5,,,salta,[]
2026-05-30 15:51:48.877548+00,anotador_050,932,4,,,salta,"[{""pos"":29,""source"":""prem"",""palabra"":""Raleigh""}]"
2026-05-30 15:52:03.516799+00,anotador_050,744,3,,,salta,"[{""pos"":2,""source"":""prem"",""palabra"":""Plano,""},{""pos"":3,""source"":""prem"",""palabra"":""Texas,""}]"
2026-05-30 15:52:27.250494+00,anotador_050,1052,5,,,salta,[]
2026-05-30 15:52:32.443056+00,anotador_050,488,3,,,salta,"[{""pos"":5,""source"":""prem"",""palabra"":""Mallard""},{""pos"":6,""source"":""prem"",""palabra"":""Creek,""},{""pos"":1,""source"":""prem"",""palabra"":""en""},{""pos"":2,""source"":""prem"",""palabra"":""el""},{""pos"":4,""source"":""prem"",""palabra"":""de""},{""pos"":3,""source"":""prem"",""palabra"":""85""},{""pos"":11,""source"":""prem"",""palabra"":""485""},{""pos"":19,""source"":""prem"",""palabra"":""485.""},{""pos"":16,""source"":""prem"",""palabra"":""debido""},{""pos"":17,""source"":""prem"",""palabra"":""a""},{""pos"":18,""source"":""prem"",""palabra"":""los""}]"
2026-05-30 15:53:17.505132+00,anotador_050,737,5,,,salta,[]
2026-05-30 15:53:36.587841+00,anotador_050,193,5,,,salta,[]
2026-05-30 15:53:48.367566+00,anotador_050,194,5,,,salta,[]
2026-05-30 15:53:54.998406+00,anotador_050,92,4,,,salta,"[{""pos"":4,""source"":""prem"",""palabra"":""ligera!""}]"
2026-05-30 15:54:35.52881+00,anotador_050,149,5,,,salta,[]
2026-05-30 15:55:20.692079+00,anotador_050,1106,4,,,salta,[]
2026-05-30 15:55:32.85817+00,anotador_050,202,5,,,salta,[]
2026-05-30 15:55:38.723495+00,anotador_050,553,5,,,salta,[]
2026-05-30 15:56:14.026702+00,anotador_050,4808,5,,,salta,[]
2026-05-30 15:56:39.512622+00,anotador_050,242,4,,,salta,[]
2026-05-30 15:56:50.434694+00,anotador_050,586,5,,,salta,[]
2026-05-30 15:57:22.885743+00,anotador_050,3287,5,,,salta,[]
2026-05-30 15:57:36.494656+00,anotador_050,1187,5,,,salta,[]
2026-05-30 15:58:23.616104+00,anotador_050,1012,3,,,salta,"[{""pos"":5,""source"":""prem"",""palabra"":""menudo""},{""pos"":4,""source"":""prem"",""palabra"":""¿a""},{""pos"":4,""source"":""hyp"",""palabra"":""menudo""},{""pos"":3,""source"":""hyp"",""palabra"":""a""}]"
2026-05-30 15:58:44.741446+00,anotador_050,350,4,,,salta,"[{""pos"":5,""source"":""hyp"",""palabra"":""un""},{""pos"":6,""source"":""hyp"",""palabra"":""largo""}]"
2026-05-30 15:59:17.908352+00,anotador_050,926,5,,,salta,[]
2026-05-30 15:59:50.878241+00,anotador_050,990,4,,,salta,"[{""pos"":4,""source"":""prem"",""palabra"":""un""},{""pos"":5,""source"":""prem"",""palabra"":""acre,""},{""pos"":6,""source"":""hyp"",""palabra"":""acre.""},{""pos"":5,""source"":""hyp"",""palabra"":""un""}]"
2026-05-30 16:00:19.929049+00,anotador_050,291,4,,,salta,"[{""pos"":10,""source"":""prem"",""palabra"":""cometer""},{""pos"":3,""source"":""hyp"",""palabra"":""cometimos""}]"
2026-05-30 16:00:45.419233+00,anotador_050,879,4,Tremendo,,salta,"[{""pos"":6,""source"":""prem"",""palabra"":""estupendo""}]"
2026-05-30 16:01:13.424748+00,anotador_050,90,4,Re funable.,,salta,"[{""pos"":4,""source"":""prem"",""palabra"":""ligera!""}]"
2026-05-30 16:02:05.47544+00,anotador_050,179,3,,,salta,"[{""pos"":1,""source"":""hyp"",""palabra"":""no""},{""pos"":0,""source"":""hyp"",""palabra"":""Él""},{""pos"":2,""source"":""hyp"",""palabra"":""nació""},{""pos"":3,""source"":""hyp"",""palabra"":""hasta""},{""pos"":4,""source"":""hyp"",""palabra"":""1984.""}]"
2026-05-30 16:02:25.476797+00,anotador_050,487,3,,,salta,"[{""pos"":3,""source"":""prem"",""palabra"":""85""},{""pos"":4,""source"":""prem"",""palabra"":""de""},{""pos"":5,""source"":""prem"",""palabra"":""Mallard""},{""pos"":6,""source"":""prem"",""palabra"":""Creek,""},{""pos"":11,""source"":""prem"",""palabra"":""485""},{""pos"":10,""source"":""prem"",""palabra"":""el""},{""pos"":19,""source"":""prem"",""palabra"":""485.""},{""pos"":18,""source"":""prem"",""palabra"":""los""}]"
2026-05-30 16:02:54.066928+00,anotador_050,434,5,,,salta,[]
2026-05-30 16:03:54.449325+00,anotador_050,72,5,,,salta,[]
2026-05-30 16:03:59.674641+00,anotador_050,541,5,,,salta,[]
2026-05-30 16:04:07.985445+00,anotador_050,786,5,,,salta,[]
2026-05-30 16:04:22.37786+00,anotador_050,795,5,,,salta,[]
2026-05-30 16:04:43.285167+00,anotador_050,1074,5,,,salta,[]
2026-05-30 16:05:16.40834+00,anotador_050,814,5,Funable x2,,salta,[]
2026-05-30 16:05:39.185219+00,anotador_050,1190,5,,,salta,[]
2026-05-30 16:05:44.466686+00,anotador_050,1033,3,,,salta,"[{""pos"":1,""source"":""hyp"",""palabra"":""pregunto""},{""pos"":0,""source"":""hyp"",""palabra"":""Me""},{""pos"":5,""source"":""hyp"",""palabra"":""aprecio""}]"
2026-05-30 16:05:59.627951+00,anotador_050,909,4,,,salta,"[{""pos"":8,""source"":""prem"",""palabra"":""adiós""}]"
2026-05-30 16:06:30.972642+00,anotador_050,2465,5,,,salta,[]
2026-05-30 16:07:40.00913+00,anotador_050,1013,4,,,salta,"[{""pos"":4,""source"":""prem"",""palabra"":""¿a""},{""pos"":5,""source"":""prem"",""palabra"":""menudo""}]"
2026-05-30 16:07:57.207399+00,anotador_050,1005,4,Violeta,,salta,"[{""pos"":9,""source"":""prem"",""palabra"":""morados.""},{""pos"":10,""source"":""hyp"",""palabra"":""morado.""}]"
2026-05-30 16:08:08.718624+00,anotador_050,935,4,,,salta,"[{""pos"":8,""source"":""hyp"",""palabra"":""tienda.""}]"
2026-05-30 16:09:43.568586+00,anotador_050,1111,2,,,salta,[]
2026-05-30 16:10:10.414138+00,anotador_050,801,2,,,salta,"[{""pos"":2,""source"":""prem"",""palabra"":""acabó""},{""pos"":0,""source"":""hyp"",""palabra"":""Supe""},{""pos"":1,""source"":""hyp"",""palabra"":""al""},{""pos"":2,""source"":""hyp"",""palabra"":""instante""},{""pos"":9,""source"":""prem"",""palabra"":""me""},{""pos"":8,""source"":""prem"",""palabra"":""se""},{""pos"":10,""source"":""prem"",""palabra"":""acaba""},{""pos"":11,""source"":""prem"",""palabra"":""de""},{""pos"":12,""source"":""prem"",""palabra"":""olvidar""}]"
2026-05-30 16:11:19.16341+00,anotador_050,301,5,,,salta,[]
2026-05-30 16:11:23.714021+00,anotador_050,139,3,,,salta,"[{""pos"":1,""source"":""hyp"",""palabra"":""la""},{""pos"":2,""source"":""hyp"",""palabra"":""bolsa""},{""pos"":4,""source"":""prem"",""palabra"":""equipaje""},{""pos"":14,""source"":""prem"",""palabra"":""debía.""}]"
2026-05-30 16:11:55.90582+00,anotador_050,2419,4,,,salta,"[{""pos"":18,""source"":""prem"",""palabra"":""rival""}]"
2026-05-30 16:12:06.216344+00,anotador_050,173,3,,,salta,"[{""pos"":4,""source"":""prem"",""palabra"":""olvídalo,""},{""pos"":5,""source"":""prem"",""palabra"":""me""},{""pos"":6,""source"":""prem"",""palabra"":""voy""},{""pos"":7,""source"":""prem"",""palabra"":""a""},{""pos"":8,""source"":""prem"",""palabra"":""comer""},{""pos"":9,""source"":""prem"",""palabra"":""el""},{""pos"":10,""source"":""prem"",""palabra"":""almuerzo.""},{""pos"":9,""source"":""hyp"",""palabra"":""cafetería.""}]"
2026-05-30 16:12:44.531489+00,anotador_050,1132,5,,,salta,[]
2026-05-30 16:12:54.599557+00,anotador_050,570,5,,,salta,[]
2026-05-30 16:13:10.032682+00,anotador_050,843,,,,,"[{""pos"":10,""source"":""prem"",""palabra"":""por""}]"
2026-05-30 16:13:10.352111+00,anotador_050,843,4,,,salta,"[{""pos"":10,""source"":""prem"",""palabra"":""por""},{""pos"":11,""source"":""prem"",""palabra"":""supuesto,""},{""pos"":10,""source"":""hyp"",""palabra"":""estado.""}]"
2026-05-30 16:13:34.348691+00,anotador_050,3542,5,,,salta,[]
2026-05-30 16:13:56.91556+00,anotador_050,2707,5,,,salta,[]
2026-05-30 16:14:01.434421+00,anotador_050,580,5,,,salta,[]
2026-05-30 16:14:23.879798+00,anotador_050,1114,5,,,salta,[]
2026-05-30 16:14:38.316841+00,anotador_050,64,5,,,salta,[]
2026-05-30 16:14:44.549691+00,anotador_050,1150,3,,,salta,"[{""pos"":8,""source"":""prem"",""palabra"":""Hood""},{""pos"":6,""source"":""prem"",""palabra"":""RCA""},{""pos"":7,""source"":""prem"",""palabra"":""de""},{""pos"":12,""source"":""prem"",""palabra"":""Pan""},{""pos"":14,""source"":""prem"",""palabra"":""(hoy""},{""pos"":15,""source"":""prem"",""palabra"":""MetLife)""},{""pos"":16,""source"":""prem"",""palabra"":""de""},{""pos"":17,""source"":""prem"",""palabra"":""Gropius,""},{""pos"":2,""source"":""hyp"",""palabra"":""RCA""},{""pos"":3,""source"":""hyp"",""palabra"":""de""},{""pos"":4,""source"":""hyp"",""palabra"":""Hood""},{""pos"":11,""source"":""hyp"",""palabra"":""Pan""},{""pos"":12,""source"":""hyp"",""palabra"":""Am""},{""pos"":13,""source"":""hyp"",""palabra"":""de""},{""pos"":14,""source"":""hyp"",""palabra"":""Gropius.""}]"
2026-05-30 16:15:05.402238+00,anotador_050,191,5,,,salta,[]
2026-05-30 16:15:17.438151+00,anotador_050,489,4,El che al principio o al final de la oración. No las dos,,salta,"[{""pos"":6,""source"":""prem"",""palabra"":""che.""}]"
2026-05-30 16:16:18.506462+00,anotador_050,746,3,,,salta,"[{""pos"":2,""source"":""prem"",""palabra"":""Plano,""},{""pos"":3,""source"":""prem"",""palabra"":""Texas,""},{""pos"":0,""source"":""hyp"",""palabra"":""Plano,""},{""pos"":1,""source"":""hyp"",""palabra"":""Texas""}]"
2026-05-30 16:16:33.292072+00,anotador_050,596,4,,,salta,"[{""pos"":1,""source"":""hyp"",""palabra"":""magnífico""}]"
2026-05-30 16:16:43.439607+00,anotador_050,169,5,,,salta,[]
2026-05-30 16:16:59.754071+00,anotador_050,1010,5,,,salta,[]
2026-05-30 16:17:07.158418+00,anotador_050,797,5,,,salta,"[{""pos"":5,""source"":""hyp"",""palabra"":""sucede""}]"
2026-05-30 16:17:21.7229+00,anotador_050,536,5,,,salta,[]
2026-05-30 16:17:27.096281+00,anotador_050,81,4,,,salta,"[{""pos"":3,""source"":""hyp"",""palabra"":""tienda""}]"
2026-05-30 16:17:57.238009+00,anotador_050,212,5,,,salta,[]
2026-05-30 16:18:16.513563+00,anotador_050,924,5,,,salta,[]
2026-05-30 16:18:30.423026+00,anotador_050,366,5,,,salta,[]
2026-05-30 16:18:46.7543+00,anotador_050,994,3,,,salta,"[{""pos"":8,""source"":""hyp"",""palabra"":""lo""},{""pos"":9,""source"":""hyp"",""palabra"":""harán.""},{""pos"":3,""source"":""prem"",""palabra"":""habrán""},{""pos"":2,""source"":""prem"",""palabra"":""se""},{""pos"":4,""source"":""prem"",""palabra"":""ido""}]"
2026-05-30 16:19:03.71087+00,anotador_050,234,4,,,salta,[]
2026-05-30 16:19:24.284854+00,anotador_050,65,4,,,salta,"[{""pos"":14,""source"":""prem"",""palabra"":""explotaría,""}]"
2026-05-30 16:19:36.697796+00,anotador_050,3112,4,,,salta,"[{""pos"":5,""source"":""prem"",""palabra"":""ocurre.""},{""pos"":7,""source"":""hyp"",""palabra"":""sucedió""}]"
2026-05-30 16:19:58.671735+00,anotador_050,121,4,,,salta,"[{""pos"":31,""source"":""prem"",""palabra"":""supuesto.""},{""pos"":30,""source"":""prem"",""palabra"":""por""}]"
2026-05-30 16:20:17.411424+00,anotador_050,165,4,,,salta,"[{""pos"":7,""source"":""prem"",""palabra"":""olvido""},{""pos"":8,""source"":""prem"",""palabra"":""cómo...""}]"
2026-05-30 16:20:33.436085+00,anotador_050,152,5,,,salta,[]
2026-05-30 16:20:46.008619+00,anotador_050,860,5,,,salta,[]
2026-05-30 16:20:54.635653+00,anotador_050,779,3,,,salta,"[{""pos"":9,""source"":""prem"",""palabra"":""mmm,""},{""pos"":4,""source"":""prem"",""palabra"":""bruscamente,""},{""pos"":6,""source"":""prem"",""palabra"":""bruscamente""}]"
2026-05-30 16:21:17.597983+00,anotador_050,1035,4,,,salta,"[{""pos"":5,""source"":""prem"",""palabra"":""espín""},{""pos"":11,""source"":""hyp"",""palabra"":""espines.""}]"
2026-05-30 17:22:09.557925+00,anotador_261,798,5,,,buenos_aires_amba,[]
2026-05-30 17:31:09.525763+00,anotador_261,6784,5,,,buenos_aires_amba,[]
2026-05-30 17:33:47.250793+00,anotador_261,4604,4,,,buenos_aires_amba,[]
2026-05-30 20:38:48.528357+00,anotador_165,9999,1,,,,[]
2026-05-30 20:53:54.760824+00,anotador_156,2219,5,,,buenos_aires_amba,[]
2026-05-30 21:06:37.997936+00,anotador_261,1253,5,,,buenos_aires_amba,[]
2026-05-30 21:06:52.78805+00,anotador_261,4882,2,,,buenos_aires_amba,"[{""pos"":9,""source"":""prem"",""palabra"":""rancho""},{""pos"":15,""source"":""prem"",""palabra"":""México,""},{""pos"":24,""source"":""prem"",""palabra"":""rancheros""},{""pos"":32,""source"":""prem"",""palabra"":""Oeste""},{""pos"":34,""source"":""prem"",""palabra"":""norte""}]"
2026-05-30 21:13:11.816892+00,anotador_290,9999,1,,,buenos_aires_amba,[]
2026-05-30 21:13:31.651834+00,anotador_290,1985,5,,,buenos_aires_amba,[]
2026-05-30 21:13:44.397706+00,anotador_290,6279,4,ponemos el pesos adelante,,buenos_aires_amba,"[{""pos"":5,""source"":""hyp"",""palabra"":""$""}]"
2026-05-30 21:14:28.643184+00,anotador_290,6605,5,,,buenos_aires_amba,[]
2026-05-30 21:14:37.179973+00,anotador_290,4714,4,,,buenos_aires_amba,[]
2026-05-30 21:14:47.785353+00,anotador_290,1961,5,,,buenos_aires_amba,[]
2026-05-30 21:14:58.05261+00,anotador_290,5607,5,,,buenos_aires_amba,[]
2026-05-30 21:15:07.218159+00,anotador_290,4735,2,,,buenos_aires_amba,"[{""pos"":0,""source"":""prem"",""palabra"":""baratijas""}]"
2026-05-30 21:16:17.045021+00,anotador_290,7436,3,,,buenos_aires_amba,"[{""pos"":30,""source"":""prem"",""palabra"":""norte""},{""pos"":32,""source"":""prem"",""palabra"":""Canadá.""},{""pos"":10,""source"":""prem"",""palabra"":""Canadá,""},{""pos"":13,""source"":""prem"",""palabra"":""Newman""},{""pos"":15,""source"":""prem"",""palabra"":""Pierre""},{""pos"":16,""source"":""prem"",""palabra"":""Berton,""},{""pos"":10,""source"":""hyp"",""palabra"":""Pierre""},{""pos"":11,""source"":""hyp"",""palabra"":""Berton""},{""pos"":6,""source"":""hyp"",""palabra"":""Peter""},{""pos"":8,""source"":""hyp"",""palabra"":""Newman""},{""pos"":7,""source"":""hyp"",""palabra"":""C.""}]"
2026-05-30 21:16:41.516749+00,anotador_290,4444,3,,,buenos_aires_amba,[]
2026-05-30 21:16:51.158143+00,anotador_290,4595,4,,,buenos_aires_amba,[]
2026-05-30 21:17:16.191737+00,anotador_290,7154,3,En el de abajo tradujo doble.,,buenos_aires_amba,[]
2026-05-30 21:17:53.326779+00,anotador_290,5626,4,,,buenos_aires_amba,[]
2026-05-30 21:18:06.122437+00,anotador_290,6267,2,,,buenos_aires_amba,"[{""pos"":16,""source"":""prem"",""palabra"":""correo""},{""pos"":17,""source"":""prem"",""palabra"":""publicitario.""},{""pos"":14,""source"":""prem"",""palabra"":""hogar""}]"
2026-05-30 21:18:22.081742+00,anotador_290,3273,3,,,buenos_aires_amba,"[{""pos"":15,""source"":""prem"",""palabra"":""tailandesas,""},{""pos"":2,""source"":""hyp"",""palabra"":""tailandesas""}]"
2026-05-30 21:18:33.755691+00,anotador_290,4225,5,,,buenos_aires_amba,[]
2026-05-30 21:18:43.400545+00,anotador_290,5617,3,,,buenos_aires_amba,"[{""pos"":27,""source"":""prem"",""palabra"":""estadounidense.""}]"
2026-05-30 21:18:51.110323+00,anotador_290,4403,2,,,buenos_aires_amba,"[{""pos"":9,""source"":""prem"",""palabra"":""sheriff""},{""pos"":27,""source"":""prem"",""palabra"":""von""},{""pos"":28,""source"":""prem"",""palabra"":""Trapp""},{""pos"":13,""source"":""hyp"",""palabra"":""sheriff.""}]"
2026-05-30 21:19:10.376735+00,anotador_290,717,5,,,buenos_aires_amba,[]
2026-05-30 21:19:22.938527+00,anotador_290,1245,5,,,buenos_aires_amba,[]
2026-05-30 21:19:30.349918+00,anotador_290,1877,,,,,"[{""pos"":6,""source"":""prem"",""palabra"":""quijotesco""}]"
2026-05-30 21:19:30.650833+00,anotador_290,1877,3,,,buenos_aires_amba,"[{""pos"":6,""source"":""prem"",""palabra"":""quijotesco""},{""pos"":5,""source"":""prem"",""palabra"":""tonto""}]"
2026-05-30 21:20:30.222535+00,anotador_290,5089,2,pesimo,,,"[{""pos"":5,""source"":""prem"",""palabra"":""fatal.""}]"
2026-05-30 21:20:48.525795+00,anotador_290,4610,2,,,,"[{""pos"":8,""source"":""prem"",""palabra"":""Sr.""},{""pos"":9,""source"":""prem"",""palabra"":""Room""},{""pos"":19,""source"":""prem"",""palabra"":""desliz""},{""pos"":0,""source"":""hyp"",""palabra"":""Bummel""},{""pos"":22,""source"":""prem"",""palabra"":""Bummel""}]"
2026-05-30 21:21:06.700626+00,anotador_290,5316,5,,,,[]
2026-05-30 21:21:10.958923+00,anotador_290,2043,3,,,,"[{""pos"":0,""source"":""prem"",""palabra"":""Kublai""},{""pos"":1,""source"":""prem"",""palabra"":""Khan""},{""pos"":12,""source"":""prem"",""palabra"":""Beihai""},{""pos"":14,""source"":""prem"",""palabra"":""Beijing,""},{""pos"":0,""source"":""hyp"",""palabra"":""Kublai""},{""pos"":1,""source"":""hyp"",""palabra"":""Khan""},{""pos"":6,""source"":""hyp"",""palabra"":""Taiwán.""}]"
2026-05-30 21:23:10.488737+00,anotador_261,4573,5,,,buenos_aires_amba,[]
2026-05-30 21:28:24.699625+00,anotador_228,9999,1,,,,"[{""pos"":1,""source"":""prem"",""palabra"":""chaval""},{""pos"":4,""source"":""prem"",""palabra"":""móvil""},{""pos"":2,""source"":""prem"",""palabra"":""cogió""},{""pos"":1,""source"":""hyp"",""palabra"":""Kettering,""},{""pos"":3,""source"":""hyp"",""palabra"":""Wollongong""},{""pos"":4,""source"":""hyp"",""palabra"":""Bears""},{""pos"":7,""source"":""hyp"",""palabra"":""Tournament""},{""pos"":9,""source"":""hyp"",""palabra"":""Kilimsworth""},{""pos"":8,""source"":""prem"",""palabra"":""piso""}]"
2026-05-30 21:28:40.714353+00,anotador_228,4830,2,,,,"[{""pos"":0,""source"":""prem"",""palabra"":""Deborah""},{""pos"":1,""source"":""prem"",""palabra"":""Cameron""},{""pos"":3,""source"":""prem"",""palabra"":""Deborah""},{""pos"":4,""source"":""prem"",""palabra"":""Hills""},{""pos"":29,""source"":""prem"",""palabra"":""LBC""},{""pos"":30,""source"":""prem"",""palabra"":""Radio,""},{""pos"":36,""source"":""prem"",""palabra"":""Londres,""},{""pos"":3,""source"":""hyp"",""palabra"":""Deborah""},{""pos"":0,""source"":""hyp"",""palabra"":""Deborah""},{""pos"":4,""source"":""hyp"",""palabra"":""Hills""},{""pos"":1,""source"":""hyp"",""palabra"":""Cameron""}]"
2026-05-30 21:29:30.704932+00,anotador_228,3479,4,,,,[]
2026-05-30 21:30:21.260261+00,anotador_228,1191,3,,,,"[{""pos"":17,""source"":""prem"",""palabra"":""Cruz""},{""pos"":18,""source"":""prem"",""palabra"":""Sagrada.""}]"
2026-05-30 21:30:33.414342+00,anotador_228,3454,3,,,,"[{""pos"":9,""source"":""prem"",""palabra"":""Jules""},{""pos"":10,""source"":""prem"",""palabra"":""Naudet""},{""pos"":12,""source"":""prem"",""palabra"":""Gedeon""},{""pos"":13,""source"":""prem"",""palabra"":""Naudet,""},{""pos"":25,""source"":""prem"",""palabra"":""FDNY,""}]"
2026-05-30 21:31:09.45131+00,anotador_228,4582,5,,,,[]
2026-05-30 21:32:00.428981+00,anotador_228,4121,3,precio,,,"[{""pos"":1,""source"":""hyp"",""palabra"":""coste""},{""pos"":2,""source"":""hyp"",""palabra"":""monetario""}]"
2026-05-30 22:01:30.523733+00,anotador_228,1799,4,,,,[]
2026-05-30 22:01:39.811739+00,anotador_228,2903,5,,,,[]
2026-05-30 22:28:55.148825+00,anotador_192,9999,2,,,salta,"[{""pos"":1,""source"":""prem"",""palabra"":""chaval""},{""pos"":2,""source"":""prem"",""palabra"":""cogió""},{""pos"":4,""source"":""prem"",""palabra"":""móvil""},{""pos"":8,""source"":""prem"",""palabra"":""piso""},{""pos"":11,""source"":""prem"",""palabra"":""luego""},{""pos"":1,""source"":""hyp"",""palabra"":""Kettering,""},{""pos"":3,""source"":""hyp"",""palabra"":""Wollongong""},{""pos"":4,""source"":""hyp"",""palabra"":""Bears""},{""pos"":7,""source"":""hyp"",""palabra"":""Tournament""},{""pos"":9,""source"":""hyp"",""palabra"":""Kilimsworth""},{""pos"":13,""source"":""hyp"",""palabra"":""fans.""},{""pos"":8,""source"":""hyp"",""palabra"":""of""}]"
2026-05-30 22:29:28.035219+00,anotador_192,6320,4,,,salta,"[{""pos"":30,""source"":""prem"",""palabra"":""los""},{""pos"":31,""source"":""prem"",""palabra"":""Estados""},{""pos"":32,""source"":""prem"",""palabra"":""Unidos.""}]"
2026-05-30 22:29:42.896231+00,anotador_192,5541,5,,,salta,[]
2026-05-30 22:29:52.397574+00,anotador_192,2574,4,,,salta,"[{""pos"":7,""source"":""hyp"",""palabra"":""escucharán""}]"
2026-05-30 22:30:00.817298+00,anotador_314,9999,2,,,salta,"[{""pos"":1,""source"":""prem"",""palabra"":""chaval""},{""pos"":2,""source"":""prem"",""palabra"":""cogió""},{""pos"":4,""source"":""prem"",""palabra"":""móvil""}]"
2026-05-30 22:30:17.273539+00,anotador_192,5554,5,,,salta,[]
2026-05-30 22:30:24.851738+00,anotador_192,2196,4,,,salta,"[{""pos"":6,""source"":""prem"",""palabra"":""podrá""}]"
2026-05-30 22:30:39.780247+00,anotador_192,4819,4,,,salta,[]
2026-05-30 22:30:51.0971+00,anotador_192,2454,5,,,salta,[]
2026-05-30 22:30:55.281653+00,anotador_314,3581,4,,,salta,"[{""pos"":3,""source"":""prem"",""palabra"":""boletos""}]"
2026-05-30 22:31:18.540836+00,anotador_192,3739,5,,,salta,[]
2026-05-30 22:31:21.794798+00,anotador_192,3876,5,,,salta,[]
2026-05-30 22:31:24.939465+00,anotador_192,7032,4,,,salta,"[{""pos"":4,""source"":""prem"",""palabra"":""Linda""},{""pos"":5,""source"":""prem"",""palabra"":""Tripp""},{""pos"":10,""source"":""hyp"",""palabra"":""Tripp.""}]"
2026-05-30 22:31:27.249515+00,anotador_314,1292,5,,,salta,[]
2026-05-30 22:31:40.946148+00,anotador_192,7354,5,,,salta,[]
2026-05-30 22:31:41.052076+00,anotador_314,3128,5,,,salta,[]
2026-05-30 22:31:51.990846+00,anotador_192,3946,4,,,salta,"[{""pos"":9,""source"":""hyp"",""palabra"":""ellas""}]"
2026-05-30 22:31:57.685959+00,anotador_192,6212,5,,,salta,[]
2026-05-30 22:31:58.045344+00,anotador_314,4090,5,,,salta,[]
2026-05-30 22:32:00.815765+00,anotador_333,9999,2,,,,"[{""pos"":1,""source"":""prem"",""palabra"":""chaval""},{""pos"":4,""source"":""prem"",""palabra"":""móvil""},{""pos"":8,""source"":""prem"",""palabra"":""piso""}]"
2026-05-30 22:32:07.019659+00,anotador_192,6693,4,,,salta,"[{""pos"":1,""source"":""prem"",""palabra"":""resumiremos""},{""pos"":3,""source"":""hyp"",""palabra"":""describirá""}]"
2026-05-30 22:32:12.425826+00,anotador_314,7019,5,,,salta,[]
2026-05-30 22:32:22.271287+00,anotador_192,6890,4,,,salta,"[{""pos"":12,""source"":""prem"",""palabra"":""IUPUI""},{""pos"":13,""source"":""prem"",""palabra"":""University""}]"
2026-05-30 22:32:24.253599+00,anotador_314,4096,5,,,salta,[]
2026-05-30 22:32:32.164877+00,anotador_314,4160,5,,,salta,[]
2026-05-30 22:32:33.049875+00,anotador_333,5611,,,,,"[{""pos"":2,""source"":""prem"",""palabra"":""sudoeste""}]"
2026-05-30 22:32:36.644121+00,anotador_192,3195,4,,,salta,"[{""pos"":7,""source"":""hyp"",""palabra"":""EAU.""},{""pos"":4,""source"":""prem"",""palabra"":""EAU""}]"
2026-05-30 22:32:40.411631+00,anotador_314,4435,5,,,salta,[]
2026-05-30 22:32:45.880661+00,anotador_192,7150,4,,,salta,"[{""pos"":3,""source"":""prem"",""palabra"":""Bugsy""},{""pos"":4,""source"":""prem"",""palabra"":""Siegel""},{""pos"":6,""source"":""prem"",""palabra"":""Kid""},{""pos"":7,""source"":""prem"",""palabra"":""Twist""},{""pos"":4,""source"":""hyp"",""palabra"":""Bugsy""},{""pos"":5,""source"":""hyp"",""palabra"":""Siegel""},{""pos"":7,""source"":""hyp"",""palabra"":""Kid""},{""pos"":8,""source"":""hyp"",""palabra"":""Twist""},{""pos"":18,""source"":""hyp"",""palabra"":""automáticamente""}]"
2026-05-30 22:32:57.491281+00,anotador_192,4101,4,,,salta,"[{""pos"":6,""source"":""prem"",""palabra"":""Car""},{""pos"":7,""source"":""prem"",""palabra"":""Talk,""}]"
2026-05-30 22:32:58.387307+00,anotador_314,5827,5,,,salta,[]
2026-05-30 22:33:18.672824+00,anotador_192,2822,2,,,salta,[]
2026-05-30 22:33:21.365269+00,anotador_314,2180,5,,,salta,[]
2026-05-30 22:33:31.318285+00,anotador_166,9999,1,,,buenos_aires_amba,"[{""pos"":1,""source"":""prem"",""palabra"":""chaval""},{""pos"":2,""source"":""prem"",""palabra"":""cogió""},{""pos"":4,""source"":""prem"",""palabra"":""móvil""},{""pos"":8,""source"":""prem"",""palabra"":""piso""},{""pos"":1,""source"":""hyp"",""palabra"":""Kettering,""},{""pos"":3,""source"":""hyp"",""palabra"":""Wollongong""},{""pos"":4,""source"":""hyp"",""palabra"":""Bears""},{""pos"":7,""source"":""hyp"",""palabra"":""Tournament""},{""pos"":8,""source"":""hyp"",""palabra"":""of""},{""pos"":9,""source"":""hyp"",""palabra"":""Kilimsworth""},{""pos"":10,""source"":""hyp"",""palabra"":""ante""}]"
2026-05-30 22:33:35.375034+00,anotador_314,5377,5,,,salta,[]
2026-05-30 22:33:57.677049+00,anotador_314,2723,5,,,salta,[]
2026-05-30 22:34:11.178741+00,anotador_166,6961,5,,,buenos_aires_amba,[]
2026-05-30 22:34:21.000482+00,anotador_314,7089,5,,,salta,[]
2026-05-30 22:34:40.930494+00,anotador_166,5887,4,,,buenos_aires_amba,"[{""pos"":1,""source"":""prem"",""palabra"":""embarazosa""},{""pos"":12,""source"":""prem"",""palabra"":""altercado""}]"
2026-05-30 22:34:46.606989+00,anotador_314,595,5,,,salta,[]
2026-05-30 22:34:49.312021+00,anotador_059,9999,2,,,,"[{""pos"":1,""source"":""prem"",""palabra"":""chaval""},{""pos"":2,""source"":""prem"",""palabra"":""cogió""},{""pos"":4,""source"":""prem"",""palabra"":""móvil""},{""pos"":8,""source"":""prem"",""palabra"":""piso""}]"
2026-05-30 22:34:58.617836+00,anotador_166,1917,5,,,buenos_aires_amba,[]
2026-05-30 22:35:01.332451+00,anotador_166,5261,2,,,buenos_aires_amba,"[{""pos"":2,""source"":""prem"",""palabra"":""Snake""},{""pos"":3,""source"":""prem"",""palabra"":""River,""},{""pos"":0,""source"":""prem"",""palabra"":""ah,""},{""pos"":4,""source"":""prem"",""palabra"":""ah""},{""pos"":5,""source"":""prem"",""palabra"":""Snake""},{""pos"":6,""source"":""prem"",""palabra"":""River""},{""pos"":0,""source"":""hyp"",""palabra"":""Snake""},{""pos"":1,""source"":""hyp"",""palabra"":""River""}]"
2026-05-30 22:35:06.569247+00,anotador_314,2858,4,,,salta,"[{""pos"":19,""source"":""hyp"",""palabra"":""milla""}]"
2026-05-30 22:35:28.552729+00,anotador_166,4726,5,,,buenos_aires_amba,[]
2026-05-30 22:35:30.387251+00,anotador_059,6204,3,,,,[]
2026-05-30 22:35:36.028998+00,anotador_166,6010,3,,,buenos_aires_amba,"[{""pos"":15,""source"":""prem"",""palabra"":""House""},{""pos"":1,""source"":""hyp"",""palabra"":""NYC""},{""pos"":2,""source"":""hyp"",""palabra"":""Ballet""},{""pos"":1,""source"":""prem"",""palabra"":""Ballet""}]"
2026-05-30 22:35:38.940879+00,anotador_314,1210,5,,,salta,[]
2026-05-30 22:35:47.782967+00,anotador_059,4984,4,,,,[]
2026-05-30 22:35:52.323968+00,anotador_314,4105,5,,,salta,[]
2026-05-30 22:35:54.510375+00,anotador_166,7347,5,,,buenos_aires_amba,[]
2026-05-30 22:36:01.762078+00,anotador_166,6284,5,,,buenos_aires_amba,[]
2026-05-30 22:36:03.162425+00,anotador_314,4550,5,,,salta,[]
2026-05-30 22:36:06.868761+00,anotador_166,6856,5,,,buenos_aires_amba,[]
2026-05-30 22:36:12.820114+00,anotador_166,7296,4,,,buenos_aires_amba,"[{""pos"":15,""source"":""prem"",""palabra"":""ODNW""},{""pos"":4,""source"":""hyp"",""palabra"":""ODNW""},{""pos"":11,""source"":""hyp"",""palabra"":""apunta""}]"
2026-05-30 22:36:29.149239+00,anotador_166,3161,4,,,buenos_aires_amba,"[{""pos"":5,""source"":""hyp"",""palabra"":""Ajaj""}]"
2026-05-30 22:36:35.455095+00,anotador_166,6271,5,,,buenos_aires_amba,[]
2026-05-30 22:36:53.982678+00,anotador_314,6593,5,,,salta,[]
2026-05-30 22:36:57.990417+00,anotador_166,7125,5,,,buenos_aires_amba,[]
2026-05-30 22:37:00.917714+00,anotador_166,7192,3,,,buenos_aires_amba,"[{""pos"":1,""source"":""prem"",""palabra"":""Boston""},{""pos"":2,""source"":""prem"",""palabra"":""Globe""},{""pos"":15,""source"":""prem"",""palabra"":""Harvard.""},{""pos"":1,""source"":""hyp"",""palabra"":""Boston""},{""pos"":2,""source"":""hyp"",""palabra"":""Globe""}]"
2026-05-30 22:37:15.704926+00,anotador_166,7185,5,,,buenos_aires_amba,[]
2026-05-30 22:37:18.473434+00,anotador_166,5525,4,,,buenos_aires_amba,"[{""pos"":1,""source"":""prem"",""palabra"":""Harris,""},{""pos"":6,""source"":""prem"",""palabra"":""Texas""}]"
2026-05-30 22:37:34.212538+00,anotador_166,4702,5,,,buenos_aires_amba,[]
2026-05-30 22:37:37.39469+00,anotador_166,2920,5,,,buenos_aires_amba,[]
2026-05-30 22:37:41.077235+00,anotador_166,3825,4,,,buenos_aires_amba,"[{""pos"":4,""source"":""prem"",""palabra"":""Bush,""},{""pos"":4,""source"":""hyp"",""palabra"":""Bush.""}]"
2026-05-30 22:40:18.203589+00,anotador_169,9999,1,,,buenos_aires_amba,[]
2026-05-30 22:40:47.910559+00,anotador_169,5549,4,,,buenos_aires_amba,[]
2026-05-30 22:41:10.415263+00,anotador_169,4972,4,,,buenos_aires_amba,[]
2026-05-30 22:41:24.927064+00,anotador_169,6989,4,,,buenos_aires_amba,[]
2026-05-30 22:42:36.476225+00,anotador_169,728,3,,,buenos_aires_amba,[]
2026-05-30 22:42:49.953597+00,anotador_169,3344,4,,,buenos_aires_amba,[]
2026-05-30 22:43:07.464984+00,anotador_169,4013,3,,,buenos_aires_amba,[]
2026-05-30 22:43:22.192683+00,anotador_169,6656,2,,,buenos_aires_amba,[]
2026-05-30 22:43:35.326161+00,anotador_169,3895,4,,,buenos_aires_amba,[]
2026-05-30 22:43:58.199601+00,anotador_169,2519,3,,,buenos_aires_amba,[]
2026-05-30 22:44:17.591527+00,anotador_169,5415,4,,,buenos_aires_amba,[]
2026-05-30 22:44:26.423808+00,anotador_169,3045,4,,,buenos_aires_amba,[]
2026-05-30 22:44:35.959591+00,anotador_169,5988,5,,,buenos_aires_amba,[]
2026-05-30 22:44:59.821659+00,anotador_169,6725,3,,,buenos_aires_amba,[]
2026-05-30 22:45:21.012706+00,anotador_169,3783,3,,,buenos_aires_amba,[]
2026-05-30 22:45:26.703977+00,anotador_169,5455,5,,,buenos_aires_amba,[]
2026-05-30 22:45:35.052617+00,anotador_169,4429,4,,,buenos_aires_amba,[]
2026-05-30 22:45:49.326057+00,anotador_169,7309,4,,,buenos_aires_amba,[]
2026-05-30 22:46:04.426609+00,anotador_169,4638,3,,,buenos_aires_amba,[]
2026-05-30 22:46:10.954198+00,anotador_169,4492,5,,,buenos_aires_amba,[]
2026-05-30 22:46:55.781956+00,anotador_124,9999,1,,,,"[{""pos"":1,""source"":""prem"",""palabra"":""chaval""},{""pos"":2,""source"":""prem"",""palabra"":""cogió""},{""pos"":4,""source"":""prem"",""palabra"":""móvil""}]"
2026-05-30 22:47:35.081804+00,anotador_124,5536,5,,,,[]
2026-05-30 22:48:27.551555+00,anotador_124,3369,5,,,,[]
2026-05-30 22:48:41.133748+00,anotador_124,7193,5,,,,[]
2026-05-30 23:08:58.437599+00,anotador_268,9999,1,"Español españa
",,,[]
2026-05-30 23:09:28.970178+00,anotador_268,7016,3,,,,[]
2026-05-30 23:09:39.722181+00,anotador_268,7489,4,,,,[]
2026-05-30 23:09:47.984354+00,anotador_268,5644,4,,,,[]
2026-05-30 23:09:54.335423+00,anotador_268,673,3,,,,[]
2026-05-30 23:10:04.289792+00,anotador_268,6128,3,,,,[]
2026-05-30 23:10:12.47156+00,anotador_268,3809,4,,,,[]
2026-05-30 23:10:20.491068+00,anotador_268,5945,2,,,,[]
2026-05-30 23:10:28.646506+00,anotador_268,5498,5,,,,[]
2026-05-30 23:10:34.593336+00,anotador_268,1503,2,,,,[]
2026-05-30 23:10:41.410307+00,anotador_268,4810,3,,,,[]
2026-05-30 23:10:53.712179+00,anotador_268,4831,3,,,,[]
2026-05-30 23:11:04.214591+00,anotador_268,3819,3,,,,[]
2026-05-30 23:11:13.400891+00,anotador_268,1335,4,,,,[]
2026-05-30 23:11:23.577654+00,anotador_268,5589,2,,,,[]
2026-05-30 23:11:29.357301+00,anotador_268,1862,3,,,,[]
2026-05-30 23:11:29.677588+00,anotador_268,1862,3,,,,[]
2026-05-30 23:11:31.418157+00,anotador_268,3478,3,,,,[]
2026-05-30 23:11:54.179221+00,anotador_268,3187,3,,,,[]
2026-05-30 23:12:07.367066+00,anotador_268,7496,2,,,,[]
2026-05-30 23:12:13.475913+00,anotador_268,1901,,,,,"[{""pos"":7,""source"":""hyp"",""palabra"":""vez.""}]"
2026-05-30 23:15:09.441421+00,anotador_170,9999,,,,,"[{""pos"":1,""source"":""prem"",""palabra"":""chaval""},{""pos"":1,""source"":""hyp"",""palabra"":""Kettering,""}]"
2026-05-30 23:15:55.874063+00,anotador_170,2164,1,,,,"[{""pos"":0,""source"":""prem"",""palabra"":""Dominando""},{""pos"":19,""source"":""prem"",""palabra"":""Conejera""},{""pos"":26,""source"":""prem"",""palabra"":""madriguera).""}]"
2026-05-30 23:17:48.835864+00,anotador_007,9999,3,,,,"[{""pos"":4,""source"":""prem"",""palabra"":""móvil""},{""pos"":1,""source"":""prem"",""palabra"":""chaval""},{""pos"":8,""source"":""prem"",""palabra"":""piso""},{""pos"":11,""source"":""hyp"",""palabra"":""miles""}]"
2026-05-30 23:18:37.960277+00,anotador_007,4763,4,,,,"[{""pos"":7,""source"":""hyp"",""palabra"":""hazaña""}]"
2026-05-30 23:27:22.014083+00,anotador_085,9999,2,,,buenos_aires_amba,"[{""pos"":1,""source"":""prem"",""palabra"":""chaval""},{""pos"":2,""source"":""prem"",""palabra"":""cogió""},{""pos"":7,""source"":""hyp"",""palabra"":""Tournament""},{""pos"":10,""source"":""hyp"",""palabra"":""ante""},{""pos"":8,""source"":""hyp"",""palabra"":""of""}]"
2026-05-30 23:28:12.243833+00,anotador_085,2282,2,,,buenos_aires_amba,"[{""pos"":3,""source"":""hyp"",""palabra"":""llega""},{""pos"":7,""source"":""prem"",""palabra"":""utilizada""}]"
2026-05-30 23:28:53.328375+00,anotador_085,6382,3,,,buenos_aires_amba,"[{""pos"":1,""source"":""prem"",""palabra"":""hemos""},{""pos"":2,""source"":""prem"",""palabra"":""hecho""},{""pos"":8,""source"":""hyp"",""palabra"":""deben""}]"
2026-05-30 23:29:14.445356+00,anotador_085,6498,4,,,buenos_aires_amba,[]
2026-05-30 23:30:09.225619+00,anotador_085,3560,4,,,buenos_aires_amba,[]
2026-05-30 23:30:23.719645+00,anotador_085,6652,3,,,buenos_aires_amba,"[{""pos"":1,""source"":""prem"",""palabra"":""hemos""},{""pos"":2,""source"":""prem"",""palabra"":""descubierto""},{""pos"":26,""source"":""prem"",""palabra"":""sugerido""},{""pos"":24,""source"":""prem"",""palabra"":""se""},{""pos"":25,""source"":""prem"",""palabra"":""ha""}]"
2026-05-30 23:30:51.625572+00,anotador_085,5406,5,,,buenos_aires_amba,"[{""pos"":3,""source"":""hyp"",""palabra"":""bastante""}]"
2026-05-30 23:31:16.767044+00,anotador_085,7133,4,,,buenos_aires_amba,[]
2026-05-30 23:31:47.571319+00,anotador_085,1355,3,,,buenos_aires_amba,[]
2026-05-30 23:31:56.004855+00,anotador_085,4084,5,,,buenos_aires_amba,[]
2026-05-30 23:32:13.448022+00,anotador_085,7048,3,,,buenos_aires_amba,[]
2026-05-30 23:32:17.597685+00,anotador_046,9999,1,,,,"[{""pos"":1,""source"":""prem"",""palabra"":""chaval""},{""pos"":2,""source"":""prem"",""palabra"":""cogió""},{""pos"":4,""source"":""prem"",""palabra"":""móvil""},{""pos"":8,""source"":""prem"",""palabra"":""piso""},{""pos"":8,""source"":""hyp"",""palabra"":""of""}]"
2026-05-30 23:32:18.268178+00,anotador_085,1534,1,,,buenos_aires_amba,[]
2026-05-30 23:32:31.466451+00,anotador_085,4879,3,,,buenos_aires_amba,[]
2026-05-30 23:33:05.407408+00,anotador_085,3519,4,,,buenos_aires_amba,[]
2026-05-30 23:33:05.683427+00,anotador_046,2190,3,,,,"[{""pos"":7,""source"":""prem"",""palabra"":""cabeza""}]"
2026-05-30 23:33:25.282246+00,anotador_046,6983,3,,,,[]
2026-05-30 23:33:28.603331+00,anotador_085,1733,4,,,buenos_aires_amba,[]
2026-05-30 23:34:03.024217+00,anotador_085,6580,4,,,buenos_aires_amba,[]
2026-05-30 23:34:12.321069+00,anotador_085,3223,5,,,buenos_aires_amba,[]
2026-05-30 23:34:28.713563+00,anotador_085,2848,4,,,buenos_aires_amba,[]
2026-05-30 23:34:37.478991+00,anotador_085,3007,5,,,buenos_aires_amba,[]
2026-05-30 23:34:51.944114+00,anotador_085,1417,4,,,buenos_aires_amba,[]
2026-05-30 23:43:00.988556+00,anotador_261,3816,,,,,"[{""pos"":35,""source"":""prem"",""palabra"":""dólares.""}]"
2026-05-30 23:43:01.270695+00,anotador_261,3816,4,,,buenos_aires_amba,[]
2026-05-30 23:48:09.143883+00,anotador_171,9999,2,,,,"[{""pos"":1,""source"":""prem"",""palabra"":""chaval""},{""pos"":2,""source"":""prem"",""palabra"":""cogió""},{""pos"":4,""source"":""prem"",""palabra"":""móvil""},{""pos"":8,""source"":""prem"",""palabra"":""piso""},{""pos"":10,""source"":""prem"",""palabra"":""internet,""},{""pos"":1,""source"":""hyp"",""palabra"":""Kettering,""},{""pos"":4,""source"":""hyp"",""palabra"":""Bears""},{""pos"":7,""source"":""hyp"",""palabra"":""Tournament""},{""pos"":9,""source"":""hyp"",""palabra"":""Kilimsworth""},{""pos"":13,""source"":""hyp"",""palabra"":""fans.""},{""pos"":3,""source"":""hyp"",""palabra"":""Wollongong""}]"
2026-05-30 23:49:06.846699+00,anotador_171,2360,3,,,,"[{""pos"":2,""source"":""prem"",""palabra"":""pórtico""},{""pos"":3,""source"":""prem"",""palabra"":""gótico""},{""pos"":12,""source"":""prem"",""palabra"":""campanario""}]"
2026-05-30 23:49:38.958304+00,anotador_171,6257,3,,,,[]
2026-05-30 23:49:49.96624+00,anotador_171,5706,3,,,,"[{""pos"":1,""source"":""prem"",""palabra"":""acertijos""},{""pos"":1,""source"":""hyp"",""palabra"":""acertijos""}]"
2026-05-31 00:27:59.02707+00,anotador_236,9999,1,,,buenos_aires_amba,"[{""pos"":1,""source"":""prem"",""palabra"":""chaval""},{""pos"":1,""source"":""hyp"",""palabra"":""Kettering,""},{""pos"":7,""source"":""hyp"",""palabra"":""Tournament""},{""pos"":8,""source"":""hyp"",""palabra"":""of""},{""pos"":9,""source"":""hyp"",""palabra"":""Kilimsworth""},{""pos"":8,""source"":""prem"",""palabra"":""piso""},{""pos"":2,""source"":""prem"",""palabra"":""cogió""},{""pos"":4,""source"":""prem"",""palabra"":""móvil""}]"
2026-05-31 00:28:47.926655+00,anotador_236,6199,4,,,buenos_aires_amba,"[{""pos"":1,""source"":""hyp"",""palabra"":""Komische""},{""pos"":2,""source"":""hyp"",""palabra"":""Oper""},{""pos"":10,""source"":""prem"",""palabra"":""Komische""},{""pos"":11,""source"":""prem"",""palabra"":""Oper,""}]"
2026-05-31 00:29:06.949811+00,anotador_236,6610,3,,,buenos_aires_amba,"[{""pos"":3,""source"":""hyp"",""palabra"":""maravillosa""}]"
2026-05-31 00:29:34.752334+00,anotador_236,4219,3,,,buenos_aires_amba,"[{""pos"":8,""source"":""hyp"",""palabra"":""noticias""},{""pos"":2,""source"":""prem"",""palabra"":""pena""}]"
2026-05-31 00:30:06.553465+00,anotador_236,7464,3,,,buenos_aires_amba,"[{""pos"":16,""source"":""prem"",""palabra"":""impresionantes)""},{""pos"":8,""source"":""hyp"",""palabra"":""alambres""}]"
2026-05-31 00:30:44.878028+00,anotador_236,3354,3,,,buenos_aires_amba,"[{""pos"":17,""source"":""prem"",""palabra"":""permaneció""},{""pos"":19,""source"":""prem"",""palabra"":""brindando""}]"
2026-05-31 00:31:01.378435+00,anotador_236,5142,2,,,buenos_aires_amba,"[{""pos"":3,""source"":""prem"",""palabra"":""intenté""},{""pos"":5,""source"":""hyp"",""palabra"":""oír""}]"
2026-05-31 00:31:18.606195+00,anotador_236,4349,2,,,buenos_aires_amba,"[{""pos"":0,""source"":""prem"",""palabra"":""Walcott""},{""pos"":9,""source"":""prem"",""palabra"":""maestro""},{""pos"":26,""source"":""prem"",""palabra"":""pictórico,""}]"
2026-05-31 00:31:52.042662+00,anotador_236,3612,3,,,buenos_aires_amba,"[{""pos"":1,""source"":""hyp"",""palabra"":""escuelas""}]"
2026-05-31 00:32:20.829467+00,anotador_236,2940,3,,,buenos_aires_amba,[]
2026-05-31 00:32:32.060452+00,anotador_236,1208,2,,,buenos_aires_amba,"[{""pos"":16,""source"":""prem"",""palabra"":""palacio""}]"
2026-05-31 00:32:52.399268+00,anotador_236,1526,1,,,buenos_aires_amba,"[{""pos"":5,""source"":""prem"",""palabra"":""debía""}]"
2026-05-31 00:33:14.444447+00,anotador_236,2635,3,,,buenos_aires_amba,"[{""pos"":3,""source"":""hyp"",""palabra"":""grandioso""}]"
2026-05-31 00:33:22.401865+00,anotador_236,5805,2,,,buenos_aires_amba,[]
2026-05-31 00:33:31.968935+00,anotador_236,3250,3,,,buenos_aires_amba,[]
2026-05-31 00:33:36.181597+00,anotador_236,661,5,,,buenos_aires_amba,[]
2026-05-31 00:33:44.302978+00,anotador_236,2927,2,,,buenos_aires_amba,[]
2026-05-31 00:33:58.03936+00,anotador_236,2640,2,,,buenos_aires_amba,[]
2026-05-31 00:34:01.194725+00,anotador_236,6958,4,,,buenos_aires_amba,"[{""pos"":6,""source"":""prem"",""palabra"":""obsequios""}]"
2026-05-31 00:34:23.82145+00,anotador_236,6558,4,,,buenos_aires_amba,[]
2026-05-31 00:46:18.789726+00,anotador_271,9999,1,,,,"[{""pos"":3,""source"":""hyp"",""palabra"":""Wollongong""},{""pos"":1,""source"":""hyp"",""palabra"":""Kettering,""},{""pos"":1,""source"":""prem"",""palabra"":""chaval""},{""pos"":2,""source"":""prem"",""palabra"":""cogió""},{""pos"":4,""source"":""prem"",""palabra"":""móvil""},{""pos"":4,""source"":""hyp"",""palabra"":""Bears""},{""pos"":7,""source"":""hyp"",""palabra"":""Tournament""},{""pos"":9,""source"":""hyp"",""palabra"":""Kilimsworth""},{""pos"":8,""source"":""hyp"",""palabra"":""of""}]"
2026-05-31 00:47:16.801788+00,anotador_271,6428,4,,,,[]
2026-05-31 00:47:24.234583+00,anotador_271,2025,2,,,,"[{""pos"":5,""source"":""prem"",""palabra"":""Cité""},{""pos"":7,""source"":""prem"",""palabra"":""la""},{""pos"":8,""source"":""prem"",""palabra"":""Mer""},{""pos"":10,""source"":""prem"",""palabra"":""Rue""},{""pos"":11,""source"":""prem"",""palabra"":""de""},{""pos"":12,""source"":""prem"",""palabra"":""l'Asile""},{""pos"":13,""source"":""prem"",""palabra"":""Thomas),""}]"
2026-05-31 00:48:12.752006+00,anotador_271,6724,,,,,"[{""pos"":3,""source"":""hyp"",""palabra"":""se""}]"
2026-05-31 00:48:13.517259+00,anotador_271,6724,4,,,,"[{""pos"":8,""source"":""prem"",""palabra"":""quitar""}]"
2026-05-31 00:49:17.496941+00,anotador_271,7147,5,,,,[]
2026-05-31 00:49:37.371342+00,anotador_271,4293,4,Dar vuelta esas dos palabras ,,,"[{""pos"":7,""source"":""prem"",""palabra"":""enteros""},{""pos"":8,""source"":""prem"",""palabra"":""repertorios""}]"
2026-05-31 00:50:19.145603+00,anotador_271,7162,5,,,,[]
2026-05-31 00:53:58.374448+00,anotador_225,9999,1,,,buenos_aires_amba,"[{""pos"":1,""source"":""prem"",""palabra"":""chaval""},{""pos"":2,""source"":""prem"",""palabra"":""cogió""},{""pos"":4,""source"":""prem"",""palabra"":""móvil""},{""pos"":7,""source"":""hyp"",""palabra"":""Tournament""},{""pos"":1,""source"":""hyp"",""palabra"":""Kettering,""},{""pos"":10,""source"":""hyp"",""palabra"":""ante""},{""pos"":11,""source"":""prem"",""palabra"":""luego""}]"
2026-05-31 00:55:04.958808+00,anotador_225,4863,5,,,buenos_aires_amba,[]
2026-05-31 00:55:23.549983+00,anotador_225,4818,3,,,buenos_aires_amba,[]
2026-05-31 00:55:49.81013+00,anotador_225,4448,3,,,buenos_aires_amba,[]
2026-05-31 00:56:13.004056+00,anotador_225,2102,4,,,buenos_aires_amba,[]
2026-05-31 00:56:21.472825+00,anotador_225,4223,5,,,buenos_aires_amba,[]
2026-05-31 00:57:17.32716+00,anotador_225,6241,2,,,buenos_aires_amba,"[{""pos"":15,""source"":""prem"",""palabra"":""Chinatown""},{""pos"":0,""source"":""hyp"",""palabra"":""Chinatown""}]"
2026-05-31 00:57:55.423194+00,anotador_225,2756,4,,,buenos_aires_amba,[]
2026-05-31 00:58:12.88655+00,anotador_225,321,,,,,"[{""pos"":0,""source"":""prem"",""palabra"":""De""}]"
2026-05-31 00:58:13.096746+00,anotador_225,321,2,,,buenos_aires_amba,"[{""pos"":0,""source"":""prem"",""palabra"":""De""},{""pos"":1,""source"":""prem"",""palabra"":""modo""}]"
2026-05-31 00:58:34.638336+00,anotador_225,4081,3,,,buenos_aires_amba,[]
2026-05-31 00:58:49.26005+00,anotador_225,7366,4,,,buenos_aires_amba,[]
2026-05-31 00:59:04.918041+00,anotador_225,6991,3,,,buenos_aires_amba,[]
2026-05-31 00:59:23.464962+00,anotador_225,5459,4,,,buenos_aires_amba,[]
2026-05-31 00:59:39.340052+00,anotador_225,2982,3,,,buenos_aires_amba,[]
2026-05-31 00:59:56.341998+00,anotador_225,2797,3,,,buenos_aires_amba,[]
2026-05-31 01:00:13.366295+00,anotador_225,6187,3,,,buenos_aires_amba,[]
2026-05-31 01:00:32.164853+00,anotador_225,5651,3,,,buenos_aires_amba,[]
2026-05-31 01:00:55.496221+00,anotador_225,2978,2,,,buenos_aires_amba,"[{""pos"":0,""source"":""prem"",""palabra"":""o""}]"
2026-05-31 01:01:26.74086+00,anotador_225,5595,3,,,buenos_aires_amba,[]
2026-05-31 01:01:53.689944+00,anotador_225,3521,3,,,buenos_aires_amba,[]
2026-05-31 01:10:31.932682+00,anotador_009,9999,1,,,buenos_aires_amba,"[{""pos"":1,""source"":""prem"",""palabra"":""chaval""},{""pos"":2,""source"":""prem"",""palabra"":""cogió""},{""pos"":4,""source"":""prem"",""palabra"":""móvil""},{""pos"":11,""source"":""prem"",""palabra"":""luego""},{""pos"":7,""source"":""prem"",""palabra"":""el""},{""pos"":8,""source"":""prem"",""palabra"":""piso""},{""pos"":6,""source"":""prem"",""palabra"":""buscó""}]"
2026-05-31 01:11:25.535767+00,anotador_009,7146,4,,,buenos_aires_amba,[]
2026-05-31 01:11:39.304756+00,anotador_009,3416,4,,,buenos_aires_amba,[]
2026-05-31 01:11:56.683158+00,anotador_009,5878,5,,,buenos_aires_amba,[]
2026-05-31 01:12:08.792722+00,anotador_009,1285,3,,,buenos_aires_amba,[]
2026-05-31 01:12:20.692045+00,anotador_009,2134,5,,,buenos_aires_amba,[]
2026-05-31 01:12:41.642403+00,anotador_009,4725,4,,,buenos_aires_amba,[]
2026-05-31 01:13:01.060546+00,anotador_009,6249,4,,,buenos_aires_amba,[]
2026-05-31 01:13:12.347003+00,anotador_009,6259,4,,,buenos_aires_amba,[]
2026-05-31 01:13:28.653284+00,anotador_009,3533,4,,,buenos_aires_amba,[]
2026-05-31 01:13:40.760982+00,anotador_009,6476,4,,,buenos_aires_amba,[]
2026-05-31 01:13:48.936294+00,anotador_009,5798,4,,,buenos_aires_amba,[]
2026-05-31 01:13:56.019081+00,anotador_009,6223,3,,,buenos_aires_amba,[]
2026-05-31 01:14:09.97687+00,anotador_009,2910,4,,,buenos_aires_amba,[]
2026-05-31 01:14:21.125425+00,anotador_009,7432,4,,,buenos_aires_amba,[]
2026-05-31 01:14:40.644825+00,anotador_009,3336,4,,,buenos_aires_amba,[]
2026-05-31 01:14:51.583492+00,anotador_009,2374,4,,,buenos_aires_amba,[]
2026-05-31 01:15:11.108218+00,anotador_009,1408,3,,,buenos_aires_amba,[]
2026-05-31 01:15:37.084039+00,anotador_009,2942,4,,,buenos_aires_amba,[]
2026-05-31 01:15:55.475185+00,anotador_009,5735,4,,,buenos_aires_amba,[]
2026-05-31 01:36:33.201445+00,anotador_231,9999,2,,,buenos_aires_interior,"[{""pos"":1,""source"":""prem"",""palabra"":""chaval""},{""pos"":2,""source"":""prem"",""palabra"":""cogió""},{""pos"":8,""source"":""prem"",""palabra"":""piso""},{""pos"":1,""source"":""hyp"",""palabra"":""Kettering,""},{""pos"":3,""source"":""hyp"",""palabra"":""Wollongong""},{""pos"":4,""source"":""hyp"",""palabra"":""Bears""},{""pos"":7,""source"":""hyp"",""palabra"":""Tournament""},{""pos"":8,""source"":""hyp"",""palabra"":""of""},{""pos"":9,""source"":""hyp"",""palabra"":""Kilimsworth""}]"
2026-05-31 01:37:43.687333+00,anotador_231,1880,5,,,buenos_aires_interior,[]
2026-05-31 01:38:02.054875+00,anotador_231,4923,5,,,buenos_aires_interior,[]
2026-05-31 01:38:19.771551+00,anotador_231,1798,5,,,buenos_aires_interior,[]
2026-05-31 01:38:38.568926+00,anotador_231,7044,5,,,buenos_aires_interior,[]
2026-05-31 01:38:58.2375+00,anotador_231,5992,2,,,buenos_aires_interior,"[{""pos"":11,""source"":""prem"",""palabra"":""levius""},{""pos"":13,""source"":""prem"",""palabra"":""patientia""},{""pos"":14,""source"":""prem"",""palabra"":""quicquid""},{""pos"":15,""source"":""prem"",""palabra"":""corrigere""},{""pos"":16,""source"":""prem"",""palabra"":""est""},{""pos"":17,""source"":""prem"",""palabra"":""nefas.""},{""pos"":12,""source"":""prem"",""palabra"":""fit""}]"
2026-05-31 01:39:49.146961+00,anotador_231,5741,5,,,buenos_aires_interior,[]
2026-05-31 01:40:06.461259+00,anotador_231,5056,5,,,buenos_aires_interior,[]
2026-05-31 01:40:17.592683+00,anotador_231,5327,4,,,buenos_aires_interior,"[{""pos"":1,""source"":""prem"",""palabra"":""The""},{""pos"":2,""source"":""prem"",""palabra"":""firm""}]"
2026-05-31 01:40:39.759886+00,anotador_231,7056,5,,,buenos_aires_interior,[]
2026-05-31 01:41:01.484078+00,anotador_231,6762,3,"Nombre y apellido argentinos y la moneda nacional , si ese es el símbolo de dollar
",,buenos_aires_interior,"[{""pos"":0,""source"":""hyp"",""palabra"":""Bill""},{""pos"":1,""source"":""hyp"",""palabra"":""Gates""}]"
2026-05-31 01:44:46.191478+00,anotador_261,5870,5,,,buenos_aires_amba,[]
2026-05-31 01:45:55.991926+00,anotador_231,2224,5,,,buenos_aires_interior,[]
2026-05-31 01:46:27.892335+00,anotador_231,4073,5,,,buenos_aires_interior,[]
2026-05-31 01:46:38.356732+00,anotador_231,1751,5,,,buenos_aires_interior,[]
2026-05-31 01:46:51.760369+00,anotador_231,6835,4,,,buenos_aires_interior,"[{""pos"":19,""source"":""prem"",""palabra"":""Keepers""},{""pos"":21,""source"":""prem"",""palabra"":""the""},{""pos"":20,""source"":""prem"",""palabra"":""of""},{""pos"":22,""source"":""prem"",""palabra"":""Lore/Joseph""},{""pos"":23,""source"":""prem"",""palabra"":""Campbell,""}]"
2026-05-31 01:47:36.075116+00,anotador_231,5308,5,,,buenos_aires_interior,[]
2026-05-31 01:47:40.114036+00,anotador_231,4503,5,,,buenos_aires_interior,[]
2026-05-31 01:48:22.291739+00,anotador_231,3180,5,,,buenos_aires_interior,[]
2026-05-31 01:48:35.697975+00,anotador_231,3269,4,,,buenos_aires_interior,"[{""pos"":4,""source"":""prem"",""palabra"":""KSM""},{""pos"":6,""source"":""prem"",""palabra"":""Al""},{""pos"":7,""source"":""prem"",""palabra"":""Qaeda,""},{""pos"":14,""source"":""prem"",""palabra"":""KSM,""},{""pos"":15,""source"":""hyp"",""palabra"":""KSM""},{""pos"":17,""source"":""hyp"",""palabra"":""Al""},{""pos"":18,""source"":""hyp"",""palabra"":""Qaeda.""}]"
2026-05-31 01:49:05.163806+00,anotador_231,1598,5,,,buenos_aires_interior,[]
2026-05-31 02:46:03.640681+00,anotador_221,9999,2,,,,"[{""pos"":1,""source"":""prem"",""palabra"":""chaval""}]"
2026-05-31 02:46:17.240008+00,anotador_221,1852,1,,,,[]
2026-05-31 02:46:20.356308+00,anotador_221,6383,4,,,,[]
2026-05-31 03:03:37.084347+00,anotador_118,9999,1,,,buenos_aires_interior,[]
2026-05-31 03:03:55.219025+00,anotador_118,7260,4,,,buenos_aires_interior,[]
2026-05-31 03:04:04.796704+00,anotador_118,2656,5,,,buenos_aires_interior,[]
2026-05-31 03:04:14.132537+00,anotador_118,608,3,,,buenos_aires_interior,[]
2026-05-31 03:04:20.118716+00,anotador_118,6818,5,,,buenos_aires_interior,[]
2026-05-31 03:04:31.204548+00,anotador_118,6546,5,,,buenos_aires_interior,[]
2026-05-31 03:04:41.906337+00,anotador_118,4195,5,,,buenos_aires_interior,[]
2026-05-31 03:04:52.122617+00,anotador_118,3662,5,,,buenos_aires_interior,[]
2026-05-31 03:05:05.093914+00,anotador_118,4404,5,,,buenos_aires_interior,[]
2026-05-31 03:05:12.307951+00,anotador_118,2895,3,,,buenos_aires_interior,[]
2026-05-31 03:05:20.888903+00,anotador_118,5480,3,,,buenos_aires_interior,[]
2026-05-31 03:05:38.051236+00,anotador_118,6924,5,,,buenos_aires_interior,[]
2026-05-31 03:05:44.543028+00,anotador_118,4152,3,,,buenos_aires_interior,[]
2026-05-31 03:05:52.586578+00,anotador_118,4713,4,,,buenos_aires_interior,[]
2026-05-31 03:05:58.833667+00,anotador_118,5294,1,,,buenos_aires_interior,[]
2026-05-31 03:06:04.64879+00,anotador_118,4890,5,,,buenos_aires_interior,[]
2026-05-31 03:06:15.825034+00,anotador_118,3854,5,,,buenos_aires_interior,[]
2026-05-31 03:06:27.345237+00,anotador_118,4543,4,,,buenos_aires_interior,[]
2026-05-31 03:06:37.100798+00,anotador_118,6186,5,,,buenos_aires_interior,[]
2026-05-31 03:06:51.623919+00,anotador_118,2700,5,,,buenos_aires_interior,[]
2026-05-31 03:07:24.200815+00,anotador_176,9999,1,,,,[]
2026-05-31 03:42:22.044723+00,anotador_286,9999,1,,,buenos_aires_amba,"[{""pos"":1,""source"":""prem"",""palabra"":""chaval""},{""pos"":2,""source"":""prem"",""palabra"":""cogió""},{""pos"":4,""source"":""prem"",""palabra"":""móvil""},{""pos"":1,""source"":""hyp"",""palabra"":""Kettering,""},{""pos"":3,""source"":""hyp"",""palabra"":""Wollongong""},{""pos"":4,""source"":""hyp"",""palabra"":""Bears""},{""pos"":7,""source"":""hyp"",""palabra"":""Tournament""},{""pos"":9,""source"":""hyp"",""palabra"":""Kilimsworth""}]"
2026-05-31 03:43:29.779099+00,anotador_286,3004,3,,,buenos_aires_amba,[]
2026-05-31 03:43:36.774091+00,anotador_286,6193,3,,,buenos_aires_amba,[]
2026-05-31 03:43:52.094129+00,anotador_286,4728,3,,,buenos_aires_amba,[]
2026-05-31 03:44:02.10821+00,anotador_286,2964,3,,,buenos_aires_amba,[]
2026-05-31 03:44:16.576358+00,anotador_286,5458,3,,,buenos_aires_amba,[]
2026-05-31 03:44:33.838685+00,anotador_286,1250,2,,,buenos_aires_amba,"[{""pos"":7,""source"":""hyp"",""palabra"":""golpear""}]"
2026-05-31 03:44:42.612164+00,anotador_286,4462,3,,,buenos_aires_amba,[]
2026-05-31 03:44:49.659427+00,anotador_286,4040,3,,,buenos_aires_amba,[]
2026-05-31 03:44:54.750657+00,anotador_215,9999,,,,,"[{""pos"":1,""source"":""hyp"",""palabra"":""Kettering,""}]"
2026-05-31 03:44:56.324408+00,anotador_286,5392,2,,,buenos_aires_amba,[]
2026-05-31 03:45:04.547004+00,anotador_286,5403,4,,,buenos_aires_amba,[]
2026-05-31 03:45:10.04637+00,anotador_286,2335,2,,,buenos_aires_amba,[]
2026-05-31 03:45:17.78066+00,anotador_286,7339,3,,,buenos_aires_amba,[]
2026-05-31 03:45:21.152541+00,anotador_286,4680,2,,,buenos_aires_amba,[]
2026-05-31 03:45:25.45349+00,anotador_286,2993,3,,,buenos_aires_amba,[]
2026-05-31 03:45:29.962218+00,anotador_286,4592,3,,,buenos_aires_amba,[]
2026-05-31 03:45:33.750371+00,anotador_286,4885,3,,,buenos_aires_amba,[]
2026-05-31 03:45:37.013858+00,anotador_286,1887,3,,,buenos_aires_amba,[]
2026-05-31 03:45:46.269317+00,anotador_286,6154,2,,,buenos_aires_amba,[]
2026-05-31 03:45:50.976572+00,anotador_286,3235,3,,,buenos_aires_amba,[]
2026-05-31 03:46:26.530694+00,anotador_143,9999,1,,,buenos_aires_amba,"[{""pos"":1,""source"":""prem"",""palabra"":""chaval""},{""pos"":1,""source"":""hyp"",""palabra"":""Kettering,""},{""pos"":3,""source"":""hyp"",""palabra"":""Wollongong""},{""pos"":4,""source"":""hyp"",""palabra"":""Bears""},{""pos"":7,""source"":""hyp"",""palabra"":""Tournament""},{""pos"":9,""source"":""hyp"",""palabra"":""Kilimsworth""},{""pos"":4,""source"":""prem"",""palabra"":""móvil""}]"
2026-05-31 03:46:54.440822+00,anotador_143,7189,3,,,buenos_aires_amba,[]
2026-05-31 03:47:05.362234+00,anotador_143,5924,3,,,buenos_aires_amba,[]
2026-05-31 03:47:11.241798+00,anotador_143,3143,3,,,buenos_aires_amba,[]
2026-05-31 03:47:14.849638+00,anotador_143,1572,2,,,buenos_aires_amba,[]
2026-05-31 03:47:22.404217+00,anotador_143,18,3,,,buenos_aires_amba,[]
2026-05-31 03:47:27.778779+00,anotador_143,2151,3,,,buenos_aires_amba,[]
2026-05-31 03:47:35.239041+00,anotador_143,5385,3,,,buenos_aires_amba,[]
2026-05-31 03:47:43.089041+00,anotador_143,2631,3,,,buenos_aires_amba,[]
2026-05-31 03:47:48.602323+00,anotador_143,5359,4,,,buenos_aires_amba,[]
2026-05-31 03:47:54.757743+00,anotador_143,1858,3,,,buenos_aires_amba,[]
2026-05-31 03:47:58.718814+00,anotador_143,4362,3,,,buenos_aires_amba,[]
2026-05-31 03:48:01.785331+00,anotador_143,1788,3,,,buenos_aires_amba,[]
2026-05-31 03:48:11.662114+00,anotador_143,4846,3,,,buenos_aires_amba,[]
2026-05-31 03:48:15.92778+00,anotador_143,5930,3,,,buenos_aires_amba,[]
2026-05-31 03:48:20.671801+00,anotador_143,2737,3,,,buenos_aires_amba,[]
2026-05-31 03:48:24.971467+00,anotador_143,5106,4,,,buenos_aires_amba,[]
2026-05-31 03:48:28.73657+00,anotador_143,1905,4,,,buenos_aires_amba,[]
2026-05-31 03:48:34.027417+00,anotador_143,183,2,,,buenos_aires_amba,[]
2026-05-31 03:48:41.35706+00,anotador_143,7307,3,,,buenos_aires_amba,[]
2026-05-31 04:10:59.504106+00,anotador_327,9999,1,,,,"[{""pos"":1,""source"":""prem"",""palabra"":""chaval""},{""pos"":2,""source"":""prem"",""palabra"":""cogió""},{""pos"":4,""source"":""prem"",""palabra"":""móvil""},{""pos"":8,""source"":""prem"",""palabra"":""piso""},{""pos"":11,""source"":""prem"",""palabra"":""luego""},{""pos"":7,""source"":""hyp"",""palabra"":""Tournament""},{""pos"":8,""source"":""hyp"",""palabra"":""of""},{""pos"":10,""source"":""hyp"",""palabra"":""ante""}]"
2026-05-31 04:11:35.477947+00,anotador_327,6598,4,,,,"[{""pos"":5,""source"":""prem"",""palabra"":""líder""},{""pos"":14,""source"":""prem"",""palabra"":""Nueva""}]"
2026-05-31 04:12:23.826242+00,anotador_327,6334,4,,,,"[{""pos"":4,""source"":""hyp"",""palabra"":""ha""},{""pos"":5,""source"":""hyp"",""palabra"":""tenido""}]"
2026-05-31 04:12:41.488984+00,anotador_327,3675,5,,,,[]
2026-05-31 04:12:49.847426+00,anotador_327,4616,,,,,"[{""pos"":11,""source"":""prem"",""palabra"":""Gran""}]"
2026-05-31 04:12:50.05251+00,anotador_327,4616,3,,,,"[{""pos"":1,""source"":""prem"",""palabra"":""sucede,""},{""pos"":15,""source"":""prem"",""palabra"":""Norteamérica,""},{""pos"":29,""source"":""prem"",""palabra"":""ininteligibles.""},{""pos"":3,""source"":""hyp"",""palabra"":""Norteamérica""},{""pos"":4,""source"":""hyp"",""palabra"":""lo""},{""pos"":5,""source"":""hyp"",""palabra"":""pasa""},{""pos"":6,""source"":""hyp"",""palabra"":""mal""}]"
2026-05-31 05:34:25.914858+00,anotador_060,9999,,,,,"[{""pos"":3,""source"":""hyp"",""palabra"":""Wollongong""}]"
2026-05-31 10:17:47.178777+00,anotador_033,9999,3,,,,[]
2026-05-31 10:18:08.747761+00,anotador_033,5982,2,,,,[]
2026-05-31 10:18:22.03635+00,anotador_033,2240,3,,,,[]
2026-05-31 10:18:36.12376+00,anotador_033,3987,4,,,,[]
2026-05-31 13:22:31.223864+00,anotador_194,9999,2,,,,"[{""pos"":1,""source"":""prem"",""palabra"":""chaval""},{""pos"":2,""source"":""prem"",""palabra"":""cogió""},{""pos"":8,""source"":""prem"",""palabra"":""piso""},{""pos"":11,""source"":""prem"",""palabra"":""luego""}]"
2026-05-31 13:23:37.986545+00,anotador_194,6414,4,,,,[]
2026-05-31 15:21:09.549936+00,anotador_156,1518,1,,,buenos_aires_amba,"[{""pos"":17,""source"":""prem"",""palabra"":""Sunderland.""},{""pos"":1,""source"":""hyp"",""palabra"":""Majestad""},{""pos"":5,""source"":""prem"",""palabra"":""Majestad""}]"
2026-05-31 15:25:39.011658+00,anotador_178,9999,4,,,buenos_aires_amba,"[{""pos"":1,""source"":""prem"",""palabra"":""chaval""},{""pos"":2,""source"":""prem"",""palabra"":""cogió""},{""pos"":4,""source"":""prem"",""palabra"":""móvil""},{""pos"":7,""source"":""hyp"",""palabra"":""Tournament""},{""pos"":8,""source"":""hyp"",""palabra"":""of""},{""pos"":9,""source"":""hyp"",""palabra"":""Kilimsworth""}]"
2026-05-31 15:27:14.044352+00,anotador_039,9999,,,,buenos_aires_amba,"[{""pos"":1,""source"":""hyp"",""palabra"":""Kettering,""},{""pos"":1,""source"":""prem"",""palabra"":""chaval""}]"
2026-05-31 15:27:18.897063+00,anotador_178,3693,5,,,buenos_aires_amba,[]
2026-05-31 15:27:31.305621+00,anotador_178,104,5,,,buenos_aires_amba,[]
2026-05-31 15:32:51.646528+00,anotador_178,374,5,,,buenos_aires_amba,[]
2026-05-31 15:33:05.911346+00,anotador_178,6733,5,,,buenos_aires_amba,[]
2026-05-31 15:33:10.608711+00,anotador_037,9999,1,,,,[]
2026-05-31 15:33:20.293007+00,anotador_178,5080,5,,,buenos_aires_amba,[]
2026-05-31 15:33:33.31485+00,anotador_178,2479,5,,,buenos_aires_amba,[]
2026-05-31 15:33:58.645996+00,anotador_178,297,5,,,buenos_aires_amba,[]
2026-05-31 15:34:00.445897+00,anotador_037,7332,1,,,,[]
2026-05-31 15:34:08.461013+00,anotador_178,1923,5,,,buenos_aires_amba,[]
2026-05-31 15:35:41.06005+00,anotador_037,6723,3,,,,[]
2026-05-31 15:35:59.920189+00,anotador_178,2673,5,,,buenos_aires_amba,[]
2026-05-31 15:36:10.216256+00,anotador_178,3909,5,,,buenos_aires_amba,[]
2026-05-31 15:36:18.438223+00,anotador_037,1482,1,,,,[]
2026-05-31 15:36:23.233548+00,anotador_178,6562,5,,,buenos_aires_amba,[]
2026-05-31 15:36:33.039442+00,anotador_178,3749,5,,,buenos_aires_amba,[]
2026-05-31 15:36:38.370928+00,anotador_178,5678,5,,,buenos_aires_amba,[]
2026-05-31 15:36:48.749954+00,anotador_178,6710,5,,,buenos_aires_amba,[]
2026-05-31 15:37:00.771307+00,anotador_178,1682,5,,,buenos_aires_amba,[]
2026-05-31 15:37:11.324119+00,anotador_178,4623,5,,,buenos_aires_amba,[]
2026-05-31 15:37:20.13355+00,anotador_178,6139,4,Después seria mas argentino,,buenos_aires_amba,"[{""pos"":14,""source"":""prem"",""palabra"":""luego""}]"
2026-05-31 15:37:39.460879+00,anotador_039,2897,,,,buenos_aires_amba,"[{""pos"":5,""source"":""prem"",""palabra"":""(prototipos""},{""pos"":0,""source"":""prem"",""palabra"":""Prototipos""},{""pos"":6,""source"":""prem"",""palabra"":""virtuales""}]"
2026-05-31 15:38:04.854806+00,anotador_178,4183,5,,,buenos_aires_amba,[]
2026-05-31 15:38:21.064903+00,anotador_178,5836,5,,,buenos_aires_amba,[]
2026-05-31 15:38:31.905673+00,anotador_287,9999,,,,,"[{""pos"":1,""source"":""prem"",""palabra"":""chaval""},{""pos"":2,""source"":""prem"",""palabra"":""cogió""},{""pos"":1,""source"":""hyp"",""palabra"":""Kettering,""},{""pos"":3,""source"":""hyp"",""palabra"":""Wollongong""},{""pos"":4,""source"":""hyp"",""palabra"":""Bears""},{""pos"":7,""source"":""hyp"",""palabra"":""Tournament""},{""pos"":8,""source"":""hyp"",""palabra"":""of""},{""pos"":9,""source"":""hyp"",""palabra"":""Kilimsworth""}]"
2026-05-31 15:40:31.152855+00,anotador_037,2183,1,,,,[]
2026-05-31 15:42:37.292202+00,anotador_090,9999,1,,,buenos_aires_amba,[]
2026-05-31 15:43:16.188136+00,anotador_090,3167,3,La palabra civiles suma raro ,,buenos_aires_amba,[]
2026-05-31 15:43:39.594159+00,anotador_259,9999,1,,,buenos_aires_interior,"[{""pos"":1,""source"":""prem"",""palabra"":""chaval""},{""pos"":4,""source"":""prem"",""palabra"":""móvil""},{""pos"":1,""source"":""hyp"",""palabra"":""Kettering,""},{""pos"":7,""source"":""hyp"",""palabra"":""Tournament""},{""pos"":8,""source"":""hyp"",""palabra"":""of""},{""pos"":9,""source"":""hyp"",""palabra"":""Kilimsworth""}]"
2026-05-31 15:44:19.750832+00,anotador_090,4506,4,,,buenos_aires_amba,[]
2026-05-31 15:44:33.734277+00,anotador_090,6483,5,,,buenos_aires_amba,[]
2026-05-31 15:44:52.094548+00,anotador_090,6104,4,,,buenos_aires_amba,[]
2026-05-31 15:45:16.696056+00,anotador_090,4050,2,,,buenos_aires_amba,[]
2026-05-31 15:45:26.615559+00,anotador_259,3337,4,,,buenos_aires_interior,[]
2026-05-31 15:45:34.671561+00,anotador_090,4019,4,,,buenos_aires_amba,[]
2026-05-31 15:45:47.035229+00,anotador_259,4995,4,,,buenos_aires_interior,[]
2026-05-31 15:45:55.275254+00,anotador_090,7107,4,,,buenos_aires_amba,[]
2026-05-31 15:46:23.79148+00,anotador_090,4796,4,,,buenos_aires_amba,[]
2026-05-31 15:46:36.691473+00,anotador_259,2048,4,,,buenos_aires_interior,[]
2026-05-31 15:46:38.391536+00,anotador_090,7282,4,,,buenos_aires_amba,[]
2026-05-31 15:47:07.383527+00,anotador_090,3523,4,,,buenos_aires_amba,[]
2026-05-31 15:47:09.322708+00,anotador_259,4597,3,,,buenos_aires_interior,[]
2026-05-31 15:47:19.819131+00,anotador_090,2883,2,,,buenos_aires_amba,[]
2026-05-31 15:47:32.52309+00,anotador_090,5747,4,,,buenos_aires_amba,[]
2026-05-31 15:47:34.011608+00,anotador_259,2975,4,,,buenos_aires_interior,[]
2026-05-31 15:47:51.07322+00,anotador_259,6045,4,,,buenos_aires_interior,[]
2026-05-31 15:47:54.846231+00,anotador_090,609,4,,,buenos_aires_amba,[]
2026-05-31 15:48:10.28089+00,anotador_253,3081,3,,,,"[{""pos"":6,""source"":""prem"",""palabra"":""garantizar""},{""pos"":5,""source"":""hyp"",""palabra"":""iniciar""}]"
2026-05-31 15:48:12.194355+00,anotador_259,2403,4,,,buenos_aires_interior,[]
2026-05-31 15:48:16.536749+00,anotador_090,3767,5,,,buenos_aires_amba,[]
2026-05-31 15:48:16.685358+00,anotador_259,7484,3,"Las palabras q marqué creo que son poco usadas, pero que no dejan de ser validas. En lo general el argentino puedan q no las utilice con mucha frecuencia",,buenos_aires_interior,"[{""pos"":8,""source"":""prem"",""palabra"":""fornido""},{""pos"":13,""source"":""prem"",""palabra"":""vigoroso""}]"
2026-05-31 15:48:40.454642+00,anotador_078,9999,2,,,,"[{""pos"":1,""source"":""prem"",""palabra"":""chaval""},{""pos"":4,""source"":""prem"",""palabra"":""móvil""},{""pos"":2,""source"":""prem"",""palabra"":""cogió""},{""pos"":8,""source"":""prem"",""palabra"":""piso""}]"
2026-05-31 15:48:55.159926+00,anotador_078,7470,2,,,,"[{""pos"":2,""source"":""hyp"",""palabra"":""consumir""}]"
2026-05-31 15:49:08.853865+00,anotador_078,4054,3,,,,[]
2026-05-31 15:49:17.502504+00,anotador_078,5215,3,,,,"[{""pos"":0,""source"":""prem"",""palabra"":""De""},{""pos"":1,""source"":""prem"",""palabra"":""todos""},{""pos"":2,""source"":""prem"",""palabra"":""modos,""}]"
2026-05-31 15:49:26.606772+00,anotador_078,15,,,,,"[{""pos"":2,""source"":""prem"",""palabra"":""no""},{""pos"":3,""source"":""prem"",""palabra"":""tengo""}]"
2026-05-31 15:51:20.14908+00,anotador_259,2814,4,,,buenos_aires_interior,[]
2026-05-31 15:51:29.836278+00,anotador_259,3838,4,,,buenos_aires_interior,[]
2026-05-31 15:51:52.140549+00,anotador_259,6824,5,,,buenos_aires_interior,[]
2026-05-31 15:52:24.35496+00,anotador_259,2244,5,,,buenos_aires_interior,[]
2026-05-31 15:52:40.739639+00,anotador_259,1535,3,"En lugar de utilizar el ""se lo diré"" el argentino tiende a ser más cercano, podria ser algo como ""le digo""
",,buenos_aires_interior,[]
2026-05-31 15:54:45.611936+00,anotador_259,6528,5,,,buenos_aires_interior,[]
2026-05-31 15:55:11.127347+00,anotador_259,1392,3,,,buenos_aires_interior,[]
2026-05-31 15:55:35.487674+00,anotador_259,5044,5,,,buenos_aires_interior,[]
2026-05-31 15:56:09.153124+00,anotador_259,6438,4,,,buenos_aires_interior,[]
2026-05-31 15:56:29.219152+00,anotador_259,7027,4,,,buenos_aires_interior,[]
2026-05-31 15:56:45.376956+00,anotador_259,6417,4,,,buenos_aires_interior,[]
2026-05-31 16:02:03.305751+00,anotador_303,9999,3,,,la_rioja,"[{""pos"":1,""source"":""prem"",""palabra"":""chaval""},{""pos"":1,""source"":""hyp"",""palabra"":""Kettering,""},{""pos"":3,""source"":""hyp"",""palabra"":""Wollongong""},{""pos"":4,""source"":""hyp"",""palabra"":""Bears""},{""pos"":7,""source"":""hyp"",""palabra"":""Tournament""},{""pos"":9,""source"":""hyp"",""palabra"":""Kilimsworth""},{""pos"":13,""source"":""hyp"",""palabra"":""fans.""}]"
2026-05-31 16:02:57.163833+00,anotador_303,7209,3,,,la_rioja,[]
2026-05-31 16:03:09.109856+00,anotador_303,5574,4,,,la_rioja,[]
2026-05-31 16:03:18.388984+00,anotador_303,4860,4,,,la_rioja,[]
2026-05-31 16:03:26.845314+00,anotador_303,5170,4,,,la_rioja,[]
2026-05-31 16:03:36.518025+00,anotador_303,4077,3,,,la_rioja,[]
2026-05-31 16:03:48.09077+00,anotador_303,2633,4,,,la_rioja,[]
2026-05-31 16:04:05.246201+00,anotador_303,6806,4,,,la_rioja,[]
2026-05-31 16:04:16.004467+00,anotador_303,3214,3,,,la_rioja,[]
2026-05-31 16:04:25.629835+00,anotador_303,3211,2,,,la_rioja,[]
2026-05-31 16:04:36.885813+00,anotador_303,6123,3,,,la_rioja,[]
2026-05-31 16:04:42.34208+00,anotador_303,1391,2,,,la_rioja,[]
2026-05-31 16:04:54.673923+00,anotador_303,6547,3,,,la_rioja,[]
2026-05-31 16:05:16.172518+00,anotador_303,7187,3,,,la_rioja,[]
2026-05-31 16:05:24.249086+00,anotador_303,7226,3,,,la_rioja,[]
2026-05-31 16:05:33.846341+00,anotador_303,3304,4,,,la_rioja,[]
2026-05-31 16:05:38.080604+00,anotador_303,7405,5,,,la_rioja,[]
2026-05-31 16:05:43.518018+00,anotador_303,5054,5,,,la_rioja,[]
2026-05-31 16:05:50.974242+00,anotador_303,3103,3,,,la_rioja,[]
2026-05-31 16:05:55.808076+00,anotador_303,3418,3,,,la_rioja,[]
2026-05-31 16:25:54.623585+00,anotador_193,9999,1,,,entre_rios,"[{""pos"":1,""source"":""prem"",""palabra"":""chaval""},{""pos"":2,""source"":""prem"",""palabra"":""cogió""},{""pos"":4,""source"":""prem"",""palabra"":""móvil""},{""pos"":6,""source"":""prem"",""palabra"":""buscó""},{""pos"":7,""source"":""prem"",""palabra"":""el""},{""pos"":8,""source"":""prem"",""palabra"":""piso""}]"
2026-05-31 16:27:50.154276+00,anotador_193,4446,4,,,entre_rios,[]
2026-05-31 16:28:05.61691+00,anotador_193,7213,4,,,entre_rios,[]
2026-05-31 16:28:33.799964+00,anotador_193,7413,4,,,entre_rios,[]
2026-05-31 16:28:54.868033+00,anotador_193,3034,3,,,entre_rios,[]
2026-05-31 16:29:07.966713+00,anotador_193,1665,5,,,entre_rios,[]
2026-05-31 16:29:22.217945+00,anotador_193,4466,4,,,entre_rios,[]
2026-05-31 16:29:26.822563+00,anotador_021,9999,1,,,buenos_aires_amba,"[{""pos"":1,""source"":""prem"",""palabra"":""chaval""},{""pos"":2,""source"":""prem"",""palabra"":""cogió""},{""pos"":4,""source"":""prem"",""palabra"":""móvil""},{""pos"":11,""source"":""prem"",""palabra"":""luego""},{""pos"":10,""source"":""hyp"",""palabra"":""ante""}]"
2026-05-31 16:29:32.833587+00,anotador_193,2917,5,,,entre_rios,[]
2026-05-31 16:29:49.360548+00,anotador_193,5562,4,,,entre_rios,[]
2026-05-31 16:30:04.364212+00,anotador_193,6981,4,,,entre_rios,[]
2026-05-31 16:30:24.352396+00,anotador_193,1671,2,,,entre_rios,"[{""pos"":2,""source"":""hyp"",""palabra"":""mantendré""},{""pos"":3,""source"":""hyp"",""palabra"":""detenido""},{""pos"":0,""source"":""hyp"",""palabra"":""No""},{""pos"":1,""source"":""hyp"",""palabra"":""lo""},{""pos"":4,""source"":""hyp"",""palabra"":""más,""},{""pos"":5,""source"":""hyp"",""palabra"":""señora.""}]"
2026-05-31 16:31:04.472956+00,anotador_250,9999,1,,,buenos_aires_amba,"[{""pos"":1,""source"":""prem"",""palabra"":""chaval""},{""pos"":2,""source"":""prem"",""palabra"":""cogió""},{""pos"":7,""source"":""hyp"",""palabra"":""Tournament""}]"
2026-05-31 16:31:33.823124+00,anotador_021,6826,4,"Agregaría un ""que"" entre ""creo"" y ""todo""",,buenos_aires_amba,[]
2026-05-31 16:31:43.067303+00,anotador_250,2385,3,,,buenos_aires_amba,[]
2026-05-31 16:31:55.536692+00,anotador_021,6356,4,,,buenos_aires_amba,[]
2026-05-31 16:32:01.012554+00,anotador_250,3690,3,,,buenos_aires_amba,[]
2026-05-31 16:32:12.42189+00,anotador_250,3310,3,,,buenos_aires_amba,"[{""pos"":7,""source"":""prem"",""palabra"":""conocedoras""}]"
2026-05-31 16:32:23.083838+00,anotador_021,7314,4,,,buenos_aires_amba,[]
2026-05-31 16:32:29.511602+00,anotador_021,3944,1,,,buenos_aires_amba,"[{""pos"":0,""source"":""prem"",""palabra"":""He""},{""pos"":1,""source"":""prem"",""palabra"":""estado""},{""pos"":0,""source"":""hyp"",""palabra"":""He""},{""pos"":1,""source"":""hyp"",""palabra"":""trabajado""},{""pos"":4,""source"":""hyp"",""palabra"":""durante""}]"
2026-05-31 16:32:34.098669+00,anotador_250,7017,3,,,buenos_aires_amba,[]
2026-05-31 16:32:34.776979+00,anotador_193,2332,3,,,entre_rios,"[{""pos"":3,""source"":""prem"",""palabra"":""cubiertas""},{""pos"":2,""source"":""prem"",""palabra"":""las""},{""pos"":1,""source"":""prem"",""palabra"":""por""},{""pos"":0,""source"":""prem"",""palabra"":""Paseá""}]"
2026-05-31 16:32:38.564729+00,anotador_250,5999,3,,,buenos_aires_amba,"[{""pos"":3,""source"":""prem"",""palabra"":""tripulado""}]"
2026-05-31 16:32:49.978516+00,anotador_250,2781,3,,,buenos_aires_amba,[]
2026-05-31 16:32:52.752872+00,anotador_021,6962,2,,,buenos_aires_amba,"[{""pos"":17,""source"":""prem"",""palabra"":""más""},{""pos"":9,""source"":""hyp"",""palabra"":""montar""}]"
2026-05-31 16:33:02.104119+00,anotador_250,5728,3,,,buenos_aires_amba,[]
2026-05-31 16:33:08.314567+00,anotador_193,3870,1,,,entre_rios,"[{""pos"":0,""source"":""prem"",""palabra"":""FOREVER""},{""pos"":1,""source"":""prem"",""palabra"":""PLAID,""},{""pos"":5,""source"":""prem"",""palabra"":""connota""},{""pos"":0,""source"":""hyp"",""palabra"":""FOREVER""},{""pos"":1,""source"":""hyp"",""palabra"":""PLAID""}]"
2026-05-31 16:33:08.423498+00,anotador_250,4377,3,,,buenos_aires_amba,[]
2026-05-31 16:33:15.029688+00,anotador_021,3636,1,,,buenos_aires_amba,"[{""pos"":2,""source"":""hyp"",""palabra"":""logramos""}]"
2026-05-31 16:33:19.58315+00,anotador_250,4672,3,,,buenos_aires_amba,[]
2026-05-31 16:33:31.174123+00,anotador_250,1992,2,,,buenos_aires_amba,[]
2026-05-31 16:33:36.153153+00,anotador_021,2715,3,,,buenos_aires_amba,"[{""pos"":9,""source"":""hyp"",""palabra"":""reclamaciones.""}]"
2026-05-31 16:33:37.308884+00,anotador_250,7322,3,,,buenos_aires_amba,[]
2026-05-31 16:33:47.87003+00,anotador_193,433,5,,,entre_rios,[]
2026-05-31 16:33:50.368814+00,anotador_250,1486,2,,,buenos_aires_amba,"[{""pos"":25,""source"":""prem"",""palabra"":""Distrito""},{""pos"":26,""source"":""prem"",""palabra"":""de""},{""pos"":27,""source"":""prem"",""palabra"":""Columbia.""},{""pos"":1,""source"":""hyp"",""palabra"":""23.ª""},{""pos"":2,""source"":""hyp"",""palabra"":""enmienda""}]"
2026-05-31 16:33:58.229235+00,anotador_021,2135,3,,,buenos_aires_amba,"[{""pos"":27,""source"":""prem"",""palabra"":""revolucionarios""},{""pos"":28,""source"":""prem"",""palabra"":""norteamericanos.""},{""pos"":5,""source"":""hyp"",""palabra"":""propiedad""}]"
2026-05-31 16:33:59.905316+00,anotador_193,6737,4,,,entre_rios,[]
2026-05-31 16:34:07.934336+00,anotador_193,4374,5,,,entre_rios,[]
2026-05-31 16:34:11.018299+00,anotador_250,5623,3,,,buenos_aires_amba,[]
2026-05-31 16:34:17.483274+00,anotador_250,694,3,,,buenos_aires_amba,[]
2026-05-31 16:34:19.753575+00,anotador_250,1030,2,,,buenos_aires_amba,"[{""pos"":3,""source"":""prem"",""palabra"":""Wittgenstein""},{""pos"":0,""source"":""hyp"",""palabra"":""Wittgenstein""}]"
2026-05-31 16:34:22.418515+00,anotador_021,1764,2,,,buenos_aires_amba,"[{""pos"":1,""source"":""prem"",""palabra"":""teníamos""},{""pos"":5,""source"":""hyp"",""palabra"":""a""}]"
2026-05-31 16:34:31.909699+00,anotador_193,5527,4,,,entre_rios,[]
2026-05-31 16:34:38.552431+00,anotador_193,1316,3,,,entre_rios,"[{""pos"":1,""source"":""hyp"",""palabra"":""Pachucas""},{""pos"":7,""source"":""hyp"",""palabra"":""Pachucos.""},{""pos"":1,""source"":""prem"",""palabra"":""pachucas""},{""pos"":7,""source"":""prem"",""palabra"":""pachucos,""}]"
2026-05-31 16:34:42.386442+00,anotador_250,2019,3,,,buenos_aires_amba,[]
2026-05-31 16:34:51.393801+00,anotador_250,3085,3,,,buenos_aires_amba,[]
2026-05-31 16:34:53.238405+00,anotador_021,2336,2,,,buenos_aires_amba,"[{""pos"":8,""source"":""prem"",""palabra"":""veleta""},{""pos"":2,""source"":""hyp"",""palabra"":""veleta""},{""pos"":5,""source"":""hyp"",""palabra"":""parte""},{""pos"":6,""source"":""hyp"",""palabra"":""superior""}]"
2026-05-31 16:34:56.618582+00,anotador_193,1701,1,,,entre_rios,"[{""pos"":0,""source"":""prem"",""palabra"":""Tu""},{""pos"":1,""source"":""prem"",""palabra"":""estación""},{""pos"":2,""source"":""prem"",""palabra"":""está""},{""pos"":3,""source"":""prem"",""palabra"":""en""},{""pos"":4,""source"":""prem"",""palabra"":""el""},{""pos"":5,""source"":""prem"",""palabra"":""piso""},{""pos"":6,""source"":""prem"",""palabra"":""de""},{""pos"":7,""source"":""prem"",""palabra"":""armas.""}]"
2026-05-31 16:35:00.74699+00,anotador_250,4958,3,,,buenos_aires_amba,[]
2026-05-31 16:35:09.664361+00,anotador_250,4380,3,,,buenos_aires_amba,[]
2026-05-31 16:35:13.65075+00,anotador_021,3131,2,,,buenos_aires_amba,"[{""pos"":16,""source"":""prem"",""palabra"":""situación""},{""pos"":1,""source"":""hyp"",""palabra"":""fue""},{""pos"":2,""source"":""hyp"",""palabra"":""interesante""},{""pos"":3,""source"":""hyp"",""palabra"":""en""}]"
2026-05-31 16:35:27.903597+00,anotador_193,5446,5,,,entre_rios,[]
2026-05-31 16:35:31.615975+00,anotador_021,6280,2,,,buenos_aires_amba,"[{""pos"":18,""source"":""prem"",""palabra"":""rapidez""},{""pos"":17,""source"":""prem"",""palabra"":""con""},{""pos"":2,""source"":""hyp"",""palabra"":""han""},{""pos"":3,""source"":""hyp"",""palabra"":""estado""}]"
2026-05-31 16:35:53.745826+00,anotador_021,1781,1,,,buenos_aires_amba,"[{""pos"":11,""source"":""prem"",""palabra"":""lánguido""},{""pos"":1,""source"":""hyp"",""palabra"":""elevó""}]"
2026-05-31 16:36:13.837185+00,anotador_021,3030,2,,,buenos_aires_amba,"[{""pos"":1,""source"":""prem"",""palabra"":""recibe""}]"
2026-05-31 16:36:36.214886+00,anotador_021,7425,,,,,"[{""pos"":6,""source"":""hyp"",""palabra"":""ha""}]"
2026-05-31 16:36:36.466053+00,anotador_021,7425,2,,,buenos_aires_amba,"[{""pos"":6,""source"":""hyp"",""palabra"":""ha""},{""pos"":7,""source"":""hyp"",""palabra"":""acabado""}]"
2026-05-31 16:36:54.213476+00,anotador_021,2918,4,,,buenos_aires_amba,[]
2026-05-31 16:37:06.168546+00,anotador_021,6977,2,,,buenos_aires_amba,"[{""pos"":8,""source"":""prem"",""palabra"":""estará""},{""pos"":9,""source"":""prem"",""palabra"":""grabada""},{""pos"":4,""source"":""hyp"",""palabra"":""pondrá""},{""pos"":3,""source"":""hyp"",""palabra"":""se""}]"
2026-05-31 16:37:26.081718+00,anotador_021,4079,4,,,buenos_aires_amba,[]
2026-05-31 16:38:06.840886+00,anotador_021,5581,5,,,buenos_aires_amba,[]
2026-05-31 16:44:01.721197+00,anotador_207,9999,,,,,"[{""pos"":1,""source"":""prem"",""palabra"":""chaval""}]"
2026-05-31 16:44:02.095852+00,anotador_207,9999,2,,,buenos_aires_amba,"[{""pos"":1,""source"":""prem"",""palabra"":""chaval""},{""pos"":2,""source"":""prem"",""palabra"":""cogió""},{""pos"":8,""source"":""prem"",""palabra"":""piso""},{""pos"":4,""source"":""prem"",""palabra"":""móvil""}]"
2026-05-31 16:45:38.428182+00,anotador_207,6144,4,,,buenos_aires_amba,"[{""pos"":6,""source"":""prem"",""palabra"":""trasera""},{""pos"":11,""source"":""prem"",""palabra"":""creciente""}]"
2026-05-31 16:46:17.283664+00,anotador_207,6583,5,,,buenos_aires_amba,[]
2026-05-31 16:46:55.831162+00,anotador_207,6898,5,,,buenos_aires_amba,[]
2026-05-31 16:47:11.049214+00,anotador_207,4705,5,,,buenos_aires_amba,[]
2026-05-31 16:47:21.116376+00,anotador_207,2685,5,,,buenos_aires_amba,[]
2026-05-31 16:47:52.449974+00,anotador_207,2486,4,,,buenos_aires_amba,"[{""pos"":2,""source"":""prem"",""palabra"":""excursionistas""}]"
2026-05-31 16:48:32.844728+00,anotador_207,5184,4,Agarra ,,buenos_aires_amba,"[{""pos"":8,""source"":""prem"",""palabra"":""Levantá""}]"
2026-05-31 16:49:16.538063+00,anotador_207,7291,5,,,buenos_aires_amba,[]
2026-05-31 16:49:22.880198+00,anotador_207,1662,4,Apuro,,buenos_aires_amba,"[{""pos"":2,""source"":""prem"",""palabra"":""prisa""}]"
2026-05-31 16:49:52.291705+00,anotador_207,5196,4,Por,,buenos_aires_amba,"[{""pos"":2,""source"":""prem"",""palabra"":""con""}]"
2026-05-31 16:51:00.661004+00,anotador_207,6235,4,,,buenos_aires_amba,"[{""pos"":4,""source"":""prem"",""palabra"":""para""},{""pos"":5,""source"":""prem"",""palabra"":""más""},{""pos"":6,""source"":""prem"",""palabra"":""atrevido""}]"
2026-05-31 16:51:54.604219+00,anotador_207,6229,5,,,buenos_aires_amba,[]
2026-05-31 16:52:05.168164+00,anotador_207,4895,5,,,buenos_aires_amba,[]
2026-05-31 16:52:16.814583+00,anotador_207,4324,5,,,buenos_aires_amba,[]
2026-05-31 16:52:49.262414+00,anotador_207,2608,5,,,buenos_aires_amba,[]
2026-05-31 16:53:06.922615+00,anotador_207,7074,5,,,buenos_aires_amba,[]
2026-05-31 16:54:08.888846+00,anotador_207,1505,4,Le aseguro al señor,,buenos_aires_amba,"[{""pos"":0,""source"":""prem"",""palabra"":""Le""},{""pos"":1,""source"":""prem"",""palabra"":""aseguró,""},{""pos"":2,""source"":""prem"",""palabra"":""señor,""}]"
2026-05-31 16:55:07.982772+00,anotador_207,5053,5,,,buenos_aires_amba,[]
2026-05-31 16:55:21.059364+00,anotador_207,2825,4,Costo,,buenos_aires_amba,"[{""pos"":5,""source"":""hyp"",""palabra"":""coste""}]"
2026-05-31 16:57:07.54085+00,anotador_207,1965,5,,,buenos_aires_amba,[]
2026-05-31 16:58:01.308874+00,anotador_207,3289,5,,,buenos_aires_amba,[]
2026-05-31 16:58:25.478905+00,anotador_207,1560,3,"Le doy
Así nomas",,buenos_aires_amba,"[{""pos"":1,""source"":""prem"",""palabra"":""concedo""},{""pos"":6,""source"":""prem"",""palabra"":""a""},{""pos"":7,""source"":""prem"",""palabra"":""la""},{""pos"":8,""source"":""prem"",""palabra"":""ligera.""},{""pos"":11,""source"":""hyp"",""palabra"":""morales.""}]"
2026-05-31 16:59:15.032295+00,anotador_207,5435,5,,,buenos_aires_amba,[]
2026-05-31 16:59:40.846354+00,anotador_207,2752,4,Algunos,,buenos_aires_amba,"[{""pos"":15,""source"":""prem"",""palabra"":""tales""}]"
2026-05-31 16:59:55.779969+00,anotador_207,7197,3,,,buenos_aires_amba,"[{""pos"":6,""source"":""prem"",""palabra"":""acaba""},{""pos"":7,""source"":""prem"",""palabra"":""de""},{""pos"":8,""source"":""prem"",""palabra"":""haber""},{""pos"":16,""source"":""prem"",""palabra"":""frío""},{""pos"":17,""source"":""prem"",""palabra"":""como""},{""pos"":18,""source"":""prem"",""palabra"":""la""},{""pos"":19,""source"":""prem"",""palabra"":""tumba.""}]"
2026-05-31 17:00:28.487119+00,anotador_207,2060,5,,,buenos_aires_amba,[]
2026-05-31 17:00:43.728618+00,anotador_207,2027,5,,,buenos_aires_amba,[]
2026-05-31 17:01:43.357367+00,anotador_207,4844,5,,,buenos_aires_amba,[]
2026-05-31 17:02:20.335944+00,anotador_207,6502,5,,,buenos_aires_amba,[]
2026-05-31 17:02:36.700868+00,anotador_207,1759,5,,,buenos_aires_amba,[]
2026-05-31 17:02:52.032821+00,anotador_207,3812,5,,,buenos_aires_amba,[]
2026-05-31 17:03:06.495715+00,anotador_207,7003,3,,,buenos_aires_amba,"[{""pos"":7,""source"":""hyp"",""palabra"":""bordillo""},{""pos"":4,""source"":""prem"",""palabra"":""que""},{""pos"":5,""source"":""prem"",""palabra"":""se""},{""pos"":6,""source"":""prem"",""palabra"":""hizo""},{""pos"":7,""source"":""prem"",""palabra"":""platino,""}]"
2026-05-31 17:03:45.618922+00,anotador_207,6999,5,,,buenos_aires_amba,[]
2026-05-31 17:03:54.687375+00,anotador_207,5860,5,,,buenos_aires_amba,[]
2026-05-31 17:04:02.594027+00,anotador_207,4973,5,,,buenos_aires_amba,[]
2026-05-31 17:04:15.612425+00,anotador_207,2493,5,,,buenos_aires_amba,[]
2026-05-31 17:04:26.386303+00,anotador_207,4217,5,,,buenos_aires_amba,[]
2026-05-31 17:05:05.515684+00,anotador_207,3427,4,,,buenos_aires_amba,"[{""pos"":0,""source"":""prem"",""palabra"":""43""},{""pos"":1,""source"":""prem"",""palabra"":""Tommy""},{""pos"":2,""source"":""prem"",""palabra"":""Franks,""}]"
2026-05-31 17:05:29.539356+00,anotador_207,3162,5,,,buenos_aires_amba,[]
2026-05-31 17:10:20.14113+00,anotador_312,9999,1,,,buenos_aires_amba,"[{""pos"":1,""source"":""prem"",""palabra"":""chaval""},{""pos"":4,""source"":""prem"",""palabra"":""móvil""},{""pos"":8,""source"":""prem"",""palabra"":""piso""},{""pos"":7,""source"":""hyp"",""palabra"":""Tournament""}]"
2026-05-31 17:11:22.075161+00,anotador_312,4212,3,,,buenos_aires_amba,[]
2026-05-31 17:11:40.020075+00,anotador_312,3741,,,,,"[{""pos"":4,""source"":""prem"",""palabra"":""famosa""}]"
2026-05-31 17:11:53.129129+00,anotador_312,3741,,,,,"[{""pos"":1,""source"":""prem"",""palabra"":""hora""}]"
2026-05-31 17:11:59.61165+00,anotador_312,3741,4,,,buenos_aires_amba,[]
2026-05-31 17:12:07.64317+00,anotador_312,6669,5,,,buenos_aires_amba,[]
2026-05-31 17:12:18.448033+00,anotador_312,5731,,,,,"[{""pos"":11,""source"":""prem"",""palabra"":""lenguaje""}]"
2026-05-31 17:12:24.577975+00,anotador_312,5731,3,,,buenos_aires_amba,[]
2026-05-31 17:12:38.682903+00,anotador_312,1712,,,,buenos_aires_amba,"[{""pos"":3,""source"":""prem"",""palabra"":""había""}]"
2026-05-31 17:12:40.879428+00,anotador_312,1712,4,,,buenos_aires_amba,[]
2026-05-31 17:12:51.718192+00,anotador_312,2487,2,,,buenos_aires_amba,[]
2026-05-31 17:12:58.968822+00,anotador_312,4924,,,,buenos_aires_amba,"[{""pos"":3,""source"":""prem"",""palabra"":""subjuntivo""}]"
2026-05-31 17:13:05.62348+00,anotador_312,4924,1,,,buenos_aires_amba,[]
2026-05-31 17:13:13.906814+00,anotador_312,7202,,,,,"[{""pos"":2,""source"":""prem"",""palabra"":""condescendencia,""}]"
2026-05-31 17:13:19.768949+00,anotador_312,7202,,,,,"[{""pos"":17,""source"":""prem"",""palabra"":""proxenetismo,""}]"
2026-05-31 17:13:20.702163+00,anotador_312,7202,,,,buenos_aires_amba,"[{""pos"":19,""source"":""prem"",""palabra"":""oscurantismo""}]"
2026-05-31 17:13:23.41174+00,anotador_312,7202,1,,,buenos_aires_amba,[]
2026-05-31 17:13:41.7273+00,anotador_312,4777,,,,buenos_aires_amba,"[{""pos"":1,""source"":""hyp"",""palabra"":""deletreos""}]"
2026-05-31 17:13:46.064913+00,anotador_312,4777,1,,,buenos_aires_amba,[]
2026-05-31 17:13:58.930402+00,anotador_312,6302,,,,,"[{""pos"":2,""source"":""prem"",""palabra"":""Gestionar""}]"
2026-05-31 17:14:00.846122+00,anotador_312,6302,4,,,buenos_aires_amba,[]
2026-05-31 17:14:08.702557+00,anotador_258,9999,2,,,buenos_aires_amba,"[{""pos"":1,""source"":""prem"",""palabra"":""chaval""},{""pos"":2,""source"":""prem"",""palabra"":""cogió""},{""pos"":4,""source"":""prem"",""palabra"":""móvil""},{""pos"":8,""source"":""prem"",""palabra"":""piso""},{""pos"":4,""source"":""hyp"",""palabra"":""Bears""},{""pos"":7,""source"":""hyp"",""palabra"":""Tournament""},{""pos"":8,""source"":""hyp"",""palabra"":""of""},{""pos"":9,""source"":""hyp"",""palabra"":""Kilimsworth""}]"
2026-05-31 17:14:13.710148+00,anotador_312,5927,,,,,"[{""pos"":20,""source"":""prem"",""palabra"":""encogió""}]"
2026-05-31 17:14:24.305427+00,anotador_312,5927,3,,,buenos_aires_amba,[]
2026-05-31 17:14:32.114133+00,anotador_312,943,,,,,"[{""pos"":8,""source"":""hyp"",""palabra"":""saldo.""}]"
2026-05-31 17:14:34.937112+00,anotador_312,943,1,,,buenos_aires_amba,[]
2026-05-31 17:14:39.588609+00,anotador_312,734,,,,,"[{""pos"":13,""source"":""prem"",""palabra"":""pasármelo""}]"
2026-05-31 17:14:42.567835+00,anotador_312,734,1,,,buenos_aires_amba,[]
2026-05-31 17:14:58.451729+00,anotador_312,2481,5,,,buenos_aires_amba,[]
2026-05-31 17:15:07.44972+00,anotador_312,2021,5,,,buenos_aires_amba,[]
2026-05-31 17:15:11.624363+00,anotador_258,6158,4,,,buenos_aires_amba,"[{""pos"":26,""source"":""prem"",""palabra"":""American""}]"
2026-05-31 17:15:17.935355+00,anotador_312,6131,,,,,"[{""pos"":19,""source"":""prem"",""palabra"":""empañada""}]"
2026-05-31 17:15:19.393572+00,anotador_312,6131,4,,,buenos_aires_amba,[]
2026-05-31 17:15:25.471299+00,anotador_312,7223,,,,,"[{""pos"":8,""source"":""prem"",""palabra"":""previsto""}]"
2026-05-31 17:15:29.815345+00,anotador_312,7223,,,,,"[{""pos"":12,""source"":""prem"",""palabra"":""jonrones.""}]"
2026-05-31 17:15:32.861515+00,anotador_312,7223,,,,,"[{""pos"":4,""source"":""hyp"",""palabra"":""jonrones""}]"
2026-05-31 17:15:33.62275+00,anotador_312,7223,1,,,buenos_aires_amba,[]
2026-05-31 17:15:37.115496+00,anotador_258,2418,5,,,buenos_aires_amba,[]
2026-05-31 17:15:45.365237+00,anotador_312,3652,,,,,"[{""pos"":3,""source"":""hyp"",""palabra"":""casilleros""}]"
2026-05-31 17:15:46.29899+00,anotador_312,3652,3,,,buenos_aires_amba,[]
2026-05-31 17:15:51.802455+00,anotador_258,1996,4,,,buenos_aires_amba,[]
2026-05-31 17:15:54.963979+00,anotador_312,2264,,,,,"[{""pos"":3,""source"":""prem"",""palabra"":""coronados""}]"
2026-05-31 17:15:57.496351+00,anotador_258,646,5,,,buenos_aires_amba,[]
2026-05-31 17:16:00.237093+00,anotador_312,2264,2,,,buenos_aires_amba,[]
2026-05-31 17:16:14.083907+00,anotador_258,4155,5,,,buenos_aires_amba,[]
2026-05-31 17:16:18.254021+00,anotador_258,1516,3,,,buenos_aires_amba,"[{""pos"":6,""source"":""prem"",""palabra"":""millas""}]"
2026-05-31 17:16:48.254678+00,anotador_258,6800,5,,,buenos_aires_amba,[]
2026-05-31 17:16:59.22893+00,anotador_312,3831,4,,,buenos_aires_amba,[]
2026-05-31 17:17:05.229155+00,anotador_258,7257,5,,,buenos_aires_amba,[]
2026-05-31 17:17:08.27581+00,anotador_312,7418,,,,,"[{""pos"":3,""source"":""hyp"",""palabra"":""importada""}]"
2026-05-31 17:17:11.39297+00,anotador_312,7418,5,,,buenos_aires_amba,[]
2026-05-31 17:17:15.523856+00,anotador_258,6935,5,,,buenos_aires_amba,[]
2026-05-31 17:17:22.337246+00,anotador_312,1252,5,,,buenos_aires_amba,[]
2026-05-31 17:17:28.383376+00,anotador_258,3421,5,,,buenos_aires_amba,[]
2026-05-31 17:17:33.144125+00,anotador_312,5560,,,,buenos_aires_amba,"[{""pos"":3,""source"":""prem"",""palabra"":""disgusto,""}]"
2026-05-31 17:17:36.330306+00,anotador_312,5560,4,,,buenos_aires_amba,[]
2026-05-31 17:17:39.949113+00,anotador_258,7203,4,,,buenos_aires_amba,[]
2026-05-31 17:17:45.236783+00,anotador_312,4598,5,,,buenos_aires_amba,[]
2026-05-31 17:17:49.020472+00,anotador_258,1966,5,,,buenos_aires_amba,[]
2026-05-31 17:17:50.679833+00,anotador_312,6883,5,,,buenos_aires_amba,[]
2026-05-31 17:17:53.836079+00,anotador_258,1541,4,,,buenos_aires_amba,"[{""pos"":8,""source"":""prem"",""palabra"":""bramó""}]"
2026-05-31 17:17:54.349742+00,anotador_312,1853,,,,,"[{""pos"":7,""source"":""prem"",""palabra"":""patán""}]"
2026-05-31 17:17:56.677172+00,anotador_312,1853,,,,,"[{""pos"":13,""source"":""prem"",""palabra"":""aflige,""}]"
2026-05-31 17:18:01.951723+00,anotador_312,1853,,,,buenos_aires_amba,"[{""pos"":0,""source"":""hyp"",""palabra"":""Oyeron""}]"
2026-05-31 17:18:03.419319+00,anotador_312,1853,3,,,buenos_aires_amba,[]
2026-05-31 17:18:14.008303+00,anotador_258,6967,5,,,buenos_aires_amba,[]
2026-05-31 17:18:16.942537+00,anotador_312,6625,5,,,buenos_aires_amba,[]
2026-05-31 17:18:18.25341+00,anotador_258,463,5,,,buenos_aires_amba,[]
2026-05-31 17:18:25.742699+00,anotador_312,2221,,,,,"[{""pos"":19,""source"":""prem"",""palabra"":""coránicas""}]"
2026-05-31 17:18:27.796035+00,anotador_312,2221,,,,,"[{""pos"":22,""source"":""prem"",""palabra"":""dinteles.""}]"
2026-05-31 17:18:31.460159+00,anotador_258,6513,5,,,buenos_aires_amba,[]
2026-05-31 17:18:31.739353+00,anotador_312,2221,,,,,"[{""pos"":10,""source"":""prem"",""palabra"":""exquisitas""}]"
2026-05-31 17:18:33.906929+00,anotador_312,2221,3,,,buenos_aires_amba,[]
2026-05-31 17:18:40.933124+00,anotador_312,1944,,,,,"[{""pos"":7,""source"":""prem"",""palabra"":""montó""}]"
2026-05-31 17:18:41.035716+00,anotador_258,5097,4,,,buenos_aires_amba,[]
2026-05-31 17:18:42.666452+00,anotador_312,1944,,,,,"[{""pos"":14,""source"":""prem"",""palabra"":""ordenado.""}]"
2026-05-31 17:18:48.337572+00,anotador_312,1944,3,,,buenos_aires_amba,[]
2026-05-31 17:18:52.657406+00,anotador_258,6672,5,,,buenos_aires_amba,[]
2026-05-31 17:18:58.924555+00,anotador_312,4694,,,,,"[{""pos"":19,""source"":""prem"",""palabra"":""rígidas""}]"
2026-05-31 17:19:02.944884+00,anotador_258,4497,5,,,buenos_aires_amba,[]
2026-05-31 17:19:03.994403+00,anotador_312,4694,3,,,buenos_aires_amba,[]
2026-05-31 17:19:19.307376+00,anotador_312,4447,3,,,buenos_aires_amba,[]
2026-05-31 17:19:27.895674+00,anotador_312,3267,4,,,buenos_aires_amba,[]
2026-05-31 17:19:36.043913+00,anotador_312,1121,2,,,buenos_aires_amba,"[{""pos"":12,""source"":""prem"",""palabra"":""umbral""}]"
2026-05-31 17:19:48.850564+00,anotador_312,3340,,,,,"[{""pos"":2,""source"":""hyp"",""palabra"":""equipararon""}]"
2026-05-31 17:19:50.036072+00,anotador_312,3340,2,,,buenos_aires_amba,[]
2026-05-31 17:19:58.966081+00,anotador_312,3387,2,,,buenos_aires_amba,[]
2026-05-31 17:20:06.033098+00,anotador_312,4869,5,,,buenos_aires_amba,[]
2026-05-31 17:20:10.669683+00,anotador_312,4464,5,,,buenos_aires_amba,[]
2026-05-31 17:20:18.076514+00,anotador_312,2412,5,,,buenos_aires_amba,[]
2026-05-31 17:20:35.112144+00,anotador_312,2872,4,,,buenos_aires_amba,[]
2026-05-31 17:20:57.571013+00,anotador_312,4508,,,,,"[{""pos"":4,""source"":""prem"",""palabra"":""portada""}]"
2026-05-31 17:21:07.091351+00,anotador_312,4508,2,,,buenos_aires_amba,[]
2026-05-31 17:21:22.127342+00,anotador_312,7308,3,,,buenos_aires_amba,[]
2026-05-31 17:21:38.525488+00,anotador_312,6496,4,,,buenos_aires_amba,[]
2026-05-31 17:21:49.254847+00,anotador_312,1687,,,,,"[{""pos"":7,""source"":""prem"",""palabra"":""bucaneros""}]"
2026-05-31 17:21:50.263127+00,anotador_312,1687,,,,,"[{""pos"":1,""source"":""hyp"",""palabra"":""corsarios""}]"
2026-05-31 17:21:53.123812+00,anotador_312,1687,1,,,buenos_aires_amba,[]
2026-05-31 17:22:00.686085+00,anotador_312,5808,3,,,buenos_aires_amba,[]
2026-05-31 17:22:12.076826+00,anotador_312,4935,5,,,buenos_aires_amba,[]
2026-05-31 17:22:16.75861+00,anotador_312,1310,,,,,"[{""pos"":6,""source"":""prem"",""palabra"":""empareja""}]"
2026-05-31 17:22:18.865605+00,anotador_312,1310,,,,,"[{""pos"":9,""source"":""prem"",""palabra"":""ecovecinos""}]"
2026-05-31 17:22:22.99661+00,anotador_312,1310,,,,,"[{""pos"":24,""source"":""prem"",""palabra"":""nicho""}]"
2026-05-31 17:22:25.426423+00,anotador_312,1310,1,,,buenos_aires_amba,[]
2026-05-31 17:22:35.50826+00,anotador_312,3153,,,,,"[{""pos"":19,""source"":""prem"",""palabra"":""asuntos,""}]"
2026-05-31 17:22:37.452737+00,anotador_312,3153,,,,,"[{""pos"":23,""source"":""prem"",""palabra"":""ocultase""}]"
2026-05-31 17:22:40.248656+00,anotador_312,3153,1,,,buenos_aires_amba,[]
2026-05-31 17:22:43.978003+00,anotador_312,2564,,,,,"[{""pos"":5,""source"":""prem"",""palabra"":""menudo""}]"
2026-05-31 17:22:48.053614+00,anotador_312,2564,1,,,buenos_aires_amba,[]
2026-05-31 17:22:52.878279+00,anotador_312,1405,,,,,"[{""pos"":11,""source"":""prem"",""palabra"":""calaveras""}]"
2026-05-31 17:22:54.903593+00,anotador_312,1405,,,,,"[{""pos"":21,""source"":""prem"",""palabra"":""festividad.""}]"
2026-05-31 17:22:57.073889+00,anotador_312,1405,,,,,"[{""pos"":6,""source"":""hyp"",""palabra"":""calaveras""}]"
2026-05-31 17:22:58.710061+00,anotador_312,1405,1,,,buenos_aires_amba,[]
2026-05-31 17:23:02.13443+00,anotador_312,4645,,,,,"[{""pos"":5,""source"":""prem"",""palabra"":""términos""}]"
2026-05-31 17:23:07.434849+00,anotador_312,4645,2,,,buenos_aires_amba,[]
2026-05-31 17:23:10.955+00,anotador_312,1950,,,,,"[{""pos"":8,""source"":""prem"",""palabra"":""idiotez.""}]"
2026-05-31 17:23:14.764719+00,anotador_312,1950,,,,,"[{""pos"":9,""source"":""hyp"",""palabra"":""caballerosidad.""}]"
2026-05-31 17:23:15.690283+00,anotador_312,1950,2,,,buenos_aires_amba,[]
2026-05-31 17:23:25.048236+00,anotador_312,3490,,,,,"[{""pos"":14,""source"":""prem"",""palabra"":""tomadas""}]"
2026-05-31 17:23:28.211925+00,anotador_312,3490,2,,,buenos_aires_amba,[]
2026-05-31 17:23:42.355632+00,anotador_312,7054,3,,,buenos_aires_amba,[]
2026-05-31 17:23:48.25942+00,anotador_312,6298,,,,,"[{""pos"":2,""source"":""prem"",""palabra"":""técnicos""}]"
2026-05-31 17:23:55.814525+00,anotador_312,6298,2,,,buenos_aires_amba,[]
2026-05-31 17:24:02.279781+00,anotador_312,2551,2,,,buenos_aires_amba,[]
2026-05-31 17:24:06.198663+00,anotador_312,3407,,,,,"[{""pos"":2,""source"":""prem"",""palabra"":""objeto""}]"
2026-05-31 17:24:07.334197+00,anotador_312,3407,2,,,buenos_aires_amba,"[{""pos"":5,""source"":""prem"",""palabra"":""deliberación""}]"
2026-05-31 17:24:23.489274+00,anotador_312,5408,4,,,buenos_aires_amba,[]
2026-05-31 17:24:38.614044+00,anotador_312,6821,2,,,buenos_aires_amba,[]
2026-05-31 17:24:45.291182+00,anotador_312,3279,,,,buenos_aires_amba,"[{""pos"":19,""source"":""prem"",""palabra"":""voladas""}]"
2026-05-31 17:24:47.569068+00,anotador_312,3279,2,,,buenos_aires_amba,[]
2026-05-31 17:25:09.736633+00,anotador_312,2747,,,,,"[{""pos"":14,""source"":""prem"",""palabra"":""incumbencia""}]"
2026-05-31 17:25:15.662967+00,anotador_312,2747,,,,,"[{""pos"":17,""source"":""hyp"",""palabra"":""unidad""}]"
2026-05-31 17:25:16.841882+00,anotador_312,2747,,,,,"[{""pos"":19,""source"":""hyp"",""palabra"":""trauma.""}]"
2026-05-31 17:25:17.806279+00,anotador_312,2747,2,,,buenos_aires_amba,[]
2026-05-31 17:25:24.460099+00,anotador_312,4722,,,,,"[{""pos"":24,""source"":""prem"",""palabra"":""revelado""}]"
2026-05-31 17:25:27.764679+00,anotador_312,4722,1,,,buenos_aires_amba,[]
2026-05-31 17:25:30.360996+00,anotador_312,1499,,,,,"[{""pos"":4,""source"":""prem"",""palabra"":""econósfera""}]"
2026-05-31 17:25:33.998404+00,anotador_312,1499,,,,,"[{""pos"":18,""source"":""prem"",""palabra"":""homínida.""}]"
2026-05-31 17:25:36.374556+00,anotador_312,1499,,,,,"[{""pos"":3,""source"":""hyp"",""palabra"":""econosferas""}]"
2026-05-31 17:25:37.811747+00,anotador_312,1499,1,,,buenos_aires_amba,[]
2026-05-31 17:25:46.850909+00,anotador_312,2863,,,,,"[{""pos"":12,""source"":""prem"",""palabra"":""estanterías,""}]"
2026-05-31 17:25:51.021953+00,anotador_312,2863,,,,,"[{""pos"":23,""source"":""prem"",""palabra"":""implementación""}]"
2026-05-31 17:25:54.061581+00,anotador_312,2863,1,,,buenos_aires_amba,[]
2026-05-31 17:25:56.841695+00,anotador_312,4245,1,,,buenos_aires_amba,[]
2026-05-31 17:26:07.439298+00,anotador_312,5115,5,,,buenos_aires_amba,[]
2026-05-31 17:26:16.756421+00,anotador_312,384,4,,,buenos_aires_amba,[]
2026-05-31 17:26:24.054046+00,anotador_312,7495,,,,,"[{""pos"":8,""source"":""prem"",""palabra"":""fisten""}]"
2026-05-31 17:26:25.125377+00,anotador_312,7495,1,,,buenos_aires_amba,[]
2026-05-31 17:26:32.830725+00,anotador_312,7467,,,,,"[{""pos"":12,""source"":""prem"",""palabra"":""adorado""}]"
2026-05-31 17:26:35.665737+00,anotador_312,7467,1,,,buenos_aires_amba,[]
2026-05-31 17:26:38.154575+00,anotador_312,5848,1,,,buenos_aires_amba,"[{""pos"":4,""source"":""prem"",""palabra"":""cortés,""},{""pos"":3,""source"":""hyp"",""palabra"":""calmo""}]"
2026-05-31 17:26:44.779564+00,anotador_312,722,1,,,buenos_aires_amba,"[{""pos"":0,""source"":""prem"",""palabra"":""lanza""},{""pos"":4,""source"":""prem"",""palabra"":""cola""}]"
2026-05-31 17:26:52.044738+00,anotador_312,5796,1,,,buenos_aires_amba,"[{""pos"":3,""source"":""prem"",""palabra"":""alcance,""},{""pos"":4,""source"":""hyp"",""palabra"":""accesibles.""}]"
2026-05-31 17:27:03.797619+00,anotador_312,5052,2,,,buenos_aires_amba,"[{""pos"":2,""source"":""hyp"",""palabra"":""oí""}]"
2026-05-31 17:27:09.430658+00,anotador_312,5787,1,,,buenos_aires_amba,"[{""pos"":10,""source"":""prem"",""palabra"":""aseveración.""},{""pos"":8,""source"":""hyp"",""palabra"":""asertividad""}]"
2026-05-31 17:27:16.880497+00,anotador_312,3362,1,,,buenos_aires_amba,"[{""pos"":9,""source"":""prem"",""palabra"":""ver""},{""pos"":10,""source"":""prem"",""palabra"":""ibid.""}]"
2026-05-31 17:27:29.417457+00,anotador_312,5925,1,,,buenos_aires_amba,"[{""pos"":20,""source"":""prem"",""palabra"":""encogió""},{""pos"":2,""source"":""hyp"",""palabra"":""movido""},{""pos"":6,""source"":""hyp"",""palabra"":""señal""},{""pos"":8,""source"":""hyp"",""palabra"":""aceptación.""}]"
2026-05-31 17:27:41.881421+00,anotador_312,3207,1,,,buenos_aires_amba,"[{""pos"":1,""source"":""prem"",""palabra"":""dotaciones""},{""pos"":5,""source"":""prem"",""palabra"":""compuestas""},{""pos"":8,""source"":""prem"",""palabra"":""capitán""},{""pos"":10,""source"":""prem"",""palabra"":""teniente""},{""pos"":5,""source"":""hyp"",""palabra"":""escalonadas""},{""pos"":8,""source"":""hyp"",""palabra"":""contenían""}]"
2026-05-31 17:27:52.462378+00,anotador_312,6163,1,,,buenos_aires_amba,"[{""pos"":1,""source"":""prem"",""palabra"":""escarpadas""},{""pos"":2,""source"":""prem"",""palabra"":""crestas""},{""pos"":8,""source"":""prem"",""palabra"":""llanura""},{""pos"":11,""source"":""prem"",""palabra"":""distintivos""}]"
2026-05-31 17:28:03.861254+00,anotador_312,7058,2,,,buenos_aires_amba,"[{""pos"":5,""source"":""prem"",""palabra"":""aplica""}]"
2026-05-31 17:28:12.680017+00,anotador_312,7005,1,,,buenos_aires_amba,"[{""pos"":1,""source"":""prem"",""palabra"":""paquetes""},{""pos"":3,""source"":""prem"",""palabra"":""cobertura""},{""pos"":6,""source"":""prem"",""palabra"":""semanarios""},{""pos"":7,""source"":""prem"",""palabra"":""complacen""},{""pos"":8,""source"":""hyp"",""palabra"":""mercadeo""}]"
2026-05-31 17:36:26.682259+00,anotador_029,9999,1,,,buenos_aires_amba,"[{""pos"":1,""source"":""prem"",""palabra"":""chaval""},{""pos"":2,""source"":""prem"",""palabra"":""cogió""},{""pos"":4,""source"":""prem"",""palabra"":""móvil""},{""pos"":8,""source"":""prem"",""palabra"":""piso""}]"
2026-05-31 17:37:22.047512+00,anotador_029,6872,2,"Doble ""se"", se habrían/formarse, suena raro",,buenos_aires_amba,[]
2026-05-31 17:38:05.953075+00,anotador_029,1940,3,,,buenos_aires_amba,[]
2026-05-31 17:38:16.531445+00,anotador_029,3860,3,,,buenos_aires_amba,[]
2026-05-31 17:38:28.201217+00,anotador_029,4017,3,,,buenos_aires_amba,[]
2026-05-31 17:38:34.977218+00,anotador_029,7348,3,,,buenos_aires_amba,[]
2026-05-31 17:38:43.896338+00,anotador_029,5996,3,,,buenos_aires_amba,[]
2026-05-31 17:38:56.314581+00,anotador_029,1655,3,,,buenos_aires_amba,[]
2026-05-31 17:39:07.625806+00,anotador_029,3389,3,,,buenos_aires_amba,[]
2026-05-31 17:39:18.428928+00,anotador_029,3270,3,,,buenos_aires_amba,[]
2026-05-31 17:39:25.299704+00,anotador_029,5691,3,,,buenos_aires_amba,"[{""pos"":4,""source"":""prem"",""palabra"":""logaritmo""}]"
2026-05-31 17:39:57.433875+00,anotador_029,6333,4,,,buenos_aires_amba,[]
2026-05-31 17:40:10.304796+00,anotador_029,6911,3,,,buenos_aires_amba,[]
2026-05-31 17:40:17.278424+00,anotador_029,2790,3,,,buenos_aires_amba,[]
2026-05-31 17:40:29.42795+00,anotador_029,2410,3,,,buenos_aires_amba,[]
2026-05-31 17:40:39.887784+00,anotador_029,5198,3,,,buenos_aires_amba,[]
2026-05-31 17:40:55.440042+00,anotador_029,5335,4,,,buenos_aires_amba,[]
2026-05-31 17:41:06.089725+00,anotador_029,3604,3,,,buenos_aires_amba,[]
2026-05-31 17:41:18.643078+00,anotador_029,6667,3,,,buenos_aires_amba,[]
2026-05-31 17:41:28.555939+00,anotador_029,3293,3,,,buenos_aires_amba,[]
2026-05-31 17:51:51.006985+00,anotador_184,9999,1,,,,[]
2026-05-31 17:52:31.401187+00,anotador_184,4115,2,,,,[]
2026-05-31 17:52:37.988273+00,anotador_184,1744,4,,,,"[{""pos"":5,""source"":""prem"",""palabra"":""pasamanos""}]"
2026-05-31 17:53:28.302509+00,anotador_184,4980,4,,,,[]
2026-05-31 17:55:45.794909+00,anotador_301,9999,1,Todo,,buenos_aires_amba,[]
2026-05-31 17:56:22.98136+00,anotador_301,4199,4,,,buenos_aires_amba,"[{""pos"":1,""source"":""prem"",""palabra"":""invoca""}]"
2026-05-31 17:56:56.21349+00,anotador_301,3699,4,,,buenos_aires_amba,[]
2026-05-31 17:57:13.862567+00,anotador_301,6484,5,,,buenos_aires_amba,[]
2026-05-31 17:57:19.782422+00,anotador_301,1626,5,,,buenos_aires_amba,[]
2026-05-31 17:57:31.950258+00,anotador_301,7190,5,,,buenos_aires_amba,[]
2026-05-31 17:57:44.147872+00,anotador_301,726,4,,,buenos_aires_amba,"[{""pos"":3,""source"":""hyp"",""palabra"":""perezoso""}]"
2026-05-31 17:57:58.013697+00,anotador_301,4419,4,,,buenos_aires_amba,[]
2026-05-31 17:58:27.776504+00,anotador_301,7159,5,,,buenos_aires_amba,[]
2026-05-31 17:58:34.037975+00,anotador_301,5010,5,,,buenos_aires_amba,[]
2026-05-31 17:58:42.277153+00,anotador_301,5876,3,,,buenos_aires_amba,"[{""pos"":6,""source"":""hyp"",""palabra"":""redada.""}]"
2026-05-31 17:58:56.006748+00,anotador_301,6722,4,,,buenos_aires_amba,[]
2026-05-31 17:59:15.089003+00,anotador_301,6852,4,,,buenos_aires_amba,[]
2026-05-31 17:59:21.46061+00,anotador_301,3093,4,,,buenos_aires_amba,[]
2026-05-31 17:59:44.559322+00,anotador_301,7440,4,,,buenos_aires_amba,"[{""pos"":4,""source"":""hyp"",""palabra"":""contiene""}]"
2026-05-31 18:00:19.038446+00,anotador_301,6377,5,,,buenos_aires_amba,[]
2026-05-31 18:00:38.237182+00,anotador_301,5699,5,,,buenos_aires_amba,[]
2026-05-31 18:00:55.033341+00,anotador_301,7373,5,,,buenos_aires_amba,[]
2026-05-31 18:01:00.487663+00,anotador_301,1425,4,,,buenos_aires_amba,[]
2026-05-31 18:01:05.963029+00,anotador_301,6823,5,,,buenos_aires_amba,[]
2026-05-31 18:08:37.59974+00,anotador_216,9999,1,,,buenos_aires_amba,[]
2026-05-31 18:08:55.148277+00,anotador_216,5660,1,,,buenos_aires_amba,[]
2026-05-31 18:09:11.804612+00,anotador_216,5496,5,,,buenos_aires_amba,[]
2026-05-31 18:09:33.127683+00,anotador_216,2620,4,,,buenos_aires_amba,"[{""pos"":2,""source"":""hyp"",""palabra"":""ahorrás""}]"
2026-05-31 18:09:53.673395+00,anotador_216,1296,5,,,buenos_aires_amba,"[{""pos"":0,""source"":""prem"",""palabra"":""Esta""},{""pos"":2,""source"":""prem"",""palabra"":""la""},{""pos"":3,""source"":""prem"",""palabra"":""manera""},{""pos"":5,""source"":""prem"",""palabra"":""la""},{""pos"":6,""source"":""prem"",""palabra"":""que""},{""pos"":7,""source"":""prem"",""palabra"":""vivimos""},{""pos"":3,""source"":""hyp"",""palabra"":""le""},{""pos"":4,""source"":""hyp"",""palabra"":""importa""}]"
2026-05-31 18:09:58.508512+00,anotador_249,9999,2,,,,"[{""pos"":1,""source"":""prem"",""palabra"":""chaval""},{""pos"":2,""source"":""prem"",""palabra"":""cogió""},{""pos"":4,""source"":""prem"",""palabra"":""móvil""},{""pos"":8,""source"":""prem"",""palabra"":""piso""}]"
2026-05-31 18:09:59.234942+00,anotador_181,9999,1,,,buenos_aires_amba,[]
2026-05-31 18:10:08.884075+00,anotador_216,4303,5,,,buenos_aires_amba,"[{""pos"":0,""source"":""prem"",""palabra"":""No""},{""pos"":1,""source"":""prem"",""palabra"":""fue""},{""pos"":2,""source"":""prem"",""palabra"":""hasta""},{""pos"":3,""source"":""prem"",""palabra"":""el""},{""pos"":4,""source"":""prem"",""palabra"":""otro""},{""pos"":5,""source"":""prem"",""palabra"":""día""}]"
2026-05-31 18:10:12.953834+00,anotador_181,3171,3,,,buenos_aires_amba,[]
2026-05-31 18:10:20.504839+00,anotador_181,3615,3,,,buenos_aires_amba,[]
2026-05-31 18:10:26.112979+00,anotador_216,2593,5,,,buenos_aires_amba,"[{""pos"":3,""source"":""hyp"",""palabra"":""necesitan""},{""pos"":6,""source"":""hyp"",""palabra"":""mostrar""},{""pos"":6,""source"":""prem"",""palabra"":""empresas""},{""pos"":15,""source"":""prem"",""palabra"":""producto""},{""pos"":23,""source"":""prem"",""palabra"":""producto.""}]"
2026-05-31 18:10:31.718499+00,anotador_249,4814,3,,,,[]
2026-05-31 18:10:33.680707+00,anotador_181,1976,4,,,buenos_aires_amba,[]
2026-05-31 18:10:39.0596+00,anotador_249,5857,3,,,,[]
2026-05-31 18:10:45.805543+00,anotador_249,2203,3,,,,[]
2026-05-31 18:10:46.335946+00,anotador_216,2076,4,,,buenos_aires_amba,"[{""pos"":2,""source"":""hyp"",""palabra"":""cerca""},{""pos"":1,""source"":""hyp"",""palabra"":""está""},{""pos"":3,""source"":""hyp"",""palabra"":""de""},{""pos"":4,""source"":""hyp"",""palabra"":""la""},{""pos"":5,""source"":""hyp"",""palabra"":""estación""}]"
2026-05-31 18:10:48.356526+00,anotador_181,4600,5,,,buenos_aires_amba,[]
2026-05-31 18:10:54.258608+00,anotador_249,4776,3,,,,[]
2026-05-31 18:10:59.054192+00,anotador_181,5743,3,,,buenos_aires_amba,[]
2026-05-31 18:11:01.603414+00,anotador_249,5823,3,,,,[]
2026-05-31 18:11:10.903249+00,anotador_181,4213,4,,,buenos_aires_amba,[]
2026-05-31 18:11:26.360667+00,anotador_249,5880,3,,,,[]
2026-05-31 18:11:26.393498+00,anotador_181,2702,5,,,buenos_aires_amba,[]
2026-05-31 18:11:32.222044+00,anotador_249,6109,3,,,,[]
2026-05-31 18:11:35.317549+00,anotador_181,5441,3,,,buenos_aires_amba,[]
2026-05-31 18:11:37.545903+00,anotador_249,3501,3,,,,[]
2026-05-31 18:11:42.497428+00,anotador_249,4386,3,,,,[]
2026-05-31 18:11:48.555321+00,anotador_181,2243,3,,,buenos_aires_amba,[]
2026-05-31 18:11:49.65874+00,anotador_249,2112,3,,,,[]
2026-05-31 18:11:52.5169+00,anotador_249,5750,3,,,,[]
2026-05-31 18:11:55.240219+00,anotador_249,2423,3,,,,[]
2026-05-31 18:12:02.382515+00,anotador_181,4744,3,,,buenos_aires_amba,[]
2026-05-31 18:12:15.430943+00,anotador_181,4696,2,,,buenos_aires_amba,[]
2026-05-31 18:12:25.487364+00,anotador_181,4012,3,,,buenos_aires_amba,[]
2026-05-31 18:12:34.410423+00,anotador_181,5171,4,,,buenos_aires_amba,[]
2026-05-31 18:12:39.415419+00,anotador_181,3666,5,,,buenos_aires_amba,[]
2026-05-31 18:12:50.933099+00,anotador_181,3221,5,,,buenos_aires_amba,[]
2026-05-31 18:12:54.833746+00,anotador_181,5723,3,,,buenos_aires_amba,[]
2026-05-31 18:13:03.379872+00,anotador_181,887,4,,,buenos_aires_amba,[]
2026-05-31 18:13:04.511933+00,anotador_261,5453,,,,buenos_aires_amba,"[{""pos"":3,""source"":""hyp"",""palabra"":""$""}]"
2026-05-31 18:13:07.91179+00,anotador_261,5453,4,es poca plata. dia de pago -- fin de mes,,buenos_aires_amba,"[{""pos"":3,""source"":""hyp"",""palabra"":""$""},{""pos"":2,""source"":""hyp"",""palabra"":""20""},{""pos"":6,""source"":""hyp"",""palabra"":""día""},{""pos"":7,""source"":""hyp"",""palabra"":""de""},{""pos"":8,""source"":""hyp"",""palabra"":""pago.""}]"
2026-05-31 18:13:11.09063+00,anotador_181,3649,5,,,buenos_aires_amba,[]
2026-05-31 18:13:18.390269+00,anotador_181,5371,5,,,buenos_aires_amba,[]
2026-05-31 18:14:09.558924+00,anotador_216,3673,3,,,buenos_aires_amba,[]
2026-05-31 18:14:45.40604+00,anotador_216,4080,1,,,buenos_aires_amba,[]
2026-05-31 18:15:10.584455+00,anotador_216,4442,1,,,buenos_aires_amba,[]
2026-05-31 18:15:35.468396+00,anotador_216,7064,4,,,buenos_aires_amba,"[{""pos"":0,""source"":""prem"",""palabra"":""La""},{""pos"":1,""source"":""prem"",""palabra"":""policía""},{""pos"":2,""source"":""prem"",""palabra"":""dijo""},{""pos"":3,""source"":""prem"",""palabra"":""que""},{""pos"":4,""source"":""prem"",""palabra"":""habían""},{""pos"":5,""source"":""prem"",""palabra"":""descartado""},{""pos"":7,""source"":""prem"",""palabra"":""medio""},{""pos"":8,""source"":""prem"",""palabra"":""hermano""},{""pos"":10,""source"":""prem"",""palabra"":""media""},{""pos"":11,""source"":""prem"",""palabra"":""hermana""},{""pos"":16,""source"":""prem"",""palabra"":""sospechosos""},{""pos"":20,""source"":""prem"",""palabra"":""evidentemente""},{""pos"":1,""source"":""hyp"",""palabra"":""suficiente""},{""pos"":2,""source"":""hyp"",""palabra"":""evidencia""},{""pos"":6,""source"":""hyp"",""palabra"":""medio""},{""pos"":7,""source"":""hyp"",""palabra"":""hermano""}]"
2026-05-31 18:16:19.558957+00,anotador_216,6056,3,,,buenos_aires_amba,"[{""pos"":2,""source"":""prem"",""palabra"":""conocida""}]"
2026-05-31 18:17:05.088012+00,anotador_216,1076,1,,,buenos_aires_amba,[]
2026-05-31 18:17:18.312767+00,anotador_216,6843,2,,,buenos_aires_amba,[]
2026-05-31 18:17:33.555097+00,anotador_216,2347,1,,,buenos_aires_amba,[]
2026-05-31 18:18:28.54443+00,anotador_216,5159,1,,,buenos_aires_amba,[]
2026-05-31 18:18:38.259661+00,anotador_216,1803,3,,,buenos_aires_amba,"[{""pos"":13,""source"":""prem"",""palabra"":""satisfechos""}]"
2026-05-31 18:19:25.925887+00,anotador_216,6586,1,,,buenos_aires_amba,[]
2026-05-31 18:19:38.569247+00,anotador_216,6814,1,,,buenos_aires_amba,[]
2026-05-31 18:22:49.936951+00,anotador_122,9999,3,,,buenos_aires_amba,[]
2026-05-31 18:22:50.167298+00,anotador_115,9999,2,,,buenos_aires_amba,"[{""pos"":1,""source"":""prem"",""palabra"":""chaval""},{""pos"":4,""source"":""prem"",""palabra"":""móvil""},{""pos"":8,""source"":""prem"",""palabra"":""piso""},{""pos"":7,""source"":""prem"",""palabra"":""el""}]"
2026-05-31 18:22:57.469431+00,anotador_122,2405,5,,,buenos_aires_amba,[]
2026-05-31 18:23:07.609862+00,anotador_122,1979,4,,,buenos_aires_amba,[]
2026-05-31 18:23:12.422838+00,anotador_122,5343,5,,,buenos_aires_amba,[]
2026-05-31 18:23:21.702483+00,anotador_122,2977,5,,,buenos_aires_amba,[]
2026-05-31 18:23:21.889056+00,anotador_276,9999,1,,,,"[{""pos"":3,""source"":""hyp"",""palabra"":""Wollongong""}]"
2026-05-31 18:23:32.720973+00,anotador_122,1309,4,,,buenos_aires_amba,[]
2026-05-31 18:23:34.304661+00,anotador_115,4626,4,,,buenos_aires_amba,[]
2026-05-31 18:23:44.349859+00,anotador_122,4646,5,,,buenos_aires_amba,[]
2026-05-31 18:23:52.891275+00,anotador_115,5683,5,,,buenos_aires_amba,[]
2026-05-31 18:24:01.101222+00,anotador_122,5963,5,,,buenos_aires_amba,[]
2026-05-31 18:24:10.967557+00,anotador_122,4758,5,,,buenos_aires_amba,[]
2026-05-31 18:24:11.537639+00,anotador_115,1760,5,,,buenos_aires_amba,[]
2026-05-31 18:24:14.718818+00,anotador_122,1838,5,,,buenos_aires_amba,[]
2026-05-31 18:24:20.154141+00,anotador_122,4033,5,,,buenos_aires_amba,[]
2026-05-31 18:24:33.955624+00,anotador_122,2706,5,,,buenos_aires_amba,[]
2026-05-31 18:24:35.726657+00,anotador_115,4757,4,,,buenos_aires_amba,[]
2026-05-31 18:24:39.656133+00,anotador_122,2011,4,,,buenos_aires_amba,[]
2026-05-31 18:24:46.773767+00,anotador_122,3565,5,,,buenos_aires_amba,[]
2026-05-31 18:24:51.535973+00,anotador_115,4044,4,,,buenos_aires_amba,[]
2026-05-31 18:24:52.685133+00,anotador_122,4881,3,,,buenos_aires_amba,[]
2026-05-31 18:25:01.736052+00,anotador_115,6750,5,,,buenos_aires_amba,[]
2026-05-31 18:25:05.530533+00,anotador_122,690,5,,,buenos_aires_amba,[]
2026-05-31 18:25:09.420838+00,anotador_115,1728,5,,,buenos_aires_amba,[]
2026-05-31 18:25:12.243397+00,anotador_122,2896,5,,,buenos_aires_amba,[]
2026-05-31 18:25:18.608133+00,anotador_115,7453,5,,,buenos_aires_amba,[]
2026-05-31 18:25:22.446401+00,anotador_122,5534,5,,,buenos_aires_amba,[]
2026-05-31 18:25:37.453449+00,anotador_122,4167,5,,,buenos_aires_amba,[]
2026-05-31 18:25:41.046358+00,anotador_115,2475,5,,,buenos_aires_amba,[]
2026-05-31 18:25:43.758445+00,anotador_122,6020,4,,,buenos_aires_amba,[]
2026-05-31 18:25:54.453559+00,anotador_115,4836,5,,,buenos_aires_amba,[]
2026-05-31 18:26:11.204972+00,anotador_115,435,5,,,buenos_aires_amba,[]
2026-05-31 18:26:36.456438+00,anotador_115,7269,5,,,buenos_aires_amba,[]
2026-05-31 18:26:50.948827+00,anotador_115,3993,4,,,buenos_aires_amba,"[{""pos"":3,""source"":""prem"",""palabra"":""graduación""},{""pos"":3,""source"":""hyp"",""palabra"":""graduación""}]"
2026-05-31 18:27:33.259041+00,anotador_115,3469,5,,,buenos_aires_amba,[]
2026-05-31 18:27:44.5317+00,anotador_115,5318,5,,,buenos_aires_amba,[]
2026-05-31 18:27:53.295399+00,anotador_115,4048,5,,,buenos_aires_amba,[]
2026-05-31 18:27:56.083368+00,anotador_270,9999,2,,,buenos_aires_interior,"[{""pos"":1,""source"":""prem"",""palabra"":""chaval""},{""pos"":2,""source"":""prem"",""palabra"":""cogió""},{""pos"":13,""source"":""hyp"",""palabra"":""fans.""},{""pos"":11,""source"":""hyp"",""palabra"":""miles""},{""pos"":12,""source"":""hyp"",""palabra"":""de""}]"
2026-05-31 18:28:13.001225+00,anotador_115,4852,4,,,buenos_aires_amba,"[{""pos"":19,""source"":""prem"",""palabra"":""repararse--""}]"
2026-05-31 18:28:28.586869+00,anotador_270,5376,3,,,buenos_aires_interior,[]
2026-05-31 18:28:35.297771+00,anotador_148,9999,1,,,buenos_aires_amba,"[{""pos"":1,""source"":""hyp"",""palabra"":""Kettering,""},{""pos"":3,""source"":""hyp"",""palabra"":""Wollongong""}]"
2026-05-31 18:28:36.435846+00,anotador_115,6527,5,,,buenos_aires_amba,[]
2026-05-31 18:28:44.659082+00,anotador_270,3395,4,,,buenos_aires_interior,[]
2026-05-31 18:28:44.978348+00,anotador_115,7131,5,,,buenos_aires_amba,[]
2026-05-31 18:28:49.482565+00,anotador_270,5811,2,,,buenos_aires_interior,"[{""pos"":6,""source"":""prem"",""palabra"":""buena""},{""pos"":7,""source"":""prem"",""palabra"":""gana.""},{""pos"":5,""source"":""prem"",""palabra"":""de""},{""pos"":3,""source"":""hyp"",""palabra"":""buena""}]"
2026-05-31 18:29:01.016964+00,anotador_198,9999,1,,,buenos_aires_amba,"[{""pos"":1,""source"":""prem"",""palabra"":""chaval""},{""pos"":2,""source"":""prem"",""palabra"":""cogió""},{""pos"":4,""source"":""prem"",""palabra"":""móvil""},{""pos"":8,""source"":""prem"",""palabra"":""piso""},{""pos"":11,""source"":""prem"",""palabra"":""luego""},{""pos"":1,""source"":""hyp"",""palabra"":""Kettering,""},{""pos"":3,""source"":""hyp"",""palabra"":""Wollongong""},{""pos"":4,""source"":""hyp"",""palabra"":""Bears""},{""pos"":7,""source"":""hyp"",""palabra"":""Tournament""},{""pos"":9,""source"":""hyp"",""palabra"":""Kilimsworth""}]"
2026-05-31 18:29:07.163951+00,anotador_270,7161,2,,,buenos_aires_interior,"[{""pos"":5,""source"":""hyp"",""palabra"":""menudo.""}]"
2026-05-31 18:29:19.990604+00,anotador_270,4158,3,,,buenos_aires_interior,[]
2026-05-31 18:29:20.29178+00,anotador_148,3068,3,,,buenos_aires_amba,[]
2026-05-31 18:29:27.385989+00,anotador_270,1753,5,,,buenos_aires_interior,[]
2026-05-31 18:29:31.878244+00,anotador_148,7361,4,,,buenos_aires_amba,[]
2026-05-31 18:29:33.502765+00,anotador_270,1993,2,,,buenos_aires_interior,"[{""pos"":14,""source"":""prem"",""palabra"":""volveré""},{""pos"":20,""source"":""prem"",""palabra"":""haré.""},{""pos"":5,""source"":""hyp"",""palabra"":""bote.""}]"
2026-05-31 18:29:37.715894+00,anotador_148,4286,3,,,buenos_aires_amba,[]
2026-05-31 18:29:45.168436+00,anotador_198,1774,1,,,buenos_aires_amba,[]
2026-05-31 18:29:47.99627+00,anotador_270,3169,4,,,buenos_aires_interior,[]
2026-05-31 18:29:48.658441+00,anotador_148,5604,4,,,buenos_aires_amba,[]
2026-05-31 18:29:54.728799+00,anotador_270,2716,4,,,buenos_aires_interior,[]
2026-05-31 18:29:58.174249+00,anotador_148,6960,3,,,buenos_aires_amba,[]
2026-05-31 18:30:06.179455+00,anotador_270,4518,3,,,buenos_aires_interior,[]
2026-05-31 18:30:06.364871+00,anotador_198,6239,4,,,buenos_aires_amba,[]
2026-05-31 18:30:06.919571+00,anotador_148,3005,3,,,buenos_aires_amba,[]
2026-05-31 18:30:09.515926+00,anotador_198,3486,2,,,buenos_aires_amba,"[{""pos"":2,""source"":""prem"",""palabra"":""incurrir""}]"
2026-05-31 18:30:12.488186+00,anotador_270,7200,3,,,buenos_aires_interior,[]
2026-05-31 18:30:20.054126+00,anotador_148,3117,3,,,buenos_aires_amba,[]
2026-05-31 18:30:21.378765+00,anotador_270,4967,4,,,buenos_aires_interior,[]
2026-05-31 18:30:28.991214+00,anotador_148,362,4,,,buenos_aires_amba,[]
2026-05-31 18:30:31.453082+00,anotador_270,5438,5,,,buenos_aires_interior,[]
2026-05-31 18:30:31.589661+00,anotador_198,1011,2,,,buenos_aires_amba,"[{""pos"":4,""source"":""prem"",""palabra"":""¿a""},{""pos"":5,""source"":""prem"",""palabra"":""menudo""}]"
2026-05-31 18:30:37.828652+00,anotador_270,5124,5,,,buenos_aires_interior,[]
2026-05-31 18:30:39.317546+00,anotador_148,1328,3,,,buenos_aires_amba,[]
2026-05-31 18:30:48.366797+00,anotador_148,3110,2,,,buenos_aires_amba,[]
2026-05-31 18:30:48.475028+00,anotador_198,1722,5,,,buenos_aires_amba,[]
2026-05-31 18:30:49.853511+00,anotador_270,5725,4,,,buenos_aires_interior,[]
2026-05-31 18:30:53.014329+00,anotador_148,3884,4,,,buenos_aires_amba,[]
2026-05-31 18:30:55.15374+00,anotador_198,6953,2,,,buenos_aires_amba,"[{""pos"":16,""source"":""prem"",""palabra"":""tienda""}]"
2026-05-31 18:30:56.756134+00,anotador_270,4320,3,,,buenos_aires_interior,"[{""pos"":16,""source"":""prem"",""palabra"":""parten""},{""pos"":17,""source"":""prem"",""palabra"":""de""},{""pos"":18,""source"":""prem"",""palabra"":""la""},{""pos"":19,""source"":""prem"",""palabra"":""risa,""},{""pos"":15,""source"":""prem"",""palabra"":""se""}]"
2026-05-31 18:31:03.0127+00,anotador_148,3561,4,,,buenos_aires_amba,[]
2026-05-31 18:31:09.440249+00,anotador_148,4590,3,,,buenos_aires_amba,[]
2026-05-31 18:31:10.625671+00,anotador_270,1889,3,,,buenos_aires_interior,"[{""pos"":3,""source"":""prem"",""palabra"":""servirán,""},{""pos"":2,""source"":""prem"",""palabra"":""no""}]"
2026-05-31 18:31:11.911515+00,anotador_198,7157,2,,,buenos_aires_amba,[]
2026-05-31 18:31:20.384096+00,anotador_148,4078,2,,,buenos_aires_amba,[]
2026-05-31 18:31:24.156636+00,anotador_270,6611,3,,,buenos_aires_interior,[]
2026-05-31 18:31:24.374703+00,anotador_148,6809,3,,,buenos_aires_amba,[]
2026-05-31 18:31:26.435246+00,anotador_198,3522,5,,,buenos_aires_amba,[]
2026-05-31 18:31:30.745434+00,anotador_148,3804,3,,,buenos_aires_amba,[]
2026-05-31 18:31:33.294428+00,anotador_270,4111,3,,,buenos_aires_interior,"[{""pos"":12,""source"":""hyp"",""palabra"":""desechar""}]"
2026-05-31 18:31:35.142504+00,anotador_198,393,4,,,buenos_aires_amba,"[{""pos"":7,""source"":""hyp"",""palabra"":""rechazaba""}]"
2026-05-31 18:31:36.960426+00,anotador_148,1957,3,,,buenos_aires_amba,[]
2026-05-31 18:31:44.597292+00,anotador_148,7241,3,,,buenos_aires_amba,[]
2026-05-31 18:31:48.732394+00,anotador_198,3323,2,,,buenos_aires_amba,[]
2026-05-31 18:31:49.850287+00,anotador_148,3595,2,,,buenos_aires_amba,[]
2026-05-31 18:32:02.55696+00,anotador_198,7287,,,,,"[{""pos"":23,""source"":""prem"",""palabra"":""con""}]"
2026-05-31 18:32:02.868882+00,anotador_198,7287,3,,,buenos_aires_amba,"[{""pos"":23,""source"":""prem"",""palabra"":""con""},{""pos"":24,""source"":""prem"",""palabra"":""la""},{""pos"":25,""source"":""prem"",""palabra"":""leche""},{""pos"":26,""source"":""prem"",""palabra"":""de""},{""pos"":27,""source"":""prem"",""palabra"":""nuestra""},{""pos"":28,""source"":""prem"",""palabra"":""madre.""},{""pos"":19,""source"":""prem"",""palabra"":""bebido,""}]"
2026-05-31 18:32:19.763109+00,anotador_198,682,5,,,buenos_aires_amba,[]
2026-05-31 18:32:29.708181+00,anotador_198,6501,4,,,buenos_aires_amba,"[{""pos"":23,""source"":""prem"",""palabra"":""pensiones.""}]"
2026-05-31 18:32:37.917591+00,anotador_198,6183,4,,,buenos_aires_amba,"[{""pos"":3,""source"":""prem"",""palabra"":""pasteles""}]"
2026-05-31 18:33:01.290085+00,anotador_198,3246,4,,,buenos_aires_amba,[]
2026-05-31 18:33:08.351621+00,anotador_198,628,4,,,buenos_aires_amba,[]
2026-05-31 18:33:16.231741+00,anotador_198,2992,3,,,buenos_aires_amba,[]
2026-05-31 18:33:22.566062+00,anotador_198,4148,4,,,buenos_aires_amba,[]
2026-05-31 18:33:26.741274+00,anotador_198,1829,2,,,buenos_aires_amba,[]
2026-05-31 18:53:03.834964+00,anotador_291,9999,2,,,buenos_aires_interior,"[{""pos"":1,""source"":""prem"",""palabra"":""chaval""},{""pos"":2,""source"":""prem"",""palabra"":""cogió""},{""pos"":4,""source"":""prem"",""palabra"":""móvil""}]"
2026-05-31 18:54:16.424564+00,anotador_291,3248,5,,,buenos_aires_interior,[]
2026-05-31 18:54:31.439575+00,anotador_291,4248,5,,,buenos_aires_interior,[]
2026-05-31 18:54:51.186352+00,anotador_291,3390,5,,,buenos_aires_interior,[]
2026-05-31 18:55:06.835224+00,anotador_291,5647,5,,,buenos_aires_interior,[]
2026-05-31 18:55:23.237522+00,anotador_291,2649,5,,,buenos_aires_interior,[]
2026-05-31 18:55:30.121445+00,anotador_291,7029,4,,,buenos_aires_interior,[]
2026-05-31 18:56:21.18424+00,anotador_291,3682,5,,,buenos_aires_interior,[]
2026-05-31 18:56:26.364888+00,anotador_291,6192,5,,,buenos_aires_interior,[]
2026-05-31 18:56:35.788563+00,anotador_291,3833,4,,,buenos_aires_interior,[]
2026-05-31 18:56:41.872685+00,anotador_291,2138,4,,,buenos_aires_interior,[]
2026-05-31 18:56:48.245963+00,anotador_291,5859,5,,,buenos_aires_interior,[]
2026-05-31 18:57:03.904459+00,anotador_291,2232,4,,,buenos_aires_interior,[]
2026-05-31 18:57:08.531727+00,anotador_291,4436,4,,,buenos_aires_interior,[]
2026-05-31 18:57:13.851595+00,anotador_291,7412,4,,,buenos_aires_interior,[]
2026-05-31 18:57:29.860527+00,anotador_291,4393,4,,,buenos_aires_interior,[]
2026-05-31 18:57:34.633954+00,anotador_291,4641,4,,,buenos_aires_interior,[]
2026-05-31 18:57:38.646945+00,anotador_291,5312,5,,,buenos_aires_interior,[]
2026-05-31 18:57:42.533901+00,anotador_291,6848,5,,,buenos_aires_interior,[]
2026-05-31 18:57:53.014054+00,anotador_291,1638,4,,,buenos_aires_interior,[]
2026-05-31 18:59:49.261278+00,anotador_291,6189,5,,,buenos_aires_interior,[]
2026-05-31 19:00:48.700442+00,anotador_291,3668,5,,,buenos_aires_interior,[]
2026-05-31 19:00:54.037087+00,anotador_291,3907,1,,,buenos_aires_interior,[]
2026-05-31 19:01:02.673594+00,anotador_291,5166,3,,,buenos_aires_interior,[]
2026-05-31 19:01:17.648505+00,anotador_291,3159,3,,,buenos_aires_interior,[]
2026-05-31 19:01:40.144613+00,anotador_291,5830,5,,,buenos_aires_interior,[]
2026-05-31 19:01:53.671898+00,anotador_291,3947,4,,,buenos_aires_interior,[]
2026-05-31 19:02:07.576894+00,anotador_291,2632,4,,,buenos_aires_interior,[]
2026-05-31 19:02:09.196012+00,anotador_284,9999,1,,,buenos_aires_amba,"[{""pos"":1,""source"":""prem"",""palabra"":""chaval""},{""pos"":2,""source"":""prem"",""palabra"":""cogió""},{""pos"":1,""source"":""hyp"",""palabra"":""Kettering,""},{""pos"":3,""source"":""hyp"",""palabra"":""Wollongong""},{""pos"":4,""source"":""hyp"",""palabra"":""Bears""},{""pos"":7,""source"":""hyp"",""palabra"":""Tournament""},{""pos"":8,""source"":""hyp"",""palabra"":""of""},{""pos"":9,""source"":""hyp"",""palabra"":""Kilimsworth""}]"
2026-05-31 19:02:17.254735+00,anotador_291,5088,4,,,buenos_aires_interior,[]
2026-05-31 19:02:36.842838+00,anotador_291,2095,4,,,buenos_aires_interior,"[{""pos"":6,""source"":""prem"",""palabra"":""gótica""},{""pos"":25,""source"":""prem"",""palabra"":""esbeltas""}]"
2026-05-31 19:02:53.678365+00,anotador_217,9999,1,,,buenos_aires_interior,"[{""pos"":1,""source"":""prem"",""palabra"":""chaval""},{""pos"":2,""source"":""prem"",""palabra"":""cogió""},{""pos"":11,""source"":""prem"",""palabra"":""luego""},{""pos"":10,""source"":""hyp"",""palabra"":""ante""}]"
2026-05-31 19:03:05.826663+00,anotador_284,6000,3,Lo saludo ,,buenos_aires_amba,"[{""pos"":8,""source"":""prem"",""palabra"":""saludó,""},{""pos"":7,""source"":""prem"",""palabra"":""le""}]"
2026-05-31 19:03:26.089637+00,anotador_217,2526,3,,,buenos_aires_interior,"[{""pos"":9,""source"":""prem"",""palabra"":""aquellos""}]"
2026-05-31 19:03:50.410169+00,anotador_291,930,5,,,buenos_aires_interior,[]
2026-05-31 19:03:54.595338+00,anotador_284,5941,5,,,buenos_aires_amba,[]
2026-05-31 19:03:59.023159+00,anotador_291,3694,5,,,buenos_aires_interior,[]
2026-05-31 19:04:01.767617+00,anotador_217,6002,2,,,buenos_aires_interior,"[{""pos"":7,""source"":""prem"",""palabra"":""le""},{""pos"":12,""source"":""prem"",""palabra"":""deber,""}]"
2026-05-31 19:04:03.298758+00,anotador_284,3325,3,No son fuerzas argentinas ,,buenos_aires_amba,"[{""pos"":3,""source"":""prem"",""palabra"":""FDNY""},{""pos"":1,""source"":""hyp"",""palabra"":""NYPD""}]"
2026-05-31 19:04:13.577618+00,anotador_291,6918,4,,,buenos_aires_interior,[]
2026-05-31 19:04:22.288626+00,anotador_291,4748,4,,,buenos_aires_interior,[]
2026-05-31 19:04:27.806248+00,anotador_291,3447,4,,,buenos_aires_interior,[]
2026-05-31 19:04:31.332066+00,anotador_291,5367,5,,,buenos_aires_interior,[]
2026-05-31 19:04:35.500779+00,anotador_217,3254,4,,,buenos_aires_interior,"[{""pos"":9,""source"":""prem"",""palabra"":""vea""},{""pos"":10,""source"":""hyp"",""palabra"":""por""},{""pos"":11,""source"":""hyp"",""palabra"":""lo""},{""pos"":12,""source"":""hyp"",""palabra"":""que""}]"
2026-05-31 19:04:49.909904+00,anotador_291,1949,4,,,buenos_aires_interior,[]
2026-05-31 19:04:59.185121+00,anotador_291,1311,5,,,buenos_aires_interior,[]
2026-05-31 19:05:11.461141+00,anotador_217,3306,4,,,buenos_aires_interior,"[{""pos"":14,""source"":""prem"",""palabra"":""acordó""},{""pos"":15,""source"":""prem"",""palabra"":""permitirle""}]"
2026-05-31 19:05:12.747298+00,anotador_291,1983,5,,,buenos_aires_interior,[]
2026-05-31 19:05:16.323076+00,anotador_291,6620,5,,,buenos_aires_interior,[]
2026-05-31 19:05:20.327817+00,anotador_284,4067,5,,,buenos_aires_amba,[]
2026-05-31 19:05:29.713688+00,anotador_284,6771,5,,,buenos_aires_amba,[]
2026-05-31 19:05:41.556018+00,anotador_284,5645,5,,,buenos_aires_amba,[]
2026-05-31 19:05:51.751873+00,anotador_284,2578,5,,,buenos_aires_amba,"[{""pos"":1,""source"":""hyp"",""palabra"":""SC""}]"
2026-05-31 19:06:06.497226+00,anotador_284,1806,5,,,buenos_aires_amba,[]
2026-05-31 19:06:06.769635+00,anotador_291,7286,5,,,buenos_aires_interior,[]
2026-05-31 19:06:12.650339+00,anotador_291,7415,5,,,buenos_aires_interior,[]
2026-05-31 19:06:18.517714+00,anotador_284,4027,5,,,buenos_aires_amba,[]
2026-05-31 19:06:19.42637+00,anotador_291,7052,4,,,buenos_aires_interior,[]
2026-05-31 19:06:25.759722+00,anotador_291,4318,4,,,buenos_aires_interior,[]
2026-05-31 19:06:31.115085+00,anotador_284,1510,5,,,buenos_aires_amba,[]
2026-05-31 19:06:31.845631+00,anotador_291,4745,4,,,buenos_aires_interior,[]
2026-05-31 19:06:37.401915+00,anotador_217,7365,5,,,buenos_aires_interior,[]
2026-05-31 19:06:38.228536+00,anotador_291,2137,3,,,buenos_aires_interior,[]
2026-05-31 19:06:41.470317+00,anotador_284,2553,5,,,buenos_aires_amba,[]
2026-05-31 19:06:43.881991+00,anotador_291,2001,4,,,buenos_aires_interior,[]
2026-05-31 19:06:49.70016+00,anotador_291,1524,5,,,buenos_aires_interior,[]
2026-05-31 19:06:56.977916+00,anotador_291,5537,4,,,buenos_aires_interior,[]
2026-05-31 19:07:02.161725+00,anotador_291,1230,4,,,buenos_aires_interior,[]
2026-05-31 19:07:12.403931+00,anotador_284,5013,3,,,buenos_aires_amba,"[{""pos"":2,""source"":""hyp"",""palabra"":""estado""},{""pos"":1,""source"":""hyp"",""palabra"":""he""}]"
2026-05-31 19:07:13.275054+00,anotador_291,4892,5,,,buenos_aires_interior,[]
2026-05-31 19:07:24.22794+00,anotador_291,6285,4,,,buenos_aires_interior,[]
2026-05-31 19:07:31.346827+00,anotador_284,6116,5,,,buenos_aires_amba,[]
2026-05-31 19:07:35.630424+00,anotador_291,6829,3,,,buenos_aires_interior,[]
2026-05-31 19:07:38.157572+00,anotador_284,3508,5,,,buenos_aires_amba,[]
2026-05-31 19:07:41.853334+00,anotador_291,5015,4,,,buenos_aires_interior,[]
2026-05-31 19:07:43.63403+00,anotador_284,663,5,,,buenos_aires_amba,[]
2026-05-31 19:07:45.790729+00,anotador_291,3891,3,,,buenos_aires_interior,[]
2026-05-31 19:07:53.432582+00,anotador_284,6140,5,,,buenos_aires_amba,[]
2026-05-31 19:08:00.151732+00,anotador_284,1240,5,,,buenos_aires_amba,[]
2026-05-31 19:08:02.049367+00,anotador_217,2258,5,,,buenos_aires_interior,[]
2026-05-31 19:08:06.657451+00,anotador_291,2615,4,,,buenos_aires_interior,[]
2026-05-31 19:08:09.125285+00,anotador_284,4684,5,,,buenos_aires_amba,[]
2026-05-31 19:08:13.900642+00,anotador_291,3923,4,,,buenos_aires_interior,[]
2026-05-31 19:08:16.203949+00,anotador_284,3727,5,,,buenos_aires_amba,[]
2026-05-31 19:08:17.608852+00,anotador_291,777,5,,,buenos_aires_interior,[]
2026-05-31 19:08:22.896422+00,anotador_291,7394,5,,,buenos_aires_interior,[]
2026-05-31 19:08:27.092819+00,anotador_291,1540,3,,,buenos_aires_interior,[]
2026-05-31 19:10:20.630445+00,anotador_217,2866,5,,,buenos_aires_interior,[]
2026-05-31 19:23:15.979978+00,anotador_307,9999,1,Es raro que no se traduzca Tournament of Killmsworth por torneo de Killmsworth,,buenos_aires_amba,"[{""pos"":1,""source"":""prem"",""palabra"":""chaval""},{""pos"":2,""source"":""prem"",""palabra"":""cogió""},{""pos"":4,""source"":""prem"",""palabra"":""móvil""},{""pos"":8,""source"":""prem"",""palabra"":""piso""},{""pos"":7,""source"":""hyp"",""palabra"":""Tournament""},{""pos"":11,""source"":""prem"",""palabra"":""luego""},{""pos"":12,""source"":""prem"",""palabra"":""llamó""},{""pos"":13,""source"":""prem"",""palabra"":""a""},{""pos"":14,""source"":""prem"",""palabra"":""su""},{""pos"":15,""source"":""prem"",""palabra"":""jefe.""},{""pos"":0,""source"":""hyp"",""palabra"":""En""},{""pos"":1,""source"":""hyp"",""palabra"":""Kettering,""},{""pos"":2,""source"":""hyp"",""palabra"":""los""},{""pos"":3,""source"":""hyp"",""palabra"":""Wollongong""},{""pos"":4,""source"":""hyp"",""palabra"":""Bears""},{""pos"":5,""source"":""hyp"",""palabra"":""ganaron""},{""pos"":6,""source"":""hyp"",""palabra"":""el""},{""pos"":10,""source"":""hyp"",""palabra"":""ante""},{""pos"":11,""source"":""hyp"",""palabra"":""miles""},{""pos"":12,""source"":""hyp"",""palabra"":""de""},{""pos"":13,""source"":""hyp"",""palabra"":""fans.""},{""pos"":8,""source"":""hyp"",""palabra"":""of""}]"
2026-05-31 19:25:47.482356+00,anotador_307,1344,3,No hay marcas de español de argentina pero tampoco suena como propio de otras variedades del español.  ,,buenos_aires_amba,"[{""pos"":0,""source"":""prem"",""palabra"":""Observamos""},{""pos"":1,""source"":""prem"",""palabra"":""sutilmente""},{""pos"":2,""source"":""prem"",""palabra"":""diferentes""},{""pos"":3,""source"":""prem"",""palabra"":""tonos""},{""pos"":4,""source"":""prem"",""palabra"":""marrones""},{""pos"":5,""source"":""prem"",""palabra"":""de""},{""pos"":6,""source"":""prem"",""palabra"":""hierba,""},{""pos"":7,""source"":""prem"",""palabra"":""árboles,""},{""pos"":8,""source"":""prem"",""palabra"":""suciedad,""},{""pos"":9,""source"":""prem"",""palabra"":""polvo,""},{""pos"":10,""source"":""prem"",""palabra"":""halcones""},{""pos"":12,""source"":""prem"",""palabra"":""ratones""},{""pos"":14,""source"":""prem"",""palabra"":""estuvimos""},{""pos"":16,""source"":""prem"",""palabra"":""acuerdo.""},{""pos"":15,""source"":""prem"",""palabra"":""de""},{""pos"":11,""source"":""prem"",""palabra"":""y""},{""pos"":0,""source"":""hyp"",""palabra"":""Había""},{""pos"":1,""source"":""hyp"",""palabra"":""muchos""},{""pos"":2,""source"":""hyp"",""palabra"":""colores""},{""pos"":3,""source"":""hyp"",""palabra"":""distintos.""}]"
2026-05-31 19:26:12.768836+00,anotador_330,9999,2,,,,"[{""pos"":1,""source"":""prem"",""palabra"":""chaval""},{""pos"":2,""source"":""prem"",""palabra"":""cogió""},{""pos"":4,""source"":""prem"",""palabra"":""móvil""},{""pos"":1,""source"":""hyp"",""palabra"":""Kettering,""},{""pos"":7,""source"":""hyp"",""palabra"":""Tournament""},{""pos"":8,""source"":""hyp"",""palabra"":""of""},{""pos"":9,""source"":""hyp"",""palabra"":""Kilimsworth""},{""pos"":8,""source"":""prem"",""palabra"":""piso""}]"
2026-05-31 19:27:01.036225+00,anotador_330,6592,5,,,,[]
2026-05-31 19:27:20.040506+00,anotador_330,5579,4,,,,[]
2026-05-31 19:27:26.341149+00,anotador_307,1407,2,"Según el registro, en Argentina podría usarse nenes o chicos. ",,buenos_aires_amba,"[{""pos"":9,""source"":""prem"",""palabra"":""niños""},{""pos"":1,""source"":""hyp"",""palabra"":""niños""}]"
2026-05-31 19:28:16.669371+00,anotador_307,6571,1,"No resulta claro ""mostrador de policía"". Creo que no usaríamos departamento de Bomberos, directamente ""bomberos"" o quizá ""Brigada de bomberos"". ""Escritorio de la policía"" no se entiende, y tampoco la sigla FDNY. ",,buenos_aires_amba,"[{""pos"":6,""source"":""prem"",""palabra"":""de""},{""pos"":7,""source"":""prem"",""palabra"":""policía""},{""pos"":18,""source"":""prem"",""palabra"":""Departamento""},{""pos"":19,""source"":""prem"",""palabra"":""de""},{""pos"":20,""source"":""prem"",""palabra"":""Bomberos""},{""pos"":5,""source"":""prem"",""palabra"":""mostrador""},{""pos"":4,""source"":""hyp"",""palabra"":""escritorio""},{""pos"":5,""source"":""hyp"",""palabra"":""de""},{""pos"":6,""source"":""hyp"",""palabra"":""la""},{""pos"":7,""source"":""hyp"",""palabra"":""policía""},{""pos"":1,""source"":""hyp"",""palabra"":""FDNY""}]"
2026-05-31 19:32:05.481487+00,anotador_307,4798,2,"En lugar de colonos diríamos colonizadores, pero se entiende. ",,buenos_aires_amba,"[{""pos"":22,""source"":""prem"",""palabra"":""colonos""}]"
2026-05-31 19:33:04.663022+00,anotador_307,7497,2,Suena más usual afirmación que aseveración.  ,,buenos_aires_amba,"[{""pos"":2,""source"":""prem"",""palabra"":""aseveración""}]"
2026-05-31 19:35:19.513218+00,anotador_307,6461,4,Ok. ,,buenos_aires_amba,"[{""pos"":5,""source"":""prem"",""palabra"":""costos""}]"
2026-05-31 19:36:14.52832+00,anotador_307,2976,4,,,buenos_aires_amba,"[{""pos"":1,""source"":""prem"",""palabra"":""visite""}]"
2026-05-31 19:36:20.004744+00,anotador_307,5628,1,,,buenos_aires_amba,"[{""pos"":1,""source"":""prem"",""palabra"":""vaquero""},{""pos"":1,""source"":""hyp"",""palabra"":""vaquero""}]"
2026-05-31 19:37:23.832896+00,anotador_307,5943,2,"Sin contexto, no sé qué significa ""comisión del rey"" Todo el pasaje suena propio de un texto antiguo o situado en el pasado.  ",,buenos_aires_amba,"[{""pos"":12,""source"":""prem"",""palabra"":""comisión""},{""pos"":13,""source"":""prem"",""palabra"":""del""},{""pos"":14,""source"":""prem"",""palabra"":""Rey""}]"
2026-05-31 19:39:47.693443+00,anotador_307,6946,1,"""los espectáculos cambiantes"" no se entiende",,buenos_aires_amba,"[{""pos"":7,""source"":""prem"",""palabra"":""los""},{""pos"":8,""source"":""prem"",""palabra"":""espectáculos""},{""pos"":9,""source"":""prem"",""palabra"":""cambiantes""}]"
2026-05-31 19:40:50.483524+00,anotador_307,3001,1,"Satisfacer las necesidades cambiantes: Lo marco no porque no suene argentino sino porque parece una traducción demasiado literal y no resulta claro el sentido. 
Programas de entrenamiento: igual, diríamos formación, capacitación en español. 
",,buenos_aires_amba,"[{""pos"":33,""source"":""prem"",""palabra"":""cambiantes.""},{""pos"":32,""source"":""prem"",""palabra"":""necesidades""},{""pos"":31,""source"":""prem"",""palabra"":""las""},{""pos"":30,""source"":""prem"",""palabra"":""satisfacer""},{""pos"":12,""source"":""hyp"",""palabra"":""entrenamiento.""},{""pos"":11,""source"":""hyp"",""palabra"":""de""},{""pos"":10,""source"":""hyp"",""palabra"":""programas""}]"
2026-05-31 19:41:19.985574+00,anotador_261,6063,3,,,buenos_aires_amba,[]
2026-05-31 19:42:07.379024+00,anotador_337,9999,1,,,buenos_aires_amba,"[{""pos"":1,""source"":""prem"",""palabra"":""chaval""},{""pos"":3,""source"":""hyp"",""palabra"":""Wollongong""},{""pos"":4,""source"":""hyp"",""palabra"":""Bears""},{""pos"":7,""source"":""hyp"",""palabra"":""Tournament""},{""pos"":8,""source"":""hyp"",""palabra"":""of""},{""pos"":9,""source"":""hyp"",""palabra"":""Kilimsworth""},{""pos"":1,""source"":""hyp"",""palabra"":""Kettering,""},{""pos"":4,""source"":""prem"",""palabra"":""móvil""},{""pos"":2,""source"":""prem"",""palabra"":""cogió""},{""pos"":11,""source"":""prem"",""palabra"":""luego""}]"
2026-05-31 19:42:53.30112+00,anotador_307,5599,1,,,buenos_aires_amba,"[{""pos"":6,""source"":""prem"",""palabra"":""plantaciones""},{""pos"":4,""source"":""hyp"",""palabra"":""plantación""}]"
2026-05-31 19:42:55.253425+00,anotador_337,7115,2,,,buenos_aires_amba,[]
2026-05-31 19:42:56.019905+00,anotador_280,9999,2,"No entiendo si sonar argentino tambien inlcuye lo que tema verosimil para que hable un argentino.

Digo, chaval creo que no dice nadie. Ahora, tampoco nadie habla de wollogang bears… pero quizás si podría hablar de la champions league… y ambos son en inglés.",,buenos_aires_amba,"[{""pos"":1,""source"":""prem"",""palabra"":""chaval""},{""pos"":7,""source"":""hyp"",""palabra"":""Tournament""},{""pos"":9,""source"":""hyp"",""palabra"":""Kilimsworth""},{""pos"":1,""source"":""hyp"",""palabra"":""Kettering,""},{""pos"":3,""source"":""hyp"",""palabra"":""Wollongong""},{""pos"":4,""source"":""hyp"",""palabra"":""Bears""}]"
2026-05-31 19:43:09.759891+00,anotador_337,1481,2,,,buenos_aires_amba,[]
2026-05-31 19:43:21.747899+00,anotador_337,5853,2,,,buenos_aires_amba,"[{""pos"":4,""source"":""prem"",""palabra"":""luego""}]"
2026-05-31 19:43:28.42185+00,anotador_307,7230,3,Usaron en este contexto suena fuera de registro. ,,buenos_aires_amba,"[{""pos"":5,""source"":""prem"",""palabra"":""usaron""},{""pos"":3,""source"":""hyp"",""palabra"":""usaron""}]"
2026-05-31 19:43:42.270548+00,anotador_337,4136,5,,,buenos_aires_amba,[]
2026-05-31 19:44:00.332095+00,anotador_337,1590,2,,,buenos_aires_amba,[]
2026-05-31 19:44:12.759328+00,anotador_337,3107,2,,,buenos_aires_amba,[]
2026-05-31 19:44:17.118347+00,anotador_307,1387,5,,,buenos_aires_amba,"[{""pos"":3,""source"":""prem"",""palabra"":""gigantescas""}]"
2026-05-31 19:44:36.231569+00,anotador_307,326,4,,,buenos_aires_amba,"[{""pos"":12,""source"":""prem"",""palabra"":""estábamos""},{""pos"":13,""source"":""prem"",""palabra"":""trabajando""}]"
2026-05-31 19:44:41.746397+00,anotador_337,2353,2,,,buenos_aires_amba,[]
2026-05-31 19:44:50.977357+00,anotador_337,4276,1,,,buenos_aires_amba,"[{""pos"":29,""source"":""prem"",""palabra"":""interesante--el""}]"
2026-05-31 19:44:51.683872+00,anotador_307,5098,5,,,buenos_aires_amba,"[{""pos"":0,""source"":""prem"",""palabra"":""Este,""},{""pos"":1,""source"":""prem"",""palabra"":""bueno""},{""pos"":12,""source"":""prem"",""palabra"":""desplegamos""},{""pos"":2,""source"":""hyp"",""palabra"":""una""},{""pos"":3,""source"":""hyp"",""palabra"":""eternidad.""}]"
2026-05-31 19:45:06.217425+00,anotador_337,5389,2,,,buenos_aires_amba,[]
2026-05-31 19:45:15.660569+00,anotador_337,644,4,,,buenos_aires_amba,[]
2026-05-31 19:45:36.928063+00,anotador_337,1571,2,,,buenos_aires_amba,[]
2026-05-31 19:45:41.454455+00,anotador_337,2496,1,,,buenos_aires_amba,[]
2026-05-31 19:45:54.940511+00,anotador_307,2245,3,,,buenos_aires_amba,"[{""pos"":0,""source"":""prem"",""palabra"":""Aun""},{""pos"":1,""source"":""prem"",""palabra"":""en""},{""pos"":14,""source"":""prem"",""palabra"":""emitiendo""}]"
2026-05-31 19:45:56.473643+00,anotador_337,3294,2,,,buenos_aires_amba,[]
2026-05-31 19:46:03.641961+00,anotador_337,6201,2,,,buenos_aires_amba,[]
2026-05-31 19:46:08.732885+00,anotador_280,5956,5,Quizás es argentino de otros años…,,buenos_aires_amba,[]
2026-05-31 19:46:15.228001+00,anotador_337,316,2,,,buenos_aires_amba,[]
2026-05-31 19:46:23.337752+00,anotador_337,6173,2,,,buenos_aires_amba,[]
2026-05-31 19:46:25.861315+00,anotador_280,4562,5,,,buenos_aires_amba,[]
2026-05-31 19:46:31.079797+00,anotador_337,5940,3,,,buenos_aires_amba,[]
2026-05-31 19:46:34.255613+00,anotador_337,3843,3,,,buenos_aires_amba,[]
2026-05-31 19:46:36.099344+00,anotador_280,2733,5,,,buenos_aires_amba,[]
2026-05-31 19:46:52.744657+00,anotador_307,7460,4,,,buenos_aires_amba,"[{""pos"":0,""source"":""prem"",""palabra"":""En""},{""pos"":1,""source"":""prem"",""palabra"":""realidad,""}]"
2026-05-31 19:46:55.499184+00,anotador_280,5517,5,,,buenos_aires_amba,[]
2026-05-31 19:47:21.166251+00,anotador_337,2110,4,,,buenos_aires_amba,[]
2026-05-31 19:47:23.278028+00,anotador_280,1579,5,,,buenos_aires_amba,[]
2026-05-31 19:47:29.932369+00,anotador_307,6269,3,"Suena un poco anticuado ""hogar"" en este contexto. ",,buenos_aires_amba,"[{""pos"":14,""source"":""prem"",""palabra"":""hogar""}]"
2026-05-31 19:47:35.026996+00,anotador_280,1825,5,,,buenos_aires_amba,[]
2026-05-31 19:47:42.619255+00,anotador_280,3397,5,,,buenos_aires_amba,[]
2026-05-31 19:48:02.925368+00,anotador_280,6181,5,,,buenos_aires_amba,[]
2026-05-31 19:48:23.616611+00,anotador_280,1068,5,,,buenos_aires_amba,[]
2026-05-31 19:48:29.972251+00,anotador_280,1879,5,,,buenos_aires_amba,[]
2026-05-31 19:48:50.999113+00,anotador_280,7211,5,,,buenos_aires_amba,[]
2026-05-31 19:49:01.783731+00,anotador_280,6015,4,,,buenos_aires_amba,[]
2026-05-31 19:49:25.372575+00,anotador_280,5009,5,,,buenos_aires_amba,[]
2026-05-31 19:49:40.162231+00,anotador_280,2588,4,,,buenos_aires_amba,"[{""pos"":29,""source"":""prem"",""palabra"":""Small""},{""pos"":31,""source"":""prem"",""palabra"":""Administration""},{""pos"":30,""source"":""prem"",""palabra"":""Business""},{""pos"":32,""source"":""prem"",""palabra"":""(SBA).""},{""pos"":4,""source"":""hyp"",""palabra"":""SBA""}]"
2026-05-31 19:49:54.287665+00,anotador_280,6827,5,,,buenos_aires_amba,[]
2026-05-31 19:50:02.89315+00,anotador_280,5040,5,,,buenos_aires_amba,[]
2026-05-31 19:50:10.378011+00,anotador_280,2170,5,,,buenos_aires_amba,[]
2026-05-31 19:50:28.988912+00,anotador_280,2597,5,,,buenos_aires_amba,[]
2026-05-31 19:50:37.060068+00,anotador_280,664,5,,,buenos_aires_amba,[]
2026-05-31 19:51:31.28459+00,anotador_149,9999,2,,,buenos_aires_amba,[]
2026-05-31 19:51:41.177303+00,anotador_149,515,5,,,buenos_aires_amba,[]
2026-05-31 19:51:46.328215+00,anotador_149,5568,3,,,buenos_aires_amba,"[{""pos"":4,""source"":""prem"",""palabra"":""mantequilla.""},{""pos"":9,""source"":""hyp"",""palabra"":""Wonder.""},{""pos"":8,""source"":""hyp"",""palabra"":""mantequilla""}]"
2026-05-31 19:51:56.633916+00,anotador_149,4216,5,,,buenos_aires_amba,[]
2026-05-31 19:52:08.505305+00,anotador_149,5492,4,Entrás con tilde,,buenos_aires_amba,"[{""pos"":8,""source"":""prem"",""palabra"":""entras,""}]"
2026-05-31 19:52:45.04696+00,anotador_149,7201,5,,,buenos_aires_amba,[]
2026-05-31 19:52:55.958504+00,anotador_149,2550,5,,,buenos_aires_amba,[]
2026-05-31 19:52:57.902608+00,anotador_149,4494,5,,,buenos_aires_amba,[]
2026-05-31 19:53:35.412171+00,anotador_104,9999,1,"Particularmente el ""chaval"", tampoco se entiende bien el uso de ""piso"". ",,buenos_aires_amba,"[{""pos"":1,""source"":""hyp"",""palabra"":""Kettering,""},{""pos"":3,""source"":""hyp"",""palabra"":""Wollongong""},{""pos"":4,""source"":""hyp"",""palabra"":""Bears""},{""pos"":1,""source"":""prem"",""palabra"":""chaval""},{""pos"":2,""source"":""prem"",""palabra"":""cogió""},{""pos"":8,""source"":""prem"",""palabra"":""piso""},{""pos"":7,""source"":""hyp"",""palabra"":""Tournament""},{""pos"":9,""source"":""hyp"",""palabra"":""Kilimsworth""}]"
2026-05-31 19:53:38.791751+00,anotador_149,2042,5,,,buenos_aires_amba,[]
2026-05-31 19:53:42.116697+00,anotador_149,1973,4,,,buenos_aires_amba,"[{""pos"":1,""source"":""prem"",""palabra"":""bote""}]"
2026-05-31 19:54:15.061001+00,anotador_186,9999,1,,,buenos_aires_amba,"[{""pos"":1,""source"":""prem"",""palabra"":""chaval""},{""pos"":2,""source"":""prem"",""palabra"":""cogió""},{""pos"":4,""source"":""prem"",""palabra"":""móvil""},{""pos"":8,""source"":""prem"",""palabra"":""piso""},{""pos"":1,""source"":""hyp"",""palabra"":""Kettering,""},{""pos"":3,""source"":""hyp"",""palabra"":""Wollongong""},{""pos"":4,""source"":""hyp"",""palabra"":""Bears""},{""pos"":7,""source"":""hyp"",""palabra"":""Tournament""},{""pos"":9,""source"":""hyp"",""palabra"":""Kilimsworth""}]"
2026-05-31 19:54:41.377122+00,anotador_104,4613,2,"""Cesando"" no es una palabra que se suela escuchar y ""hubbub"" es rara. La segunda parte parece bastante más argentina.",,buenos_aires_amba,"[{""pos"":10,""source"":""prem"",""palabra"":""hubbub""},{""pos"":12,""source"":""prem"",""palabra"":""cesando.""}]"
2026-05-31 19:54:47.252413+00,anotador_149,3386,4,,,buenos_aires_amba,"[{""pos"":19,""source"":""prem"",""palabra"":""FDNY""},{""pos"":22,""source"":""prem"",""palabra"":""(Jan).""}]"
2026-05-31 19:55:02.61914+00,anotador_186,5204,4,,,buenos_aires_amba,[]
2026-05-31 19:55:04.684796+00,anotador_149,4169,5,,,buenos_aires_amba,[]
2026-05-31 19:55:11.508461+00,anotador_149,5519,5,,,buenos_aires_amba,[]
2026-05-31 19:55:22.34969+00,anotador_149,6986,5,,,buenos_aires_amba,[]
2026-05-31 19:55:24.861016+00,anotador_186,5398,5,,,buenos_aires_amba,[]
2026-05-31 19:55:32.445179+00,anotador_149,6218,5,,,buenos_aires_amba,[]
2026-05-31 19:55:38.169011+00,anotador_149,5168,5,,,buenos_aires_amba,[]
2026-05-31 19:55:50.668945+00,anotador_149,6526,5,,,buenos_aires_amba,[]
2026-05-31 19:56:03.02557+00,anotador_186,2638,4,,,buenos_aires_amba,[]
2026-05-31 19:56:03.192795+00,anotador_149,1989,5,,,buenos_aires_amba,[]
2026-05-31 19:56:10.049169+00,anotador_149,4278,4,,,buenos_aires_amba,"[{""pos"":15,""source"":""prem"",""palabra"":""XXXX""},{""pos"":16,""source"":""prem"",""palabra"":""Airlines""}]"
2026-05-31 19:56:12.46806+00,anotador_186,5155,3,,,buenos_aires_amba,"[{""pos"":5,""source"":""prem"",""palabra"":""hablaré""},{""pos"":1,""source"":""hyp"",""palabra"":""contaré""}]"
2026-05-31 19:56:28.184071+00,anotador_149,1659,5,,,buenos_aires_amba,[]
2026-05-31 19:56:40.562952+00,anotador_217,2083,4,,,buenos_aires_interior,"[{""pos"":26,""source"":""prem"",""palabra"":""podría""}]"
2026-05-31 19:56:44.670587+00,anotador_186,1058,4,,,buenos_aires_amba,[]
2026-05-31 19:56:57.140093+00,anotador_104,5283,5,"Siento que ""miraría"" es muy de argentino. ",,buenos_aires_amba,[]
2026-05-31 19:57:20.590817+00,anotador_149,4467,5,,,buenos_aires_amba,[]
2026-05-31 19:57:30.037183+00,anotador_186,2793,3,,,buenos_aires_amba,[]
2026-05-31 19:57:33.934086+00,anotador_149,2029,5,,,buenos_aires_amba,[]
2026-05-31 19:57:39.52246+00,anotador_149,5646,5,,,buenos_aires_amba,[]
2026-05-31 19:57:41.586148+00,anotador_217,5952,3,,,buenos_aires_interior,"[{""pos"":3,""source"":""prem"",""palabra"":""ha""},{""pos"":5,""source"":""prem"",""palabra"":""ha""},{""pos"":6,""source"":""prem"",""palabra"":""sido""},{""pos"":0,""source"":""hyp"",""palabra"":""Disminuyó""}]"
2026-05-31 19:57:42.593495+00,anotador_186,5469,5,,,buenos_aires_amba,[]
2026-05-31 19:57:45.692575+00,anotador_149,7313,4,,,buenos_aires_amba,"[{""pos"":2,""source"":""prem"",""palabra"":""glosa""}]"
2026-05-31 19:57:48.475425+00,anotador_104,3363,3,"""Que se le trasladara"" sería más argentino como ""que lo trasladen"". ",,buenos_aires_amba,"[{""pos"":4,""source"":""prem"",""palabra"":""Clarke""},{""pos"":9,""source"":""prem"",""palabra"":""trasladara""}]"
2026-05-31 19:57:52.750799+00,anotador_149,964,5,,,buenos_aires_amba,[]
2026-05-31 19:57:55.518894+00,anotador_186,2324,4,,,buenos_aires_amba,[]
2026-05-31 19:58:05.074549+00,anotador_186,6768,3,,,buenos_aires_amba,[]
2026-05-31 19:58:05.116564+00,anotador_149,89,5,,,buenos_aires_amba,[]
2026-05-31 19:58:14.738035+00,anotador_186,6853,3,,,buenos_aires_amba,[]
2026-05-31 19:58:16.5315+00,anotador_149,3619,4,museo en minúscula,,buenos_aires_amba,"[{""pos"":8,""source"":""hyp"",""palabra"":""Museo""}]"
2026-05-31 19:58:26.197272+00,anotador_217,2434,5,,,buenos_aires_interior,[]
2026-05-31 19:58:34.727203+00,anotador_186,2985,3,,,buenos_aires_amba,[]
2026-05-31 19:58:37.279977+00,anotador_186,4736,2,,,buenos_aires_amba,"[{""pos"":0,""source"":""prem"",""palabra"":""baratijas""}]"
2026-05-31 19:58:38.199112+00,anotador_149,5844,5,,,buenos_aires_amba,[]
2026-05-31 19:58:48.75003+00,anotador_149,1936,5,,,buenos_aires_amba,[]
2026-05-31 19:58:50.206885+00,anotador_217,3297,4,,,buenos_aires_interior,"[{""pos"":2,""source"":""prem"",""palabra"":""seguía""},{""pos"":3,""source"":""prem"",""palabra"":""supervisando""}]"
2026-05-31 19:58:56.717081+00,anotador_186,4163,3,,,buenos_aires_amba,[]
2026-05-31 19:58:58.521399+00,anotador_149,6282,5,,,buenos_aires_amba,[]
2026-05-31 19:59:09.213214+00,anotador_186,6797,2,,,buenos_aires_amba,[]
2026-05-31 19:59:12.810989+00,anotador_149,6514,4,,,buenos_aires_amba,"[{""pos"":6,""source"":""hyp"",""palabra"":""Clarke""},{""pos"":18,""source"":""prem"",""palabra"":""Clarke""}]"
2026-05-31 19:59:21.063195+00,anotador_149,2349,5,,,buenos_aires_amba,[]
2026-05-31 19:59:21.663555+00,anotador_186,4150,3,,,buenos_aires_amba,[]
2026-05-31 19:59:24.745935+00,anotador_217,6649,4,,,buenos_aires_interior,"[{""pos"":6,""source"":""prem"",""palabra"":""dirigidos""},{""pos"":7,""source"":""prem"",""palabra"":""por""},{""pos"":8,""source"":""prem"",""palabra"":""Bin""},{""pos"":9,""source"":""prem"",""palabra"":""Laden.""}]"
2026-05-31 19:59:32.570771+00,anotador_186,4389,3,,,buenos_aires_amba,[]
2026-05-31 19:59:34.476066+00,anotador_149,4636,5,,,buenos_aires_amba,[]
2026-05-31 19:59:40.999704+00,anotador_186,1581,2,,,buenos_aires_amba,[]
2026-05-31 19:59:42.387408+00,anotador_104,5582,5,,,buenos_aires_amba,[]
2026-05-31 19:59:43.951004+00,anotador_149,3189,5,,,buenos_aires_amba,[]
2026-05-31 19:59:48.717844+00,anotador_149,6203,5,,,buenos_aires_amba,[]
2026-05-31 19:59:54.889496+00,anotador_217,2507,5,,,buenos_aires_interior,[]
2026-05-31 20:00:00.193228+00,anotador_186,1480,4,,,buenos_aires_amba,[]
2026-05-31 20:00:03.359324+00,anotador_217,4015,4,,,buenos_aires_interior,"[{""pos"":0,""source"":""hyp"",""palabra"":""Una""},{""pos"":1,""source"":""hyp"",""palabra"":""niña""}]"
2026-05-31 20:00:05.181472+00,anotador_149,2305,5,,,buenos_aires_amba,[]
2026-05-31 20:00:12.235973+00,anotador_104,2811,4,,,buenos_aires_amba,"[{""pos"":21,""source"":""prem"",""palabra"":""corriente""},{""pos"":22,""source"":""prem"",""palabra"":""migratoria""}]"
2026-05-31 20:00:13.126638+00,anotador_186,1289,3,,,buenos_aires_amba,[]
2026-05-31 20:00:22.337253+00,anotador_149,1740,5,,,buenos_aires_amba,[]
2026-05-31 20:00:30.672316+00,anotador_217,1894,3,,,buenos_aires_interior,"[{""pos"":6,""source"":""prem"",""palabra"":""fibras""},{""pos"":11,""source"":""prem"",""palabra"":""un""},{""pos"":15,""source"":""prem"",""palabra"":""de""},{""pos"":16,""source"":""prem"",""palabra"":""lo""},{""pos"":17,""source"":""prem"",""palabra"":""que""},{""pos"":18,""source"":""prem"",""palabra"":""siempre""},{""pos"":19,""source"":""prem"",""palabra"":""había""},{""pos"":20,""source"":""prem"",""palabra"":""pensado,""},{""pos"":28,""source"":""prem"",""palabra"":""pistolas.""}]"
2026-05-31 20:00:32.352967+00,anotador_104,2457,2,"""Abiertamente"" usado así no parece nada argentino. Además, en general usamos ""afuera"" en vez de ""fuera"".",,buenos_aires_amba,"[{""pos"":9,""source"":""prem"",""palabra"":""abiertamente,""},{""pos"":4,""source"":""hyp"",""palabra"":""fuera.""}]"
2026-05-31 20:00:39.592124+00,anotador_149,7357,5,,,buenos_aires_amba,[]
2026-05-31 20:00:43.139811+00,anotador_238,9999,1,La segunda frase esta estructurada de manera rara.,,,"[{""pos"":1,""source"":""prem"",""palabra"":""chaval""},{""pos"":2,""source"":""prem"",""palabra"":""cogió""},{""pos"":4,""source"":""prem"",""palabra"":""móvil""}]"
2026-05-31 20:00:50.495454+00,anotador_149,2160,5,,,buenos_aires_amba,[]
2026-05-31 20:00:55.814129+00,anotador_149,4985,3,,,buenos_aires_amba,"[{""pos"":7,""source"":""prem"",""palabra"":""estranguria""},{""pos"":0,""source"":""hyp"",""palabra"":""Estranguria""}]"
2026-05-31 20:01:08.281678+00,anotador_234,9999,1,,,buenos_aires_amba,"[{""pos"":1,""source"":""prem"",""palabra"":""chaval""},{""pos"":7,""source"":""hyp"",""palabra"":""Tournament""},{""pos"":4,""source"":""prem"",""palabra"":""móvil""},{""pos"":8,""source"":""prem"",""palabra"":""piso""}]"
2026-05-31 20:01:09.616475+00,anotador_217,4268,4,,,buenos_aires_interior,"[{""pos"":1,""source"":""prem"",""palabra"":""alcalde""},{""pos"":0,""source"":""prem"",""palabra"":""El""}]"
2026-05-31 20:01:22.272751+00,anotador_104,1529,4,"Si fuera ""mamá"" en vez de ""madre"" sería completamente argentino (más allá del nombre). ",,buenos_aires_amba,"[{""pos"":3,""source"":""prem"",""palabra"":""Bouchard""},{""pos"":0,""source"":""hyp"",""palabra"":""Bouchard""},{""pos"":11,""source"":""hyp"",""palabra"":""madre.""}]"
2026-05-31 20:01:33.968857+00,anotador_217,4170,4,,,buenos_aires_interior,"[{""pos"":0,""source"":""prem"",""palabra"":""Por""},{""pos"":1,""source"":""prem"",""palabra"":""supuesto,""},{""pos"":12,""source"":""prem"",""palabra"":""la""},{""pos"":11,""source"":""prem"",""palabra"":""se""},{""pos"":21,""source"":""prem"",""palabra"":""la""},{""pos"":20,""source"":""prem"",""palabra"":""se""}]"
2026-05-31 20:01:43.205723+00,anotador_336,9999,1,,,,"[{""pos"":1,""source"":""prem"",""palabra"":""chaval""},{""pos"":1,""source"":""hyp"",""palabra"":""Kettering,""},{""pos"":3,""source"":""hyp"",""palabra"":""Wollongong""},{""pos"":4,""source"":""hyp"",""palabra"":""Bears""},{""pos"":7,""source"":""hyp"",""palabra"":""Tournament""},{""pos"":9,""source"":""hyp"",""palabra"":""Kilimsworth""},{""pos"":2,""source"":""prem"",""palabra"":""cogió""},{""pos"":8,""source"":""prem"",""palabra"":""piso""}]"
2026-05-31 20:01:46.579859+00,anotador_234,4420,3,,,buenos_aires_amba,[]
2026-05-31 20:01:47.973572+00,anotador_149,2799,5,,,buenos_aires_amba,[]
2026-05-31 20:01:52.035674+00,anotador_149,6102,5,,,buenos_aires_amba,[]
2026-05-31 20:01:53.780354+00,anotador_234,3123,2,,,buenos_aires_amba,"[{""pos"":2,""source"":""prem"",""palabra"":""ojiva""},{""pos"":10,""source"":""hyp"",""palabra"":""pronto.""}]"
2026-05-31 20:01:54.636615+00,anotador_149,5682,4,,,buenos_aires_amba,"[{""pos"":3,""source"":""prem"",""palabra"":""Joaquan""},{""pos"":31,""source"":""prem"",""palabra"":""Ramen.""},{""pos"":3,""source"":""hyp"",""palabra"":""Joaquan""}]"
2026-05-31 20:01:57.36082+00,anotador_217,6071,4,,,buenos_aires_interior,"[{""pos"":1,""source"":""prem"",""palabra"":""cientos""},{""pos"":4,""source"":""prem"",""palabra"":""heroicas""},{""pos"":9,""source"":""prem"",""palabra"":""retrasaron""}]"
2026-05-31 20:02:13.796452+00,anotador_149,622,4,,,buenos_aires_amba,"[{""pos"":5,""source"":""hyp"",""palabra"":""campus.""}]"
2026-05-31 20:02:20.649571+00,anotador_149,1901,5,,,buenos_aires_amba,[]
2026-05-31 20:02:21.027849+00,anotador_336,5539,5,,,,"[{""pos"":0,""source"":""prem"",""palabra"":""En""},{""pos"":3,""source"":""prem"",""palabra"":""capítulo,""}]"
2026-05-31 20:02:24.494981+00,anotador_149,3286,5,,,buenos_aires_amba,[]
2026-05-31 20:02:26.312938+00,anotador_234,6948,3,,,buenos_aires_amba,"[{""pos"":27,""source"":""prem"",""palabra"":""estado.""}]"
2026-05-31 20:02:35.977611+00,anotador_149,5721,5,,,buenos_aires_amba,[]
2026-05-31 20:02:36.392183+00,anotador_104,1863,4,,,buenos_aires_amba,[]
2026-05-31 20:02:41.569238+00,anotador_336,1372,3,,,,[]
2026-05-31 20:02:41.727463+00,anotador_149,3967,4,,,buenos_aires_amba,"[{""pos"":4,""source"":""prem"",""palabra"":""Indiana""},{""pos"":14,""source"":""prem"",""palabra"":""Indiana,""},{""pos"":3,""source"":""hyp"",""palabra"":""Indiana""}]"
2026-05-31 20:02:43.15427+00,anotador_323,9999,1,,,buenos_aires_amba,"[{""pos"":1,""source"":""prem"",""palabra"":""chaval""},{""pos"":2,""source"":""prem"",""palabra"":""cogió""},{""pos"":4,""source"":""prem"",""palabra"":""móvil""},{""pos"":8,""source"":""prem"",""palabra"":""piso""},{""pos"":11,""source"":""prem"",""palabra"":""luego""},{""pos"":1,""source"":""hyp"",""palabra"":""Kettering,""},{""pos"":7,""source"":""hyp"",""palabra"":""Tournament""},{""pos"":9,""source"":""hyp"",""palabra"":""Kilimsworth""},{""pos"":8,""source"":""hyp"",""palabra"":""of""},{""pos"":3,""source"":""hyp"",""palabra"":""Wollongong""},{""pos"":4,""source"":""hyp"",""palabra"":""Bears""}]"
2026-05-31 20:02:51.482752+00,anotador_336,4579,3,,,,[]
2026-05-31 20:02:54.762561+00,anotador_234,2255,3,,,buenos_aires_amba,[]
2026-05-31 20:02:56.010303+00,anotador_336,7123,2,,,,"[{""pos"":9,""source"":""prem"",""palabra"":""recoge""}]"
2026-05-31 20:02:56.693325+00,anotador_149,6739,4,,,buenos_aires_amba,"[{""pos"":9,""source"":""prem"",""palabra"":""CIA""},{""pos"":15,""source"":""prem"",""palabra"":""Centro""},{""pos"":22,""source"":""prem"",""palabra"":""(FTATC),""},{""pos"":8,""source"":""hyp"",""palabra"":""CIA""}]"
2026-05-31 20:03:05.393431+00,anotador_336,1784,3,,,,[]
2026-05-31 20:03:09.95441+00,anotador_234,3570,4,,,buenos_aires_amba,[]
2026-05-31 20:03:10.237329+00,anotador_336,3846,3,,,,[]
2026-05-31 20:03:16.631805+00,anotador_149,6706,4,,,buenos_aires_amba,"[{""pos"":3,""source"":""prem"",""palabra"":""NYPD,""},{""pos"":1,""source"":""hyp"",""palabra"":""NYPD""}]"
2026-05-31 20:03:23.030932+00,anotador_234,2046,3,,,buenos_aires_amba,[]
2026-05-31 20:03:27.3335+00,anotador_149,5448,5,,,buenos_aires_amba,[]
2026-05-31 20:03:30.267133+00,anotador_149,7318,4,,,buenos_aires_amba,"[{""pos"":5,""source"":""prem"",""palabra"":""Rebeca""},{""pos"":6,""source"":""prem"",""palabra"":""Christian""},{""pos"":8,""source"":""prem"",""palabra"":""Blessed""},{""pos"":9,""source"":""prem"",""palabra"":""Be""},{""pos"":11,""source"":""prem"",""palabra"":""Words""},{""pos"":12,""source"":""prem"",""palabra"":""That""},{""pos"":13,""source"":""prem"",""palabra"":""Bind'""},{""pos"":10,""source"":""prem"",""palabra"":""the""},{""pos"":20,""source"":""prem"",""palabra"":""Vikki""},{""pos"":21,""source"":""prem"",""palabra"":""Carr,""},{""pos"":25,""source"":""prem"",""palabra"":""There""},{""pos"":26,""source"":""prem"",""palabra"":""Is?\""""},{""pos"":23,""source"":""prem"",""palabra"":""That""},{""pos"":22,""source"":""prem"",""palabra"":""\""¿Is""},{""pos"":24,""source"":""prem"",""palabra"":""All""}]"
2026-05-31 20:03:32.430317+00,anotador_323,7404,5,,,buenos_aires_amba,[]
2026-05-31 20:03:39.735262+00,anotador_234,7442,3,,,buenos_aires_amba,[]
2026-05-31 20:03:46.074165+00,anotador_149,6250,5,,,buenos_aires_amba,[]
2026-05-31 20:03:50.105371+00,anotador_234,6446,3,,,buenos_aires_amba,[]
2026-05-31 20:03:51.85099+00,anotador_104,698,4,"""Apuesto que"" en vez de ""Apuesto a que"" sería más argentino ",,buenos_aires_amba,[]
2026-05-31 20:03:57.181982+00,anotador_149,3063,5,,,buenos_aires_amba,[]
2026-05-31 20:04:00.262096+00,anotador_202,9999,3,,,buenos_aires_amba,"[{""pos"":1,""source"":""prem"",""palabra"":""chaval""},{""pos"":4,""source"":""prem"",""palabra"":""móvil""},{""pos"":8,""source"":""prem"",""palabra"":""piso""},{""pos"":7,""source"":""hyp"",""palabra"":""Tournament""}]"
2026-05-31 20:04:02.162269+00,anotador_234,4826,3,,,buenos_aires_amba,[]
2026-05-31 20:04:03.902067+00,anotador_149,3520,4,,,buenos_aires_amba,"[{""pos"":17,""source"":""prem"",""palabra"":""Indianápolis.""}]"
2026-05-31 20:04:09.434663+00,anotador_149,4269,4,,,buenos_aires_amba,"[{""pos"":5,""source"":""prem"",""palabra"":""Dalloway""},{""pos"":7,""source"":""hyp"",""palabra"":""Dalloway""},{""pos"":6,""source"":""hyp"",""palabra"":""Sra.""}]"
2026-05-31 20:04:10.274787+00,anotador_104,4765,1,"Nunca escuché a alguien decir ""mendicidad"" en Argentina. Además ""ropas bonitas"" suena muy raro a como hablamos.",,buenos_aires_amba,"[{""pos"":9,""source"":""prem"",""palabra"":""mendicidad""},{""pos"":5,""source"":""hyp"",""palabra"":""ropas""},{""pos"":6,""source"":""hyp"",""palabra"":""bonitas.""}]"
2026-05-31 20:04:17.701926+00,anotador_234,4092,4,,,buenos_aires_amba,[]
2026-05-31 20:04:17.866667+00,anotador_234,4094,4,,,buenos_aires_amba,[]
2026-05-31 20:04:17.970627+00,anotador_323,2375,5,,,buenos_aires_amba,[]
2026-05-31 20:04:21.781543+00,anotador_149,4189,4,,,buenos_aires_amba,"[{""pos"":9,""source"":""prem"",""palabra"":""Ragtime""},{""pos"":5,""source"":""hyp"",""palabra"":""Ragtime""}]"
2026-05-31 20:04:25.991554+00,anotador_202,5497,4,,,buenos_aires_amba,"[{""pos"":5,""source"":""prem"",""palabra"":""telenovela,""},{""pos"":10,""source"":""prem"",""palabra"":""telenovela""},{""pos"":3,""source"":""hyp"",""palabra"":""telenovela.""}]"
2026-05-31 20:04:29.274345+00,anotador_323,4843,4,,,buenos_aires_amba,"[{""pos"":1,""source"":""prem"",""palabra"":""anuncio""},{""pos"":4,""source"":""hyp"",""palabra"":""periódico""}]"
2026-05-31 20:04:31.592527+00,anotador_234,2670,3,,,buenos_aires_amba,[]
2026-05-31 20:04:38.0464+00,anotador_149,6355,4,,,buenos_aires_amba,[]
2026-05-31 20:04:43.870217+00,anotador_202,3959,4,,,buenos_aires_amba,"[{""pos"":6,""source"":""prem"",""palabra"":""estadounidenses""},{""pos"":4,""source"":""hyp"",""palabra"":""estadounidenses""}]"
2026-05-31 20:04:45.741045+00,anotador_234,7084,3,,,buenos_aires_amba,[]
2026-05-31 20:04:46.553119+00,anotador_149,3288,5,,,buenos_aires_amba,[]
2026-05-31 20:04:55.978275+00,anotador_234,513,3,,,buenos_aires_amba,[]
2026-05-31 20:04:57.200212+00,anotador_202,4117,4,,,buenos_aires_amba,"[{""pos"":10,""source"":""prem"",""palabra"":""cuyo""}]"
2026-05-31 20:05:01.144565+00,anotador_104,4255,5,,,buenos_aires_amba,[]
2026-05-31 20:05:01.315159+00,anotador_234,7024,2,,,buenos_aires_amba,"[{""pos"":9,""source"":""prem"",""palabra"":""unidad""},{""pos"":7,""source"":""hyp"",""palabra"":""se""},{""pos"":8,""source"":""hyp"",""palabra"":""conectarse""}]"
2026-05-31 20:05:01.929997+00,anotador_323,3044,5,,,buenos_aires_amba,[]
2026-05-31 20:05:06.744744+00,anotador_149,6378,5,,,buenos_aires_amba,[]
2026-05-31 20:05:11.946208+00,anotador_323,7228,4,,,buenos_aires_amba,"[{""pos"":4,""source"":""hyp"",""palabra"":""en""},{""pos"":10,""source"":""hyp"",""palabra"":""los""}]"
2026-05-31 20:05:14.739091+00,anotador_202,3488,4,,,buenos_aires_amba,[]
2026-05-31 20:05:20.464367+00,anotador_261,5953,5,,,buenos_aires_amba,[]
2026-05-31 20:05:20.74801+00,anotador_104,6012,3,"""Encontrará"" no es utilizada casi nunca. ",,buenos_aires_amba,"[{""pos"":5,""source"":""prem"",""palabra"":""encontrará""}]"
2026-05-31 20:05:29.716018+00,anotador_234,3036,3,,,buenos_aires_amba,[]
2026-05-31 20:05:30.603749+00,anotador_202,6532,4,,,buenos_aires_amba,[]
2026-05-31 20:05:33.767053+00,anotador_149,7433,4,,,buenos_aires_amba,"[{""pos"":10,""source"":""prem"",""palabra"":""O""},{""pos"":12,""source"":""prem"",""palabra"":""en""},{""pos"":16,""source"":""prem"",""palabra"":""Milk.""},{""pos"":15,""source"":""prem"",""palabra"":""Boy""},{""pos"":13,""source"":""prem"",""palabra"":""Bourgeoisie""},{""pos"":11,""source"":""prem"",""palabra"":""D""},{""pos"":14,""source"":""prem"",""palabra"":""Milk""}]"
2026-05-31 20:05:37.149231+00,anotador_234,5173,3,,,buenos_aires_amba,[]
2026-05-31 20:05:39.127087+00,anotador_202,199,,,,,"[{""pos"":11,""source"":""prem"",""palabra"":""supuesto""}]"
2026-05-31 20:05:39.347147+00,anotador_202,199,3,,,buenos_aires_amba,"[{""pos"":11,""source"":""prem"",""palabra"":""supuesto""},{""pos"":10,""source"":""prem"",""palabra"":""por""}]"
2026-05-31 20:05:48.825999+00,anotador_202,4314,,,,,"[{""pos"":8,""source"":""hyp"",""palabra"":""de""}]"
2026-05-31 20:05:49.040779+00,anotador_202,4314,4,,,buenos_aires_amba,"[{""pos"":8,""source"":""hyp"",""palabra"":""de""},{""pos"":9,""source"":""hyp"",""palabra"":""lo""},{""pos"":10,""source"":""hyp"",""palabra"":""contrario""}]"
2026-05-31 20:05:49.206746+00,anotador_234,2035,2,,,buenos_aires_amba,"[{""pos"":27,""source"":""prem"",""palabra"":""veraniega""},{""pos"":31,""source"":""prem"",""palabra"":""flota""}]"
2026-05-31 20:05:51.170197+00,anotador_149,2902,5,,,buenos_aires_amba,[]
2026-05-31 20:05:52.057429+00,anotador_323,3492,4,,,buenos_aires_amba,"[{""pos"":11,""source"":""hyp"",""palabra"":""les""}]"
2026-05-31 20:05:57.728138+00,anotador_149,2028,5,,,buenos_aires_amba,[]
2026-05-31 20:06:00.77174+00,anotador_149,2568,4,,,buenos_aires_amba,"[{""pos"":7,""source"":""prem"",""palabra"":""Centrelink""},{""pos"":0,""source"":""hyp"",""palabra"":""Centrelink""}]"
2026-05-31 20:06:07.934128+00,anotador_202,2018,4,,,buenos_aires_amba,[]
2026-05-31 20:06:08.839337+00,anotador_323,2127,5,,,buenos_aires_amba,[]
2026-05-31 20:06:11.830446+00,anotador_149,867,5,,,buenos_aires_amba,[]
2026-05-31 20:06:13.906903+00,anotador_234,6274,3,,,buenos_aires_amba,"[{""pos"":14,""source"":""prem"",""palabra"":""culminando.""}]"
2026-05-31 20:06:20.147572+00,anotador_202,4926,4,,,buenos_aires_amba,[]
2026-05-31 20:06:23.760404+00,anotador_149,5162,5,,,buenos_aires_amba,[]
2026-05-31 20:06:27.942722+00,anotador_323,3318,4,,,buenos_aires_amba,"[{""pos"":14,""source"":""prem"",""palabra"":""trama""}]"
2026-05-31 20:06:30.563193+00,anotador_149,7220,5,,,buenos_aires_amba,[]
2026-05-31 20:06:31.641673+00,anotador_202,708,4,,,buenos_aires_amba,[]
2026-05-31 20:06:37.772977+00,anotador_149,7345,5,,,buenos_aires_amba,[]
2026-05-31 20:06:38.023612+00,anotador_202,1627,5,,,buenos_aires_amba,"[{""pos"":5,""source"":""prem"",""palabra"":""tal""},{""pos"":6,""source"":""prem"",""palabra"":""vez""}]"
2026-05-31 20:06:38.901192+00,anotador_323,1574,5,,,buenos_aires_amba,[]
2026-05-31 20:06:43.069343+00,anotador_149,157,5,,,buenos_aires_amba,[]
2026-05-31 20:06:46.592127+00,anotador_149,7135,5,,,buenos_aires_amba,[]
2026-05-31 20:06:52.504409+00,anotador_149,4584,5,,,buenos_aires_amba,[]
2026-05-31 20:06:54.853774+00,anotador_149,2739,5,,,buenos_aires_amba,"[{""pos"":2,""source"":""prem"",""palabra"":""EGU""}]"
2026-05-31 20:06:57.416576+00,anotador_202,6418,5,,,buenos_aires_amba,[]
2026-05-31 20:06:58.230709+00,anotador_104,5587,2,Nunca escuché esa expresión.,,buenos_aires_amba,"[{""pos"":22,""source"":""prem"",""palabra"":""nariz""},{""pos"":23,""source"":""prem"",""palabra"":""colectiva?""}]"
2026-05-31 20:07:02.166527+00,anotador_202,6648,5,,,buenos_aires_amba,[]
2026-05-31 20:07:05.534483+00,anotador_202,4523,5,,,buenos_aires_amba,[]
2026-05-31 20:07:09.142458+00,anotador_202,6265,5,,,buenos_aires_amba,[]
2026-05-31 20:07:10.561477+00,anotador_149,1998,5,,,buenos_aires_amba,[]
2026-05-31 20:07:13.947059+00,anotador_149,3146,5,,,buenos_aires_amba,[]
2026-05-31 20:07:18.84529+00,anotador_202,2853,5,,,buenos_aires_amba,[]
2026-05-31 20:07:18.970882+00,anotador_149,2342,4,,,buenos_aires_amba,"[{""pos"":8,""source"":""hyp"",""palabra"":""Park.""}]"
2026-05-31 20:07:24.305064+00,anotador_202,2430,3,,,buenos_aires_amba,"[{""pos"":4,""source"":""hyp"",""palabra"":""solía""}]"
2026-05-31 20:07:28.089823+00,anotador_104,2734,4,,,buenos_aires_amba,[]
2026-05-31 20:07:33.817667+00,anotador_202,4612,4,,,buenos_aires_amba,"[{""pos"":10,""source"":""prem"",""palabra"":""bullicio""}]"
2026-05-31 20:07:37.247783+00,anotador_149,1801,5,,,buenos_aires_amba,[]
2026-05-31 20:07:40.522424+00,anotador_149,6609,3,,,buenos_aires_amba,"[{""pos"":3,""source"":""prem"",""palabra"":""Hotel""},{""pos"":4,""source"":""prem"",""palabra"":""Marriott,""},{""pos"":0,""source"":""prem"",""palabra"":""Mihdhar""},{""pos"":0,""source"":""hyp"",""palabra"":""Mihdhar""}]"
2026-05-31 20:07:44.252914+00,anotador_202,5172,3,,,buenos_aires_amba,"[{""pos"":6,""source"":""hyp"",""palabra"":""llamaran""}]"
2026-05-31 20:07:54.65728+00,anotador_149,3160,5,,,buenos_aires_amba,[]
2026-05-31 20:08:02.622456+00,anotador_149,3096,4,,,buenos_aires_amba,"[{""pos"":12,""source"":""prem"",""palabra"":""yihad""}]"
2026-05-31 20:08:17.284979+00,anotador_149,6482,5,,,buenos_aires_amba,[]
2026-05-31 20:08:39.586688+00,anotador_104,6763,2,"Nunca escuché ""filantrópico"".",,buenos_aires_amba,"[{""pos"":9,""source"":""hyp"",""palabra"":""filantrópicos""}]"
2026-05-31 20:09:02.342028+00,anotador_256,9999,2,,,buenos_aires_amba,"[{""pos"":1,""source"":""prem"",""palabra"":""chaval""},{""pos"":2,""source"":""prem"",""palabra"":""cogió""},{""pos"":4,""source"":""prem"",""palabra"":""móvil""},{""pos"":3,""source"":""hyp"",""palabra"":""Wollongong""},{""pos"":7,""source"":""hyp"",""palabra"":""Tournament""},{""pos"":1,""source"":""hyp"",""palabra"":""Kettering,""},{""pos"":4,""source"":""hyp"",""palabra"":""Bears""},{""pos"":9,""source"":""hyp"",""palabra"":""Kilimsworth""}]"
2026-05-31 20:09:03.6084+00,anotador_104,2267,2,"De nuevo ""encontrará"". Además ""respaldadas"" no es casi utilizada. ",,buenos_aires_amba,"[{""pos"":9,""source"":""prem"",""palabra"":""encontrará""},{""pos"":19,""source"":""prem"",""palabra"":""respaldadas""}]"
2026-05-31 20:09:51.218967+00,anotador_104,5278,4,,,buenos_aires_amba,[]
2026-05-31 20:10:05.501626+00,anotador_256,5075,4,,,buenos_aires_amba,[]
2026-05-31 20:10:24.379891+00,anotador_256,1812,3,,,buenos_aires_amba,[]
2026-05-31 20:10:28.01241+00,anotador_104,5505,4,"Si fuera ""pare"" en vez de ""deje"" sería un 5. ",,buenos_aires_amba,"[{""pos"":16,""source"":""prem"",""palabra"":""deje""}]"
2026-05-31 20:10:42.048217+00,anotador_256,3396,3,,,buenos_aires_amba,[]
2026-05-31 20:11:00.673514+00,anotador_256,325,4,,,buenos_aires_amba,[]
2026-05-31 20:11:13.374896+00,anotador_256,1874,3,,,buenos_aires_amba,"[{""pos"":6,""source"":""prem"",""palabra"":""deberías""}]"
2026-05-31 20:11:44.462984+00,anotador_256,6803,,,,,"[{""pos"":4,""source"":""hyp"",""palabra"":""había""}]"
2026-05-31 20:11:46.174943+00,anotador_256,6803,4,,,buenos_aires_amba,"[{""pos"":4,""source"":""hyp"",""palabra"":""había""},{""pos"":5,""source"":""hyp"",""palabra"":""aceptado""}]"
2026-05-31 20:11:49.826761+00,anotador_075,9999,1,,,buenos_aires_amba,"[{""pos"":1,""source"":""hyp"",""palabra"":""Kettering,""},{""pos"":3,""source"":""hyp"",""palabra"":""Wollongong""},{""pos"":7,""source"":""hyp"",""palabra"":""Tournament""},{""pos"":8,""source"":""hyp"",""palabra"":""of""},{""pos"":9,""source"":""hyp"",""palabra"":""Kilimsworth""},{""pos"":1,""source"":""prem"",""palabra"":""chaval""},{""pos"":2,""source"":""prem"",""palabra"":""cogió""},{""pos"":11,""source"":""prem"",""palabra"":""luego""}]"
2026-05-31 20:11:58.185526+00,anotador_104,4619,1,"La expresión ""de perros"" no se usa para nada. Además sería más argentino usar ""de agosto"" que ""en agosto"".",,buenos_aires_amba,"[{""pos"":3,""source"":""prem"",""palabra"":""Tennessee""},{""pos"":6,""source"":""hyp"",""palabra"":""en""},{""pos"":7,""source"":""hyp"",""palabra"":""agosto""},{""pos"":6,""source"":""prem"",""palabra"":""clima""},{""pos"":7,""source"":""prem"",""palabra"":""de""},{""pos"":8,""source"":""prem"",""palabra"":""perros""},{""pos"":22,""source"":""prem"",""palabra"":""días""},{""pos"":23,""source"":""prem"",""palabra"":""de""},{""pos"":24,""source"":""prem"",""palabra"":""perros""}]"
2026-05-31 20:12:14.001355+00,anotador_256,2554,5,,,,[]
2026-05-31 20:12:16.610149+00,anotador_256,2554,4,,,buenos_aires_amba,[]
2026-05-31 20:12:24.635284+00,anotador_256,6556,4,,,buenos_aires_amba,[]
2026-05-31 20:12:34.970354+00,anotador_256,4567,3,,,buenos_aires_amba,[]
2026-05-31 20:12:44.134277+00,anotador_256,7103,3,,,,[]
2026-05-31 20:12:44.933095+00,anotador_256,7103,4,,,buenos_aires_amba,[]
2026-05-31 20:12:54.388984+00,anotador_219,9999,2,,,,"[{""pos"":1,""source"":""prem"",""palabra"":""chaval""},{""pos"":2,""source"":""prem"",""palabra"":""cogió""},{""pos"":4,""source"":""prem"",""palabra"":""móvil""}]"
2026-05-31 20:12:57.561847+00,anotador_256,1396,4,,,,[]
2026-05-31 20:12:58.965647+00,anotador_256,1396,3,,,,[]
2026-05-31 20:12:59.688975+00,anotador_256,1396,3,,,buenos_aires_amba,"[{""pos"":3,""source"":""hyp"",""palabra"":""dividirán""}]"
2026-05-31 20:13:09.030743+00,anotador_256,1846,2,,,buenos_aires_amba,"[{""pos"":11,""source"":""prem"",""palabra"":""barandilla""},{""pos"":21,""source"":""prem"",""palabra"":""semblante""}]"
2026-05-31 20:13:09.530315+00,anotador_075,3212,2,,,buenos_aires_amba,"[{""pos"":4,""source"":""prem"",""palabra"":""Operation""},{""pos"":5,""source"":""prem"",""palabra"":""Infinite""},{""pos"":6,""source"":""prem"",""palabra"":""Resolve,""}]"
2026-05-31 20:13:15.106213+00,anotador_323,6936,3,,,buenos_aires_amba,"[{""pos"":27,""source"":""prem"",""palabra"":""reconociendo""},{""pos"":31,""source"":""prem"",""palabra"":""referencia.""},{""pos"":30,""source"":""prem"",""palabra"":""de""},{""pos"":16,""source"":""prem"",""palabra"":""portada""},{""pos"":14,""source"":""prem"",""palabra"":""historia""}]"
2026-05-31 20:13:27.123342+00,anotador_256,655,,,,,"[{""pos"":1,""source"":""prem"",""palabra"":""le""}]"
2026-05-31 20:13:29.460673+00,anotador_219,1630,4,,,,[]
2026-05-31 20:13:30.41371+00,anotador_256,655,1,,,buenos_aires_amba,"[{""pos"":1,""source"":""prem"",""palabra"":""le""},{""pos"":2,""source"":""prem"",""palabra"":""oigo""},{""pos"":0,""source"":""hyp"",""palabra"":""No""},{""pos"":1,""source"":""hyp"",""palabra"":""puedo""},{""pos"":2,""source"":""hyp"",""palabra"":""escucharlo.""}]"
2026-05-31 20:13:43.509581+00,anotador_075,4807,3,,,buenos_aires_amba,[]
2026-05-31 20:13:49.493923+00,anotador_219,6661,4,,,,[]
2026-05-31 20:13:54.695815+00,anotador_323,2343,3,,,buenos_aires_amba,"[{""pos"":1,""source"":""prem"",""palabra"":""telesilla""},{""pos"":5,""source"":""hyp"",""palabra"":""telesilla.""},{""pos"":4,""source"":""prem"",""palabra"":""favorita.""}]"
2026-05-31 20:13:59.347173+00,anotador_256,5410,,,,,"[{""pos"":0,""source"":""prem"",""palabra"":""Me""}]"
2026-05-31 20:13:59.60377+00,anotador_256,5410,3,,,buenos_aires_amba,"[{""pos"":0,""source"":""prem"",""palabra"":""Me""},{""pos"":1,""source"":""prem"",""palabra"":""temo""}]"
2026-05-31 20:14:11.473744+00,anotador_075,6268,3,,,buenos_aires_amba,[]
2026-05-31 20:14:13.973188+00,anotador_256,4034,5,,,buenos_aires_amba,[]
2026-05-31 20:14:19.508508+00,anotador_075,2316,3,,,buenos_aires_amba,"[{""pos"":13,""source"":""prem"",""palabra"":""alberga""}]"
2026-05-31 20:14:25.477199+00,anotador_256,2023,5,,,buenos_aires_amba,[]
2026-05-31 20:14:32.833569+00,anotador_256,4246,4,,,buenos_aires_amba,[]
2026-05-31 20:14:42.949286+00,anotador_256,6644,,,,,"[{""pos"":15,""source"":""prem"",""palabra"":""había""}]"
2026-05-31 20:14:43.728907+00,anotador_256,6644,2,,,buenos_aires_amba,"[{""pos"":15,""source"":""prem"",""palabra"":""había""},{""pos"":16,""source"":""prem"",""palabra"":""derrumbado,""},{""pos"":17,""source"":""prem"",""palabra"":""instó""},{""pos"":27,""source"":""prem"",""palabra"":""podría""}]"
2026-05-31 20:14:51.820487+00,anotador_075,6369,3,,,buenos_aires_amba,[]
2026-05-31 20:15:06.06368+00,anotador_256,5174,4,,,buenos_aires_amba,[]
2026-05-31 20:15:45.749699+00,anotador_075,6734,3,,,buenos_aires_amba,"[{""pos"":18,""source"":""prem"",""palabra"":""luego""}]"
2026-05-31 20:16:09.230854+00,anotador_075,4889,2,,,buenos_aires_amba,[]
2026-05-31 20:16:32.057304+00,anotador_075,2510,2,,,buenos_aires_amba,"[{""pos"":5,""source"":""hyp"",""palabra"":""múltiples""}]"
2026-05-31 20:17:15.397203+00,anotador_075,5521,2,,,buenos_aires_amba,[]
2026-05-31 20:17:29.147591+00,anotador_323,3798,5,,,buenos_aires_amba,[]
2026-05-31 20:17:33.107162+00,anotador_323,7364,5,,,buenos_aires_amba,[]
2026-05-31 20:17:41.3701+00,anotador_098,9999,1,,,,"[{""pos"":1,""source"":""prem"",""palabra"":""chaval""},{""pos"":1,""source"":""hyp"",""palabra"":""Kettering,""},{""pos"":3,""source"":""hyp"",""palabra"":""Wollongong""},{""pos"":4,""source"":""hyp"",""palabra"":""Bears""},{""pos"":7,""source"":""hyp"",""palabra"":""Tournament""},{""pos"":9,""source"":""hyp"",""palabra"":""Kilimsworth""},{""pos"":4,""source"":""prem"",""palabra"":""móvil""}]"
2026-05-31 20:17:44.24976+00,anotador_323,1559,4,,,buenos_aires_amba,"[{""pos"":3,""source"":""hyp"",""palabra"":""mirándole,""}]"
2026-05-31 20:17:50.87674+00,anotador_075,1514,4,,,buenos_aires_amba,"[{""pos"":1,""source"":""prem"",""palabra"":""complacerá""}]"
2026-05-31 20:18:09.118682+00,anotador_075,7164,2,,,buenos_aires_amba,"[{""pos"":5,""source"":""prem"",""palabra"":""demasiada""}]"
2026-05-31 20:18:20.775595+00,anotador_098,7206,5,,,,[]
2026-05-31 20:18:33.574701+00,anotador_075,7294,2,,,buenos_aires_amba,[]
2026-05-31 20:18:43.880949+00,anotador_323,2744,5,,,buenos_aires_amba,[]
2026-05-31 20:18:50.886452+00,anotador_075,2379,2,,,buenos_aires_amba,"[{""pos"":2,""source"":""hyp"",""palabra"":""ligero""}]"
2026-05-31 20:19:20.274358+00,anotador_075,1666,2,,,buenos_aires_amba,"[{""pos"":0,""source"":""hyp"",""palabra"":""Debés""}]"
2026-05-31 20:19:31.954197+00,anotador_323,5197,5,,,buenos_aires_amba,[]
2026-05-31 20:19:34.862343+00,anotador_323,1619,4,,,buenos_aires_amba,"[{""pos"":1,""source"":""prem"",""palabra"":""otorgado,""}]"
2026-05-31 20:19:47.226834+00,anotador_075,4944,2,,,buenos_aires_amba,[]
2026-05-31 20:19:57.39254+00,anotador_323,6412,5,,,buenos_aires_amba,[]
2026-05-31 20:20:06.59294+00,anotador_075,7376,3,,,buenos_aires_amba,[]
2026-05-31 20:20:26.403472+00,anotador_323,5034,5,,,buenos_aires_amba,[]
2026-05-31 20:20:37.046294+00,anotador_075,5485,2,,,buenos_aires_amba,[]
2026-05-31 20:20:39.640204+00,anotador_075,7113,2,,,buenos_aires_amba,[]
2026-05-31 20:20:57.489531+00,anotador_075,3066,2,,,buenos_aires_amba,[]
2026-05-31 20:21:41.022835+00,anotador_109,9999,1,,,buenos_aires_amba,[]
2026-05-31 20:21:46.692189+00,anotador_109,4043,2,,,buenos_aires_amba,[]
2026-05-31 20:21:54.81017+00,anotador_109,2961,2,,,buenos_aires_amba,[]
2026-05-31 20:21:58.782951+00,anotador_109,2778,1,,,buenos_aires_amba,[]
2026-05-31 20:22:03.611006+00,anotador_109,2680,1,,,buenos_aires_amba,[]
2026-05-31 20:22:09.064554+00,anotador_109,7455,1,,,buenos_aires_amba,[]
2026-05-31 20:22:12.556244+00,anotador_109,6785,1,,,buenos_aires_amba,[]
2026-05-31 20:22:16.627525+00,anotador_109,6721,1,,,buenos_aires_amba,[]
2026-05-31 20:22:21.723888+00,anotador_109,3393,3,,,buenos_aires_amba,[]
2026-05-31 20:22:26.746736+00,anotador_109,6968,2,,,buenos_aires_amba,[]
2026-05-31 20:22:29.831267+00,anotador_109,7494,1,,,buenos_aires_amba,[]
2026-05-31 20:22:34.560603+00,anotador_109,1897,1,,,buenos_aires_amba,[]
2026-05-31 20:22:41.773178+00,anotador_109,1317,1,,,buenos_aires_amba,[]
2026-05-31 20:22:45.859368+00,anotador_109,1323,2,,,buenos_aires_amba,[]
2026-05-31 20:22:46.219827+00,anotador_109,1324,2,,,buenos_aires_amba,[]
2026-05-31 20:22:48.742277+00,anotador_109,5788,1,,,buenos_aires_amba,[]
2026-05-31 20:22:53.05319+00,anotador_109,2366,4,,,buenos_aires_amba,[]
2026-05-31 20:22:56.605817+00,anotador_109,3613,4,,,buenos_aires_amba,[]
2026-05-31 20:23:00.752076+00,anotador_109,7254,3,,,buenos_aires_amba,[]
2026-05-31 20:23:04.12392+00,anotador_109,452,3,,,buenos_aires_amba,[]
2026-05-31 20:44:56.707525+00,anotador_219,6216,5,,,,[]
2026-05-31 20:44:57.008284+00,anotador_219,6216,4,,,,[]
2026-05-31 20:45:12.267307+00,anotador_219,4001,4,,,,[]
2026-05-31 20:45:42.711287+00,anotador_219,4156,4,,,,[]
2026-05-31 20:45:55.72118+00,anotador_219,7256,3,,,,[]
2026-05-31 20:46:55.019537+00,anotador_219,6745,4,"es raro que en en general hay dos oraciones semánticamente parecidas, no queda claro si la pregunta es sobre las dos al mismo tiempo",,,[]
2026-05-31 20:47:13.122451+00,anotador_174,9999,1,,,,"[{""pos"":1,""source"":""prem"",""palabra"":""chaval""},{""pos"":4,""source"":""prem"",""palabra"":""móvil""},{""pos"":1,""source"":""hyp"",""palabra"":""Kettering,""},{""pos"":7,""source"":""hyp"",""palabra"":""Tournament""}]"
2026-05-31 20:47:14.258401+00,anotador_219,1233,4,,,,[]
2026-05-31 20:47:25.404087+00,anotador_219,766,5,,,,[]
2026-05-31 20:47:31.871617+00,anotador_219,7449,3,,,,"[{""pos"":3,""source"":""prem"",""palabra"":""parche""}]"
2026-05-31 20:47:46.0846+00,anotador_219,4227,3,,,,"[{""pos"":4,""source"":""prem"",""palabra"":""U-Haul""},{""pos"":2,""source"":""hyp"",""palabra"":""Budget""}]"
2026-05-31 20:47:52.089583+00,anotador_174,6551,3,,,,"[{""pos"":8,""source"":""prem"",""palabra"":""notificado""}]"
2026-05-31 20:48:14.008794+00,anotador_174,1135,3,,,,"[{""pos"":11,""source"":""prem"",""palabra"":""mollera""}]"
2026-05-31 20:48:28.926474+00,anotador_174,5395,3,,,,"[{""pos"":11,""source"":""prem"",""palabra"":""tendrás""}]"
2026-05-31 20:48:39.547174+00,anotador_174,5809,5,,,,[]
2026-05-31 20:48:54.136103+00,anotador_174,5833,5,,,,[]
2026-05-31 20:52:16.500367+00,anotador_064,9999,1,,,buenos_aires_amba,"[{""pos"":1,""source"":""prem"",""palabra"":""chaval""},{""pos"":1,""source"":""hyp"",""palabra"":""Kettering,""},{""pos"":2,""source"":""prem"",""palabra"":""cogió""},{""pos"":4,""source"":""prem"",""palabra"":""móvil""},{""pos"":8,""source"":""prem"",""palabra"":""piso""},{""pos"":3,""source"":""hyp"",""palabra"":""Wollongong""},{""pos"":4,""source"":""hyp"",""palabra"":""Bears""},{""pos"":7,""source"":""hyp"",""palabra"":""Tournament""},{""pos"":8,""source"":""hyp"",""palabra"":""of""},{""pos"":9,""source"":""hyp"",""palabra"":""Kilimsworth""},{""pos"":13,""source"":""hyp"",""palabra"":""fans.""}]"
2026-05-31 20:52:47.618425+00,anotador_064,1523,3,,,buenos_aires_amba,"[{""pos"":5,""source"":""prem"",""palabra"":""creí,""}]"
2026-05-31 20:53:09.018582+00,anotador_064,6283,4,,,buenos_aires_amba,[]
2026-05-31 20:53:15.835284+00,anotador_066,9999,,,,buenos_aires_amba,"[{""pos"":1,""source"":""prem"",""palabra"":""chaval""},{""pos"":8,""source"":""prem"",""palabra"":""piso""}]"
2026-05-31 20:53:26.453695+00,anotador_064,3766,2,,,buenos_aires_amba,"[{""pos"":10,""source"":""prem"",""palabra"":""les""}]"
2026-05-31 20:54:04.103666+00,anotador_066,2296,5,,,buenos_aires_amba,[]
2026-05-31 20:54:08.144764+00,anotador_064,5523,3,,,buenos_aires_amba,[]
2026-05-31 20:54:16.951059+00,anotador_064,6844,4,,,buenos_aires_amba,[]
2026-05-31 20:54:17.184869+00,anotador_066,2256,5,,,buenos_aires_amba,[]
2026-05-31 20:54:37.878188+00,anotador_066,5614,3,,,buenos_aires_amba,[]
2026-05-31 20:54:38.581824+00,anotador_064,1553,2,,,buenos_aires_amba,"[{""pos"":3,""source"":""prem"",""palabra"":""enagua""},{""pos"":2,""source"":""prem"",""palabra"":""maldita""},{""pos"":7,""source"":""prem"",""palabra"":""cobarde.""},{""pos"":6,""source"":""hyp"",""palabra"":""enaguas.""}]"
2026-05-31 20:54:58.188918+00,anotador_066,7278,4,,,buenos_aires_amba,[]
2026-05-31 20:55:03.902203+00,anotador_064,4906,4,,,buenos_aires_amba,[]
2026-05-31 20:55:14.570123+00,anotador_066,1496,5,,,buenos_aires_amba,[]
2026-05-31 20:55:31.019884+00,anotador_066,2786,5,,,buenos_aires_amba,[]
2026-05-31 20:55:32.89349+00,anotador_064,1634,3,,,buenos_aires_amba,"[{""pos"":0,""source"":""prem"",""palabra"":""No""},{""pos"":4,""source"":""prem"",""palabra"":""no""},{""pos"":8,""source"":""prem"",""palabra"":""no""}]"
2026-05-31 20:55:33.075617+00,anotador_064,1632,3,,,buenos_aires_amba,"[{""pos"":0,""source"":""prem"",""palabra"":""No""},{""pos"":4,""source"":""prem"",""palabra"":""no""},{""pos"":8,""source"":""prem"",""palabra"":""no""}]"
2026-05-31 20:55:40.338685+00,anotador_066,6812,5,,,buenos_aires_amba,[]
2026-05-31 20:56:03.903193+00,anotador_066,3897,4,,,buenos_aires_amba,[]
2026-05-31 20:56:21.620627+00,anotador_066,6373,5,,,buenos_aires_amba,[]
2026-05-31 20:56:24.351539+00,anotador_064,3948,3,,,buenos_aires_amba,[]
2026-05-31 20:56:37.648223+00,anotador_066,7341,4,,,buenos_aires_amba,[]
2026-05-31 20:56:41.542357+00,anotador_064,6262,4,,,buenos_aires_amba,"[{""pos"":2,""source"":""prem"",""palabra"":""en""}]"
2026-05-31 20:56:57.847879+00,anotador_066,7109,3,,,buenos_aires_amba,[]
2026-05-31 20:57:12.860167+00,anotador_064,1512,2,,,buenos_aires_amba,"[{""pos"":1,""source"":""prem"",""palabra"":""complacerá""},{""pos"":11,""source"":""prem"",""palabra"":""pergamino""},{""pos"":6,""source"":""hyp"",""palabra"":""pergamino.""}]"
2026-05-31 20:57:16.205669+00,anotador_066,3229,4,,,buenos_aires_amba,[]
2026-05-31 20:57:32.448915+00,anotador_066,6325,4,,,buenos_aires_amba,[]
2026-05-31 20:57:46.197452+00,anotador_066,67,4,,,buenos_aires_amba,[]
2026-05-31 20:57:57.36922+00,anotador_066,2443,5,,,buenos_aires_amba,[]
2026-05-31 20:58:07.122719+00,anotador_064,2265,4,,,buenos_aires_amba,[]
2026-05-31 20:58:13.039521+00,anotador_066,3933,4,,,buenos_aires_amba,[]
2026-05-31 20:58:32.47346+00,anotador_066,6533,4,,,buenos_aires_amba,[]
2026-05-31 20:58:33.260045+00,anotador_064,880,2,,,buenos_aires_amba,"[{""pos"":3,""source"":""hyp"",""palabra"":""encantador""}]"
2026-05-31 20:58:47.996826+00,anotador_066,3072,4,,,buenos_aires_amba,[]
2026-05-31 20:58:59.968907+00,anotador_066,3471,4,,,buenos_aires_amba,[]
2026-05-31 20:59:09.268544+00,anotador_064,5588,4,,,buenos_aires_amba,[]
2026-05-31 20:59:22.078703+00,anotador_064,6427,4,,,buenos_aires_amba,[]
2026-05-31 20:59:30.599192+00,anotador_064,1797,2,,,buenos_aires_amba,"[{""pos"":2,""source"":""prem"",""palabra"":""Excelencia""},{""pos"":1,""source"":""hyp"",""palabra"":""Excelencia""}]"
2026-05-31 20:59:57.355304+00,anotador_064,6147,4,,,buenos_aires_amba,[]
2026-05-31 21:00:15.062866+00,anotador_064,5947,4,,,buenos_aires_amba,[]
2026-05-31 21:00:17.939681+00,anotador_172,9999,2,,,,"[{""pos"":1,""source"":""prem"",""palabra"":""chaval""},{""pos"":2,""source"":""prem"",""palabra"":""cogió""},{""pos"":3,""source"":""prem"",""palabra"":""el""},{""pos"":4,""source"":""prem"",""palabra"":""móvil""},{""pos"":0,""source"":""prem"",""palabra"":""El""},{""pos"":5,""source"":""prem"",""palabra"":""y""},{""pos"":6,""source"":""prem"",""palabra"":""buscó""},{""pos"":7,""source"":""prem"",""palabra"":""el""},{""pos"":8,""source"":""prem"",""palabra"":""piso""},{""pos"":7,""source"":""hyp"",""palabra"":""Tournament""},{""pos"":8,""source"":""hyp"",""palabra"":""of""},{""pos"":9,""source"":""hyp"",""palabra"":""Kilimsworth""}]"
2026-05-31 21:00:21.416654+00,anotador_146,9999,1,,,buenos_aires_amba,"[{""pos"":1,""source"":""hyp"",""palabra"":""Kettering,""},{""pos"":1,""source"":""prem"",""palabra"":""chaval""},{""pos"":2,""source"":""prem"",""palabra"":""cogió""},{""pos"":4,""source"":""prem"",""palabra"":""móvil""},{""pos"":7,""source"":""hyp"",""palabra"":""Tournament""},{""pos"":8,""source"":""hyp"",""palabra"":""of""},{""pos"":9,""source"":""hyp"",""palabra"":""Kilimsworth""}]"
2026-05-31 21:02:43.929489+00,anotador_146,5718,5,,,buenos_aires_amba,[]
2026-05-31 21:03:21.303566+00,anotador_146,5146,5,,,buenos_aires_amba,[]
2026-05-31 21:03:51.89345+00,anotador_146,4260,5,,,buenos_aires_amba,[]
2026-05-31 21:04:07.539967+00,anotador_146,5384,5,,,buenos_aires_amba,[]
2026-05-31 21:04:21.770112+00,anotador_146,6039,5,,,buenos_aires_amba,[]
2026-05-31 21:04:37.452821+00,anotador_146,2271,3,,,buenos_aires_amba,"[{""pos"":17,""source"":""prem"",""palabra"":""atracciones""},{""pos"":20,""source"":""prem"",""palabra"":""cambiante""}]"
2026-05-31 21:05:26.185199+00,anotador_304,9999,1,,,buenos_aires_interior,"[{""pos"":3,""source"":""prem"",""palabra"":""el""},{""pos"":2,""source"":""prem"",""palabra"":""cogió""},{""pos"":1,""source"":""prem"",""palabra"":""chaval""},{""pos"":4,""source"":""prem"",""palabra"":""móvil""},{""pos"":8,""source"":""prem"",""palabra"":""piso""},{""pos"":3,""source"":""hyp"",""palabra"":""Wollongong""},{""pos"":4,""source"":""hyp"",""palabra"":""Bears""},{""pos"":7,""source"":""hyp"",""palabra"":""Tournament""},{""pos"":8,""source"":""hyp"",""palabra"":""of""},{""pos"":9,""source"":""hyp"",""palabra"":""Kilimsworth""},{""pos"":1,""source"":""hyp"",""palabra"":""Kettering,""}]"
2026-05-31 21:06:15.307301+00,anotador_315,9999,1,,,buenos_aires_amba,"[{""pos"":1,""source"":""prem"",""palabra"":""chaval""},{""pos"":2,""source"":""prem"",""palabra"":""cogió""},{""pos"":4,""source"":""prem"",""palabra"":""móvil""},{""pos"":8,""source"":""prem"",""palabra"":""piso""}]"
2026-05-31 21:06:17.035439+00,anotador_304,3590,1,,,buenos_aires_interior,"[{""pos"":0,""source"":""prem"",""palabra"":""Linda""},{""pos"":1,""source"":""prem"",""palabra"":""Hardwick,""},{""pos"":5,""source"":""hyp"",""palabra"":""Linda""},{""pos"":6,""source"":""hyp"",""palabra"":""Harwick""}]"
2026-05-31 21:06:58.928227+00,anotador_315,4496,4,,,buenos_aires_amba,[]
2026-05-31 21:07:06.891171+00,anotador_315,2689,5,,,buenos_aires_amba,[]
2026-05-31 21:07:19.295703+00,anotador_304,1322,5,,,buenos_aires_interior,[]
2026-05-31 21:07:32.32891+00,anotador_304,2149,5,,,buenos_aires_interior,[]
2026-05-31 21:07:35.303316+00,anotador_304,1745,3,,,buenos_aires_interior,"[{""pos"":0,""source"":""prem"",""palabra"":""Bouchard""},{""pos"":19,""source"":""prem"",""palabra"":""caña""}]"
2026-05-31 21:08:04.773853+00,anotador_315,6529,5,,,buenos_aires_amba,[]
2026-05-31 21:08:05.121039+00,anotador_304,4990,3,,,buenos_aires_interior,"[{""pos"":4,""source"":""prem"",""palabra"":""Dalrymple,""}]"
2026-05-31 21:08:21.960332+00,anotador_315,2194,5,,,buenos_aires_amba,[]
2026-05-31 21:08:30.306743+00,anotador_304,1188,3,,,buenos_aires_interior,[]
2026-05-31 21:08:35.47341+00,anotador_315,4749,5,,,buenos_aires_amba,[]
2026-05-31 21:08:42.246542+00,anotador_315,4914,5,,,buenos_aires_amba,[]
2026-05-31 21:08:45.176115+00,anotador_304,1991,5,,,buenos_aires_interior,[]
2026-05-31 21:08:55.115958+00,anotador_315,5259,5,,,buenos_aires_amba,[]
2026-05-31 21:09:04.330073+00,anotador_315,6243,4,,,buenos_aires_amba,[]
2026-05-31 21:09:04.497722+00,anotador_304,2931,5,,,buenos_aires_interior,[]
2026-05-31 21:09:19.095445+00,anotador_304,3206,3,,,buenos_aires_interior,"[{""pos"":19,""source"":""prem"",""palabra"":""James""},{""pos"":20,""source"":""prem"",""palabra"":""Steinberg,""}]"
2026-05-31 21:09:21.93088+00,anotador_315,2948,5,,,buenos_aires_amba,[]
2026-05-31 21:09:33.226475+00,anotador_315,7008,5,,,buenos_aires_amba,[]
2026-05-31 21:09:33.449691+00,anotador_304,3222,3,,,buenos_aires_interior,[]
2026-05-31 21:09:42.336353+00,anotador_304,5119,3,,,buenos_aires_interior,[]
2026-05-31 21:09:45.683825+00,anotador_315,7444,5,,,buenos_aires_amba,[]
2026-05-31 21:09:50.080446+00,anotador_315,1800,5,,,buenos_aires_amba,[]
2026-05-31 21:09:58.561489+00,anotador_304,1194,2,,,buenos_aires_interior,"[{""pos"":22,""source"":""prem"",""palabra"":""corredores""}]"
2026-05-31 21:10:05.040609+00,anotador_315,5814,5,,,buenos_aires_amba,[]
2026-05-31 21:10:05.56578+00,anotador_304,631,3,,,buenos_aires_interior,"[{""pos"":2,""source"":""prem"",""palabra"":""Wills""},{""pos"":3,""source"":""prem"",""palabra"":""Point,""},{""pos"":3,""source"":""hyp"",""palabra"":""Wills""},{""pos"":4,""source"":""hyp"",""palabra"":""Point.""}]"
2026-05-31 21:10:16.787225+00,anotador_304,7267,3,,,buenos_aires_interior,[]
2026-05-31 21:10:27.283594+00,anotador_315,3844,5,,,buenos_aires_amba,[]
2026-05-31 21:10:32.053147+00,anotador_304,1639,3,,,buenos_aires_interior,"[{""pos"":21,""source"":""prem"",""palabra"":""vaciló,""}]"
2026-05-31 21:10:37.957671+00,anotador_315,5412,1,,,buenos_aires_amba,"[{""pos"":8,""source"":""hyp"",""palabra"":""gasolina.""},{""pos"":20,""source"":""prem"",""palabra"":""gasolina""},{""pos"":18,""source"":""prem"",""palabra"":""depósito""},{""pos"":19,""source"":""prem"",""palabra"":""de""}]"
2026-05-31 21:10:41.028164+00,anotador_304,3917,3,,,buenos_aires_interior,"[{""pos"":0,""source"":""prem"",""palabra"":""Puesto""}]"
2026-05-31 21:10:56.289115+00,anotador_304,5959,3,,,buenos_aires_interior,"[{""pos"":7,""source"":""prem"",""palabra"":""Bouchard""},{""pos"":0,""source"":""hyp"",""palabra"":""Bouchard""}]"
2026-05-31 21:10:59.899895+00,anotador_315,4200,5,,,buenos_aires_amba,[]
2026-05-31 21:11:01.352186+00,anotador_077,9999,2,,,buenos_aires_amba,"[{""pos"":0,""source"":""prem"",""palabra"":""El""},{""pos"":1,""source"":""prem"",""palabra"":""chaval""},{""pos"":2,""source"":""prem"",""palabra"":""cogió""},{""pos"":4,""source"":""prem"",""palabra"":""móvil""},{""pos"":6,""source"":""prem"",""palabra"":""buscó""},{""pos"":3,""source"":""prem"",""palabra"":""el""},{""pos"":5,""source"":""prem"",""palabra"":""y""},{""pos"":7,""source"":""prem"",""palabra"":""el""},{""pos"":8,""source"":""prem"",""palabra"":""piso""},{""pos"":9,""source"":""prem"",""palabra"":""en""},{""pos"":10,""source"":""prem"",""palabra"":""internet,""},{""pos"":11,""source"":""prem"",""palabra"":""luego""},{""pos"":12,""source"":""prem"",""palabra"":""llamó""},{""pos"":13,""source"":""prem"",""palabra"":""a""},{""pos"":14,""source"":""prem"",""palabra"":""su""},{""pos"":15,""source"":""prem"",""palabra"":""jefe.""},{""pos"":10,""source"":""hyp"",""palabra"":""ante""}]"
2026-05-31 21:11:06.852874+00,anotador_304,7461,3,,,buenos_aires_interior,[]
2026-05-31 21:11:07.249808+00,anotador_315,5845,5,,,buenos_aires_amba,[]
2026-05-31 21:11:13.771045+00,anotador_315,2473,4,,,buenos_aires_amba,"[{""pos"":25,""source"":""prem"",""palabra"":""irguió""}]"
2026-05-31 21:11:15.868885+00,anotador_304,2173,3,,,buenos_aires_interior,[]
2026-05-31 21:11:35.672929+00,anotador_315,5862,3,,,buenos_aires_amba,"[{""pos"":12,""source"":""prem"",""palabra"":""mandado""},{""pos"":11,""source"":""prem"",""palabra"":""serás""},{""pos"":3,""source"":""prem"",""palabra"":""debajo,""}]"
2026-05-31 21:12:21.094439+00,anotador_077,1815,3,,,buenos_aires_amba,[]
2026-05-31 21:12:29.515088+00,anotador_077,1473,4,,,buenos_aires_amba,"[{""pos"":0,""source"":""prem"",""palabra"":""Conceder""}]"
2026-05-31 21:12:47.79616+00,anotador_315,1978,5,,,buenos_aires_amba,[]
2026-05-31 21:13:02.671524+00,anotador_077,5058,3,,,buenos_aires_amba,[]
2026-05-31 21:13:08.320491+00,anotador_315,6970,5,,,buenos_aires_amba,[]
2026-05-31 21:13:19.349317+00,anotador_315,7263,5,,,buenos_aires_amba,[]
2026-05-31 21:13:26.207401+00,anotador_315,2014,5,,,buenos_aires_amba,[]
2026-05-31 21:13:28.477944+00,anotador_315,6805,4,,,buenos_aires_amba,"[{""pos"":1,""source"":""prem"",""palabra"":""coste""},{""pos"":31,""source"":""prem"",""palabra"":""asequibles.""}]"
2026-05-31 21:13:37.904505+00,anotador_077,4005,4,,,buenos_aires_amba,[]
2026-05-31 21:13:50.895652+00,anotador_315,6719,3,,,buenos_aires_amba,"[{""pos"":2,""source"":""prem"",""palabra"":""montadas""}]"
2026-05-31 21:14:09.615506+00,anotador_077,7367,4,,,buenos_aires_amba,[]
2026-05-31 21:14:10.085753+00,anotador_315,1474,5,,,buenos_aires_amba,[]
2026-05-31 21:14:17.158683+00,anotador_315,7111,4,,,buenos_aires_amba,"[{""pos"":2,""source"":""prem"",""palabra"":""planteamiento""},{""pos"":14,""source"":""prem"",""palabra"":""planteamientos""}]"
2026-05-31 21:14:28.665045+00,anotador_077,5727,3,,,buenos_aires_amba,"[{""pos"":15,""source"":""hyp"",""palabra"":""realizar""},{""pos"":5,""source"":""prem"",""palabra"":""comienzan""},{""pos"":10,""source"":""prem"",""palabra"":""enviando""},{""pos"":16,""source"":""hyp"",""palabra"":""diversas""}]"
2026-05-31 21:14:33.209303+00,anotador_315,4294,3,,,buenos_aires_amba,"[{""pos"":7,""source"":""prem"",""palabra"":""enteros""},{""pos"":8,""source"":""prem"",""palabra"":""repertorios""}]"
2026-05-31 21:14:52.030393+00,anotador_315,3016,5,,,buenos_aires_amba,[]
2026-05-31 21:14:57.757421+00,anotador_315,5235,5,,,buenos_aires_amba,[]
2026-05-31 21:15:02.065533+00,anotador_077,5356,4,,,buenos_aires_amba,[]
2026-05-31 21:15:04.667027+00,anotador_315,5043,5,,,buenos_aires_amba,[]
2026-05-31 21:15:11.528146+00,anotador_315,7217,5,,,buenos_aires_amba,[]
2026-05-31 21:15:18.719223+00,anotador_077,5586,3,,,buenos_aires_amba,[]
2026-05-31 21:15:26.056541+00,anotador_077,7431,3,,,buenos_aires_amba,"[{""pos"":9,""source"":""hyp"",""palabra"":""notó""}]"
2026-05-31 21:15:30.114354+00,anotador_315,6837,5,,,buenos_aires_amba,[]
2026-05-31 21:15:37.135237+00,anotador_315,1270,5,,,buenos_aires_amba,[]
2026-05-31 21:15:43.189139+00,anotador_077,4,4,,,buenos_aires_amba,[]
2026-05-31 21:15:52.322023+00,anotador_315,5584,4,,,buenos_aires_amba,"[{""pos"":4,""source"":""prem"",""palabra"":""expandido,""},{""pos"":3,""source"":""prem"",""palabra"":""ha""},{""pos"":2,""source"":""prem"",""palabra"":""se""}]"
2026-05-31 21:15:56.197713+00,anotador_077,3873,4,,,buenos_aires_amba,[]
2026-05-31 21:16:01.728718+00,anotador_077,5535,4,,,buenos_aires_amba,"[{""pos"":7,""source"":""prem"",""palabra"":""estacionario""},{""pos"":10,""source"":""hyp"",""palabra"":""debe""},{""pos"":18,""source"":""hyp"",""palabra"":""distante.""}]"
2026-05-31 21:16:06.808909+00,anotador_315,6615,5,,,buenos_aires_amba,[]
2026-05-31 21:16:12.781655+00,anotador_315,2148,5,,,buenos_aires_amba,[]
2026-05-31 21:16:20.470467+00,anotador_077,5531,3,,,buenos_aires_amba,"[{""pos"":2,""source"":""prem"",""palabra"":""niños""},{""pos"":13,""source"":""prem"",""palabra"":""abordan""},{""pos"":18,""source"":""prem"",""palabra"":""sucede""},{""pos"":1,""source"":""hyp"",""palabra"":""niños""}]"
2026-05-31 21:16:20.783103+00,anotador_315,6531,5,,,buenos_aires_amba,[]
2026-05-31 21:16:28.374157+00,anotador_315,5671,4,,,buenos_aires_amba,"[{""pos"":8,""source"":""prem"",""palabra"":""elegidas""}]"
2026-05-31 21:16:43.672504+00,anotador_077,639,4,,,buenos_aires_amba,"[{""pos"":3,""source"":""hyp"",""palabra"":""vería""}]"
2026-05-31 21:16:56.278007+00,anotador_077,6897,4,,,buenos_aires_amba,[]
2026-05-31 21:17:01.800922+00,anotador_077,1977,4,,,buenos_aires_amba,"[{""pos"":4,""source"":""hyp"",""palabra"":""de""},{""pos"":5,""source"":""hyp"",""palabra"":""inmediato.""}]"
2026-05-31 21:17:18.027691+00,anotador_077,485,4,,,buenos_aires_amba,[]
2026-05-31 21:17:26.065897+00,anotador_077,1660,3,,,buenos_aires_amba,"[{""pos"":0,""source"":""hyp"",""palabra"":""Podría""}]"
2026-05-31 21:17:42.041829+00,anotador_077,4634,3,,,buenos_aires_amba,"[{""pos"":13,""source"":""prem"",""palabra"":""dicho""},{""pos"":14,""source"":""prem"",""palabra"":""sea""},{""pos"":15,""source"":""prem"",""palabra"":""de""},{""pos"":16,""source"":""prem"",""palabra"":""paso,""},{""pos"":31,""source"":""prem"",""palabra"":""acuñado.""}]"
2026-05-31 21:19:59.302401+00,anotador_051,9999,1,,,tucuman,"[{""pos"":1,""source"":""prem"",""palabra"":""chaval""},{""pos"":2,""source"":""prem"",""palabra"":""cogió""},{""pos"":4,""source"":""prem"",""palabra"":""móvil""},{""pos"":8,""source"":""prem"",""palabra"":""piso""},{""pos"":11,""source"":""prem"",""palabra"":""luego""},{""pos"":7,""source"":""hyp"",""palabra"":""Tournament""},{""pos"":8,""source"":""hyp"",""palabra"":""of""},{""pos"":9,""source"":""hyp"",""palabra"":""Kilimsworth""}]"
2026-05-31 21:20:33.692837+00,anotador_051,7299,4,,,tucuman,[]
2026-05-31 21:20:47.262823+00,anotador_051,4866,4,,,tucuman,[]
2026-05-31 21:20:51.384115+00,anotador_051,2142,,,,,"[{""pos"":1,""source"":""prem"",""palabra"":""te""}]"
2026-05-31 21:20:51.595616+00,anotador_051,2142,3,,,tucuman,"[{""pos"":1,""source"":""prem"",""palabra"":""te""},{""pos"":2,""source"":""prem"",""palabra"":""has""},{""pos"":3,""source"":""prem"",""palabra"":""convertido""},{""pos"":17,""source"":""prem"",""palabra"":""cuencos""}]"
2026-05-31 21:21:13.972722+00,anotador_051,6861,3,,,tucuman,[]
2026-05-31 21:21:25.991645+00,anotador_051,1537,3,,,tucuman,"[{""pos"":3,""source"":""hyp"",""palabra"":""averías""}]"
2026-05-31 21:21:33.312112+00,anotador_051,2991,4,,,tucuman,[]
2026-05-31 21:21:38.432638+00,anotador_051,5143,5,,,tucuman,[]
2026-05-31 21:21:45.221579+00,anotador_051,4516,2,,,tucuman,"[{""pos"":0,""source"":""prem"",""palabra"":""Informé""},{""pos"":8,""source"":""prem"",""palabra"":""Esto""},{""pos"":9,""source"":""prem"",""palabra"":""pareció""},{""pos"":10,""source"":""prem"",""palabra"":""divertirlo""},{""pos"":15,""source"":""prem"",""palabra"":""pastel""},{""pos"":3,""source"":""hyp"",""palabra"":""pastel""}]"
2026-05-31 21:21:57.117158+00,anotador_051,5934,,,,,"[{""pos"":2,""source"":""prem"",""palabra"":""le""}]"
2026-05-31 21:21:57.370622+00,anotador_051,5934,3,,,tucuman,"[{""pos"":2,""source"":""prem"",""palabra"":""le""},{""pos"":3,""source"":""prem"",""palabra"":""han""},{""pos"":4,""source"":""prem"",""palabra"":""molestado.""}]"
2026-05-31 21:22:05.749205+00,anotador_051,6160,5,,,tucuman,[]
2026-05-31 21:22:17.492586+00,anotador_051,3094,4,,,tucuman,[]
2026-05-31 21:22:27.648784+00,anotador_051,7166,4,,,tucuman,[]
2026-05-31 21:22:31.77583+00,anotador_051,6565,5,,,tucuman,[]
2026-05-31 21:22:41.806613+00,anotador_051,2034,5,,,tucuman,[]
2026-05-31 21:22:48.72581+00,anotador_051,7169,4,,,tucuman,[]
2026-05-31 21:22:54.220846+00,anotador_051,3772,4,,,tucuman,[]
2026-05-31 21:22:59.794033+00,anotador_051,1582,5,,,tucuman,[]
2026-05-31 21:23:06.876378+00,anotador_051,4222,4,,,tucuman,[]
2026-05-31 21:23:17.031279+00,anotador_051,4701,4,,,tucuman,[]
2026-05-31 21:46:25.671122+00,anotador_158,9999,,,,,"[{""pos"":1,""source"":""prem"",""palabra"":""chaval""}]"
2026-05-31 21:46:26.043893+00,anotador_158,9999,1,,,buenos_aires_amba,"[{""pos"":1,""source"":""prem"",""palabra"":""chaval""},{""pos"":8,""source"":""hyp"",""palabra"":""of""}]"
2026-05-31 21:46:46.691359+00,anotador_158,820,5,,,buenos_aires_amba,[]
2026-05-31 21:47:15.16363+00,anotador_158,2846,5,,,buenos_aires_amba,[]
2026-05-31 21:47:20.111765+00,anotador_158,4564,5,,,buenos_aires_amba,[]
2026-05-31 21:47:27.842719+00,anotador_158,4098,5,,,buenos_aires_amba,[]
2026-05-31 21:47:42.517267+00,anotador_158,7340,5,,,buenos_aires_amba,[]
2026-05-31 21:47:49.592695+00,anotador_158,6552,5,,,buenos_aires_amba,[]
2026-05-31 21:47:58.316607+00,anotador_158,5971,5,,,buenos_aires_amba,[]
2026-05-31 21:48:07.84292+00,anotador_158,6617,5,,,buenos_aires_amba,[]
2026-05-31 21:48:20.828164+00,anotador_158,1349,5,,,buenos_aires_amba,[]
2026-05-31 21:48:25.854418+00,anotador_158,5894,4,,,buenos_aires_amba,"[{""pos"":9,""source"":""hyp"",""palabra"":""pavorosa.""}]"
2026-05-31 21:48:29.307419+00,anotador_328,9999,1,,,buenos_aires_amba,"[{""pos"":1,""source"":""prem"",""palabra"":""chaval""},{""pos"":2,""source"":""prem"",""palabra"":""cogió""},{""pos"":4,""source"":""prem"",""palabra"":""móvil""},{""pos"":8,""source"":""prem"",""palabra"":""piso""}]"
2026-05-31 21:48:35.84423+00,anotador_158,2497,5,,,buenos_aires_amba,[]
2026-05-31 21:48:42.35272+00,anotador_158,2823,5,,,buenos_aires_amba,[]
2026-05-31 21:48:46.737018+00,anotador_158,7091,5,,,buenos_aires_amba,[]
2026-05-31 21:48:50.23533+00,anotador_158,4147,5,,,buenos_aires_amba,[]
2026-05-31 21:48:54.342767+00,anotador_158,6114,5,,,buenos_aires_amba,[]
2026-05-31 21:49:00.847261+00,anotador_158,3610,5,,,buenos_aires_amba,[]
2026-05-31 21:49:06.48233+00,anotador_158,4572,5,,,buenos_aires_amba,[]
2026-05-31 21:49:08.733638+00,anotador_158,5754,5,,,buenos_aires_amba,[]
2026-05-31 21:49:16.160991+00,anotador_158,7498,,,,,"[{""pos"":12,""source"":""prem"",""palabra"":""compleción.""}]"
2026-05-31 21:49:16.572425+00,anotador_158,7498,3,,,buenos_aires_amba,"[{""pos"":12,""source"":""prem"",""palabra"":""compleción.""},{""pos"":2,""source"":""prem"",""palabra"":""aseveración""}]"
2026-05-31 21:49:23.99206+00,anotador_328,3758,2,,,buenos_aires_amba,[]
2026-05-31 21:49:29.301218+00,anotador_328,3942,3,,,buenos_aires_amba,[]
2026-05-31 21:50:04.588406+00,anotador_328,3753,2,,,buenos_aires_amba,[]
2026-05-31 21:50:30.770889+00,anotador_328,7359,3,,,buenos_aires_amba,[]
2026-05-31 21:50:49.666248+00,anotador_328,1221,2,,,buenos_aires_amba,[]
2026-05-31 21:50:56.901548+00,anotador_328,6237,3,,,buenos_aires_amba,[]
2026-05-31 21:51:39.67765+00,anotador_328,5090,3,,,buenos_aires_amba,[]
2026-05-31 21:52:05.220136+00,anotador_328,3991,4,,,buenos_aires_amba,[]
2026-05-31 21:52:24.852517+00,anotador_328,4384,3,,,buenos_aires_amba,[]
2026-05-31 21:52:37.846699+00,anotador_328,7445,3,,,buenos_aires_amba,[]
2026-05-31 21:53:29.520189+00,anotador_328,2865,3,,,buenos_aires_amba,[]
2026-05-31 21:54:01.451813+00,anotador_328,5046,3,,,buenos_aires_amba,"[{""pos"":20,""source"":""prem"",""palabra"":""aeronave""}]"
2026-05-31 21:54:31.792006+00,anotador_328,6276,3,,,buenos_aires_amba,[]
2026-05-31 21:54:54.376397+00,anotador_328,3356,3,,,buenos_aires_amba,[]
2026-05-31 21:55:10.733397+00,anotador_328,7402,3,,,buenos_aires_amba,[]
2026-05-31 21:55:46.103874+00,anotador_328,3837,3,,,buenos_aires_amba,[]
2026-05-31 21:56:10.329595+00,anotador_328,2528,4,,,buenos_aires_amba,[]
2026-05-31 21:56:46.309618+00,anotador_328,4138,3,,,buenos_aires_amba,[]
2026-05-31 21:57:02.38411+00,anotador_328,6033,3,,,buenos_aires_amba,[]
2026-05-31 22:24:35.204142+00,anotador_111,9999,1,,,salta,"[{""pos"":1,""source"":""prem"",""palabra"":""chaval""},{""pos"":4,""source"":""prem"",""palabra"":""móvil""},{""pos"":11,""source"":""prem"",""palabra"":""luego""},{""pos"":1,""source"":""hyp"",""palabra"":""Kettering,""},{""pos"":3,""source"":""hyp"",""palabra"":""Wollongong""},{""pos"":4,""source"":""hyp"",""palabra"":""Bears""},{""pos"":7,""source"":""hyp"",""palabra"":""Tournament""},{""pos"":8,""source"":""hyp"",""palabra"":""of""},{""pos"":9,""source"":""hyp"",""palabra"":""Kilimsworth""},{""pos"":2,""source"":""prem"",""palabra"":""cogió""}]"
2026-05-31 22:25:55.129326+00,anotador_111,1531,2,"Para mí es neutro, podría ser argentino como no serlo",,salta,[]
2026-05-31 22:26:36.172563+00,anotador_111,2678,3,,,salta,[]
2026-05-31 22:27:02.329589+00,anotador_111,4673,4,,,salta,[]
2026-05-31 22:27:35.061559+00,anotador_111,4690,3,,,salta,[]
2026-05-31 22:27:48.488795+00,anotador_111,2284,3,,,salta,[]
2026-05-31 22:28:01.77246+00,anotador_111,6035,3,,,salta,[]
2026-05-31 22:28:18.494373+00,anotador_111,653,2,,,salta,"[{""pos"":1,""source"":""prem"",""palabra"":""níquel""}]"
2026-05-31 22:28:40.066105+00,anotador_111,4772,3,,,salta,[]
2026-05-31 22:28:56.413563+00,anotador_199,9999,1,,,buenos_aires_interior,"[{""pos"":1,""source"":""prem"",""palabra"":""chaval""},{""pos"":2,""source"":""prem"",""palabra"":""cogió""},{""pos"":4,""source"":""prem"",""palabra"":""móvil""},{""pos"":6,""source"":""prem"",""palabra"":""buscó""},{""pos"":8,""source"":""prem"",""palabra"":""piso""},{""pos"":1,""source"":""hyp"",""palabra"":""Kettering,""},{""pos"":3,""source"":""hyp"",""palabra"":""Wollongong""},{""pos"":4,""source"":""hyp"",""palabra"":""Bears""},{""pos"":7,""source"":""hyp"",""palabra"":""Tournament""},{""pos"":9,""source"":""hyp"",""palabra"":""Kilimsworth""}]"
2026-05-31 22:29:10.608502+00,anotador_111,2666,3,,,salta,[]
2026-05-31 22:29:27.863283+00,anotador_111,2331,4,,,salta,[]
2026-05-31 22:29:39.620592+00,anotador_111,7456,2,,,salta,"[{""pos"":6,""source"":""hyp"",""palabra"":""puzzle.""}]"
2026-05-31 22:29:50.504831+00,anotador_199,4848,4,"No termina de sonarme muy argentino porque siento que es viejo, habla de terminales de computadora y además es un poco formal, la palabra evocaba",,buenos_aires_interior,[]
2026-05-31 22:30:01.58379+00,anotador_111,1686,2,,,salta,[]
2026-05-31 22:30:14.352488+00,anotador_111,2951,3,,,salta,[]
2026-05-31 22:30:36.017823+00,anotador_111,4348,4,,,salta,[]
2026-05-31 22:30:49.322233+00,anotador_111,7421,1,,,salta,[]
2026-05-31 22:31:06.044449+00,anotador_111,5342,3,,,salta,[]
2026-05-31 22:31:10.171171+00,anotador_199,3480,4,,,buenos_aires_interior,[]
2026-05-31 22:31:23.226848+00,anotador_111,4361,3,,,salta,[]
2026-05-31 22:31:27.372816+00,anotador_199,5271,4,,,buenos_aires_interior,[]
2026-05-31 22:31:38.43956+00,anotador_199,6550,4,,,buenos_aires_interior,[]
2026-05-31 22:31:43.970161+00,anotador_111,1341,3,,,salta,[]
2026-05-31 22:31:44.116954+00,anotador_199,4785,2,,,buenos_aires_interior,"[{""pos"":6,""source"":""hyp"",""palabra"":""¿no""},{""pos"":7,""source"":""hyp"",""palabra"":""es""},{""pos"":8,""source"":""hyp"",""palabra"":""así?""},{""pos"":3,""source"":""prem"",""palabra"":""¿no""},{""pos"":5,""source"":""prem"",""palabra"":""así?""},{""pos"":4,""source"":""prem"",""palabra"":""es""}]"
2026-05-31 22:31:53.477856+00,anotador_111,6753,4,,,salta,[]
2026-05-31 22:31:59.702972+00,anotador_199,1695,4,,,buenos_aires_interior,[]
2026-05-31 22:32:11.657035+00,anotador_199,7298,4,,,buenos_aires_interior,[]
2026-05-31 22:32:15.083681+00,anotador_199,4390,2,,,buenos_aires_interior,"[{""pos"":0,""source"":""prem"",""palabra"":""Déjeme""},{""pos"":2,""source"":""prem"",""palabra"":""respondiéndole""},{""pos"":2,""source"":""hyp"",""palabra"":""he""},{""pos"":3,""source"":""hyp"",""palabra"":""respondido""}]"
2026-05-31 22:32:47.764605+00,anotador_199,6629,5,,,buenos_aires_interior,[]
2026-05-31 22:33:02.561604+00,anotador_199,7272,3,Es muy formal,,buenos_aires_interior,[]
2026-05-31 22:33:25.742667+00,anotador_199,3451,4,,,buenos_aires_interior,[]
2026-05-31 22:33:47.062803+00,anotador_199,1971,3,,,buenos_aires_interior,"[{""pos"":4,""source"":""prem"",""palabra"":""había""},{""pos"":5,""source"":""prem"",""palabra"":""acercado""}]"
2026-05-31 22:34:01.564548+00,anotador_199,3122,4,,,buenos_aires_interior,[]
2026-05-31 22:34:17.759991+00,anotador_199,6387,3,,,buenos_aires_interior,"[{""pos"":8,""source"":""hyp"",""palabra"":""ha""},{""pos"":9,""source"":""hyp"",""palabra"":""organizado""}]"
2026-05-31 22:34:30.889284+00,anotador_199,2392,4,,,buenos_aires_interior,[]
2026-05-31 22:34:35.943445+00,anotador_199,4896,5,,,buenos_aires_interior,[]
2026-05-31 22:34:47.986947+00,anotador_199,7175,4,,,buenos_aires_interior,"[{""pos"":2,""source"":""hyp"",""palabra"":""Time""}]"
2026-05-31 22:34:58.511267+00,anotador_199,2319,5,,,buenos_aires_interior,[]
2026-05-31 22:35:04.960982+00,anotador_199,7427,4,,,buenos_aires_interior,"[{""pos"":15,""source"":""prem"",""palabra"":""agon,""},{""pos"":2,""source"":""hyp"",""palabra"":""agon""}]"
2026-05-31 22:38:22.230012+00,anotador_063,9999,1,,,,[]
2026-05-31 22:38:25.334637+00,anotador_063,1925,1,,,,[]
2026-05-31 22:38:38.704878+00,anotador_063,6633,3,,,,[]
2026-05-31 22:39:21.093019+00,anotador_063,3730,3,Hay mezcla de trato de tu y usted,,,[]
2026-05-31 22:39:36.23224+00,anotador_063,3322,3,,,,[]
2026-05-31 22:39:45.72762+00,anotador_063,5258,5,,,,[]
2026-05-31 22:39:55.068238+00,anotador_063,2751,4,,,,[]
2026-05-31 22:42:20.350253+00,anotador_039,6196,,,,,"[{""pos"":13,""source"":""prem"",""palabra"":""autoscopes""}]"
2026-05-31 22:42:20.841052+00,anotador_039,6196,,,,,"[{""pos"":13,""source"":""prem"",""palabra"":""autoscopes""},{""pos"":7,""source"":""prem"",""palabra"":""será""}]"
2026-05-31 22:42:21.075688+00,anotador_039,6196,2,,,buenos_aires_amba,"[{""pos"":7,""source"":""prem"",""palabra"":""será""},{""pos"":13,""source"":""prem"",""palabra"":""autoscopes""},{""pos"":16,""source"":""prem"",""palabra"":""movieola""}]"
2026-05-31 22:43:55.309724+00,anotador_039,6992,2,,,buenos_aires_amba,"[{""pos"":4,""source"":""prem"",""palabra"":""Escuela""},{""pos"":13,""source"":""prem"",""palabra"":""habilidades""}]"
2026-05-31 22:44:04.329695+00,anotador_043,4440,2,,,buenos_aires_amba,"[{""pos"":8,""source"":""prem"",""palabra"":""Scholastic""},{""pos"":9,""source"":""prem"",""palabra"":""Inc.,""},{""pos"":13,""source"":""prem"",""palabra"":""impresionables""}]"
2026-05-31 22:44:56.105695+00,anotador_043,1631,5,,,buenos_aires_amba,[]
2026-05-31 22:45:16.990882+00,anotador_043,2227,5,,,buenos_aires_amba,[]
2026-05-31 22:45:23.714992+00,anotador_043,4016,5,,,buenos_aires_amba,[]
2026-05-31 22:45:39.783221+00,anotador_043,7035,2,,,buenos_aires_amba,"[{""pos"":2,""source"":""prem"",""palabra"":""Bill""},{""pos"":3,""source"":""prem"",""palabra"":""Clinton""},{""pos"":4,""source"":""prem"",""palabra"":""en""},{""pos"":6,""source"":""prem"",""palabra"":""Tabla""},{""pos"":5,""source"":""prem"",""palabra"":""la""},{""pos"":10,""source"":""prem"",""palabra"":""Slate""},{""pos"":13,""source"":""prem"",""palabra"":""Lamarque""},{""pos"":15,""source"":""prem"",""palabra"":""Reuters.""},{""pos"":11,""source"":""prem"",""palabra"":""por""},{""pos"":12,""source"":""prem"",""palabra"":""Kevin""},{""pos"":9,""source"":""hyp"",""palabra"":""incluida""},{""pos"":15,""source"":""hyp"",""palabra"":""contenido""},{""pos"":16,""source"":""hyp"",""palabra"":""de""},{""pos"":17,""source"":""hyp"",""palabra"":""Slate.""},{""pos"":14,""source"":""hyp"",""palabra"":""de""},{""pos"":13,""source"":""hyp"",""palabra"":""Tabla""}]"
2026-05-31 22:45:55.026288+00,anotador_039,4486,2,,,buenos_aires_amba,"[{""pos"":6,""source"":""prem"",""palabra"":""especulaciones""},{""pos"":8,""source"":""hyp"",""palabra"":""base""}]"
2026-05-31 22:46:17.628567+00,anotador_039,7448,2,,,buenos_aires_amba,"[{""pos"":15,""source"":""prem"",""palabra"":""requiere""},{""pos"":20,""source"":""prem"",""palabra"":""habilidades""}]"
2026-05-31 22:46:32.550541+00,anotador_043,4144,5,,,buenos_aires_amba,[]
2026-05-31 22:47:00.070358+00,anotador_043,2459,5,,,buenos_aires_amba,[]
2026-05-31 22:47:04.568912+00,anotador_039,5840,,,,buenos_aires_amba,"[{""pos"":1,""source"":""prem"",""palabra"":""aunque""},{""pos"":16,""source"":""prem"",""palabra"":""hacer""}]"
2026-05-31 22:47:06.924477+00,anotador_043,2097,3,,,buenos_aires_amba,"[{""pos"":12,""source"":""prem"",""palabra"":""Scafell""},{""pos"":13,""source"":""prem"",""palabra"":""Pike,""},{""pos"":4,""source"":""hyp"",""palabra"":""Scafell""},{""pos"":5,""source"":""hyp"",""palabra"":""Pike,""}]"
2026-05-31 22:47:28.94932+00,anotador_043,6689,3,,,buenos_aires_amba,"[{""pos"":12,""source"":""prem"",""palabra"":""Nawaf""},{""pos"":13,""source"":""prem"",""palabra"":""al""},{""pos"":14,""source"":""prem"",""palabra"":""Hazmi,""},{""pos"":15,""source"":""prem"",""palabra"":""Khalid""},{""pos"":17,""source"":""prem"",""palabra"":""Mihdhar""},{""pos"":0,""source"":""hyp"",""palabra"":""Nawaf""},{""pos"":2,""source"":""hyp"",""palabra"":""Hazmi""},{""pos"":1,""source"":""hyp"",""palabra"":""al""}]"
2026-05-31 22:47:47.729847+00,anotador_043,5608,5,,,buenos_aires_amba,[]
2026-05-31 22:47:55.500676+00,anotador_043,5401,5,,,buenos_aires_amba,[]
2026-05-31 22:48:18.520176+00,anotador_043,3859,5,,,buenos_aires_amba,[]
2026-05-31 22:48:22.640374+00,anotador_043,3742,5,,,buenos_aires_amba,[]
2026-05-31 22:48:35.382997+00,anotador_043,3461,5,,,buenos_aires_amba,[]
2026-05-31 22:48:51.664896+00,anotador_043,3476,5,,,buenos_aires_amba,[]
2026-05-31 22:49:20.619498+00,anotador_043,3351,5,,,buenos_aires_amba,[]
2026-05-31 22:49:35.213786+00,anotador_043,3540,5,,,buenos_aires_amba,[]
2026-05-31 22:49:43.258024+00,anotador_043,6836,3,,,buenos_aires_amba,"[{""pos"":19,""source"":""prem"",""palabra"":""Keepers""},{""pos"":20,""source"":""prem"",""palabra"":""of""},{""pos"":21,""source"":""prem"",""palabra"":""the""},{""pos"":22,""source"":""prem"",""palabra"":""Lore/Joseph""},{""pos"":23,""source"":""prem"",""palabra"":""Campbell,""}]"
2026-05-31 22:49:57.534664+00,anotador_043,4966,5,,,buenos_aires_amba,[]
2026-05-31 22:50:08.407121+00,anotador_043,2566,5,,,buenos_aires_amba,[]
2026-05-31 22:50:44.751222+00,anotador_043,2338,3,,,buenos_aires_amba,"[{""pos"":16,""source"":""prem"",""palabra"":""Quetico""},{""pos"":5,""source"":""hyp"",""palabra"":""Quetico.""}]"
2026-05-31 22:51:03.351+00,anotador_043,6220,5,,,buenos_aires_amba,[]
2026-05-31 22:51:15.815076+00,anotador_043,7231,5,,,buenos_aires_amba,[]
2026-05-31 22:51:20.33774+00,anotador_043,4568,5,,,buenos_aires_amba,[]
2026-05-31 22:51:31.891894+00,anotador_043,5219,5,,,buenos_aires_amba,[]
2026-05-31 22:51:35.671706+00,anotador_043,2131,2,,,buenos_aires_amba,"[{""pos"":8,""source"":""prem"",""palabra"":""Batthyany""},{""pos"":9,""source"":""prem"",""palabra"":""ter""},{""pos"":2,""source"":""hyp"",""palabra"":""calvinista""},{""pos"":3,""source"":""hyp"",""palabra"":""neogótica""},{""pos"":18,""source"":""prem"",""palabra"":""calvinista""},{""pos"":19,""source"":""prem"",""palabra"":""neogótica""}]"
2026-05-31 22:51:52.453759+00,anotador_043,662,5,,,buenos_aires_amba,[]
2026-05-31 22:52:00.810498+00,anotador_043,4391,5,,,buenos_aires_amba,[]
2026-05-31 22:52:02.974807+00,anotador_043,5255,5,,,buenos_aires_amba,[]
2026-05-31 22:52:07.743738+00,anotador_043,6772,5,,,buenos_aires_amba,[]
2026-05-31 22:52:14.014581+00,anotador_043,5378,5,,,buenos_aires_amba,[]
2026-05-31 22:52:20.536572+00,anotador_043,6156,,,,,"[{""pos"":12,""source"":""prem"",""palabra"":""James""}]"
2026-05-31 22:52:20.82913+00,anotador_043,6156,1,,,buenos_aires_amba,"[{""pos"":12,""source"":""prem"",""palabra"":""James""},{""pos"":13,""source"":""prem"",""palabra"":""Wilson""},{""pos"":14,""source"":""prem"",""palabra"":""Marshall,""},{""pos"":21,""source"":""prem"",""palabra"":""John""},{""pos"":22,""source"":""prem"",""palabra"":""Sutter""},{""pos"":26,""source"":""prem"",""palabra"":""American""},{""pos"":27,""source"":""prem"",""palabra"":""en""},{""pos"":28,""source"":""prem"",""palabra"":""Coloma,""},{""pos"":0,""source"":""hyp"",""palabra"":""James""},{""pos"":1,""source"":""hyp"",""palabra"":""Wilson""},{""pos"":2,""source"":""hyp"",""palabra"":""Marshall""}]"
2026-05-31 22:52:50.026448+00,anotador_043,1471,5,,,buenos_aires_amba,[]
2026-05-31 22:53:01.974026+00,anotador_043,3425,3,,,buenos_aires_amba,"[{""pos"":7,""source"":""prem"",""palabra"":""Casa""},{""pos"":8,""source"":""prem"",""palabra"":""Blanca""},{""pos"":6,""source"":""hyp"",""palabra"":""Casa""},{""pos"":7,""source"":""hyp"",""palabra"":""Blanca""}]"
2026-05-31 22:53:13.315579+00,anotador_043,6246,3,,,buenos_aires_amba,"[{""pos"":9,""source"":""prem"",""palabra"":""Star""},{""pos"":10,""source"":""prem"",""palabra"":""Ferry,""}]"
2026-05-31 22:53:21.240769+00,anotador_043,1577,5,,,buenos_aires_amba,[]
2026-05-31 22:53:27.334344+00,anotador_043,2611,5,,,buenos_aires_amba,[]
2026-05-31 22:53:31.034614+00,anotador_043,654,5,,,buenos_aires_amba,[]
2026-05-31 22:53:33.566076+00,anotador_043,3848,5,,,buenos_aires_amba,[]
2026-05-31 22:53:46.654226+00,anotador_043,5047,5,,,buenos_aires_amba,[]
2026-05-31 23:21:07.400512+00,anotador_338,9999,2,,,buenos_aires_amba,"[{""pos"":1,""source"":""prem"",""palabra"":""chaval""},{""pos"":11,""source"":""prem"",""palabra"":""luego""},{""pos"":7,""source"":""hyp"",""palabra"":""Tournament""},{""pos"":13,""source"":""hyp"",""palabra"":""fans.""}]"
2026-05-31 23:22:04.74289+00,anotador_338,1500,4,,,buenos_aires_amba,"[{""pos"":3,""source"":""prem"",""palabra"":""padre""}]"
2026-05-31 23:22:18.427969+00,anotador_338,1448,3,,,buenos_aires_amba,"[{""pos"":18,""source"":""prem"",""palabra"":""cónyuge?""},{""pos"":3,""source"":""prem"",""palabra"":""padre""},{""pos"":4,""source"":""hyp"",""palabra"":""progenitor""}]"
2026-05-31 23:22:44.326419+00,anotador_338,5131,4,,,buenos_aires_amba,"[{""pos"":14,""source"":""prem"",""palabra"":""acabar…""}]"
2026-05-31 23:22:46.007665+00,anotador_032,9999,1,,,buenos_aires_amba,"[{""pos"":1,""source"":""prem"",""palabra"":""chaval""},{""pos"":2,""source"":""prem"",""palabra"":""cogió""},{""pos"":4,""source"":""prem"",""palabra"":""móvil""},{""pos"":8,""source"":""prem"",""palabra"":""piso""},{""pos"":7,""source"":""hyp"",""palabra"":""Tournament""},{""pos"":8,""source"":""hyp"",""palabra"":""of""},{""pos"":9,""source"":""hyp"",""palabra"":""Kilimsworth""}]"
2026-05-31 23:22:54.411652+00,anotador_338,6494,5,,,buenos_aires_amba,[]
2026-05-31 23:22:59.306769+00,anotador_108,9999,1,,,buenos_aires_interior,[]
2026-05-31 23:23:11.414576+00,anotador_338,3964,5,,,buenos_aires_amba,[]
2026-05-31 23:23:17.590035+00,anotador_108,2285,3,,,buenos_aires_interior,[]
2026-05-31 23:23:35.224308+00,anotador_338,2682,5,,,buenos_aires_amba,[]
2026-05-31 23:23:50.255359+00,anotador_032,5027,3,,,buenos_aires_amba,[]
2026-05-31 23:23:53.63812+00,anotador_338,3569,5,,,buenos_aires_amba,[]
2026-05-31 23:24:03.82632+00,anotador_338,5542,5,,,buenos_aires_amba,[]
2026-05-31 23:24:11.461313+00,anotador_032,3349,4,,,buenos_aires_amba,[]
2026-05-31 23:24:16.717783+00,anotador_108,1713,4,,,buenos_aires_interior,[]
2026-05-31 23:24:17.256793+00,anotador_338,2789,5,,,buenos_aires_amba,[]
2026-05-31 23:24:24.058366+00,anotador_338,3422,5,,,buenos_aires_amba,[]
2026-05-31 23:24:26.532827+00,anotador_108,4547,3,,,buenos_aires_interior,[]
2026-05-31 23:24:31.869739+00,anotador_032,6635,4,,,buenos_aires_amba,[]
2026-05-31 23:24:33.831359+00,anotador_108,1224,5,,,buenos_aires_interior,[]
2026-05-31 23:24:35.164008+00,anotador_338,3338,5,,,buenos_aires_amba,[]
2026-05-31 23:24:41.849939+00,anotador_338,6206,4,,,buenos_aires_amba,"[{""pos"":15,""source"":""prem"",""palabra"":""hispano,""}]"
2026-05-31 23:24:55.070643+00,anotador_032,4035,4,,,buenos_aires_amba,[]
2026-05-31 23:24:56.346563+00,anotador_338,6746,5,,,buenos_aires_amba,[]
2026-05-31 23:25:00.518419+00,anotador_338,1263,4,,,buenos_aires_amba,"[{""pos"":6,""source"":""prem"",""palabra"":""columnatas,""}]"
2026-05-31 23:25:05.05417+00,anotador_032,2235,4,,,buenos_aires_amba,[]
2026-05-31 23:25:19.606937+00,anotador_032,3882,5,,,buenos_aires_amba,[]
2026-05-31 23:25:29.215076+00,anotador_108,4637,3,,,buenos_aires_interior,[]
2026-05-31 23:25:36.820842+00,anotador_108,6003,4,,,buenos_aires_interior,[]
2026-05-31 23:25:37.664798+00,anotador_032,3075,5,,,buenos_aires_amba,[]
2026-05-31 23:25:46.424458+00,anotador_032,7098,5,,,buenos_aires_amba,[]
2026-05-31 23:25:57.031552+00,anotador_032,3333,4,,,buenos_aires_amba,[]
2026-05-31 23:26:02.812016+00,anotador_108,2302,2,,,buenos_aires_interior,[]
2026-05-31 23:26:03.976678+00,anotador_032,4472,4,Por la formalidad del texto la veo bien pero pondria palabras argentinas mas adoc.,,buenos_aires_amba,"[{""pos"":9,""source"":""prem"",""palabra"":""espanta""}]"
2026-05-31 23:26:14.268804+00,anotador_108,2796,3,,,buenos_aires_interior,[]
2026-05-31 23:26:21.561795+00,anotador_108,1909,2,,,buenos_aires_interior,[]
2026-05-31 23:26:42.714771+00,anotador_108,6077,4,,,buenos_aires_interior,[]
2026-05-31 23:26:56.315642+00,anotador_032,5409,3,,,buenos_aires_amba,[]
2026-05-31 23:27:07.947355+00,anotador_032,6779,5,,,buenos_aires_amba,[]
2026-05-31 23:27:23.952329+00,anotador_032,6575,3,,,buenos_aires_amba,"[{""pos"":1,""source"":""hyp"",""palabra"":""maletas""},{""pos"":20,""source"":""prem"",""palabra"":""bolsas""}]"
2026-05-31 23:28:19.249093+00,anotador_108,5148,3,,,buenos_aires_interior,[]
2026-05-31 23:28:21.272487+00,anotador_032,6916,4,,,buenos_aires_amba,[]
2026-05-31 23:28:44.281719+00,anotador_032,5532,4,,,buenos_aires_amba,[]
2026-05-31 23:28:52.166549+00,anotador_108,1385,3,,,buenos_aires_interior,[]
2026-05-31 23:28:58.3322+00,anotador_338,6869,4,,,buenos_aires_amba,"[{""pos"":11,""source"":""prem"",""palabra"":""incipiente""}]"
2026-05-31 23:29:06.396307+00,anotador_032,5451,4,,,buenos_aires_amba,[]
2026-05-31 23:29:06.756053+00,anotador_338,7289,2,,,buenos_aires_amba,"[{""pos"":16,""source"":""prem"",""palabra"":""rígido""},{""pos"":18,""source"":""prem"",""palabra"":""habíamos""},{""pos"":19,""source"":""prem"",""palabra"":""bebido,""},{""pos"":25,""source"":""prem"",""palabra"":""leche""},{""pos"":27,""source"":""prem"",""palabra"":""nuestra""},{""pos"":28,""source"":""prem"",""palabra"":""madre.""},{""pos"":1,""source"":""hyp"",""palabra"":""regañadientes""}]"
2026-05-31 23:29:14.959954+00,anotador_108,1813,3,,,buenos_aires_interior,[]
2026-05-31 23:29:15.011815+00,anotador_032,2801,4,,,buenos_aires_amba,[]
2026-05-31 23:29:29.632423+00,anotador_032,4686,4,,,buenos_aires_amba,[]
2026-05-31 23:29:29.700687+00,anotador_338,3462,4,,,buenos_aires_amba,[]
2026-05-31 23:29:36.183313+00,anotador_108,6195,3,,,buenos_aires_interior,[]
2026-05-31 23:29:36.273838+00,anotador_338,6969,4,,,buenos_aires_amba,"[{""pos"":24,""source"":""prem"",""palabra"":""filantropía""}]"
2026-05-31 23:29:40.980281+00,anotador_032,7196,4,,,buenos_aires_amba,[]
2026-05-31 23:29:58.639499+00,anotador_108,2722,3,,,buenos_aires_interior,[]
2026-05-31 23:30:01.346537+00,anotador_338,2766,5,,,buenos_aires_amba,[]
2026-05-31 23:30:10.314068+00,anotador_108,2263,2,,,buenos_aires_interior,"[{""pos"":3,""source"":""hyp"",""palabra"":""pastel""},{""pos"":5,""source"":""hyp"",""palabra"":""carne""},{""pos"":4,""source"":""hyp"",""palabra"":""de""}]"
2026-05-31 23:30:29.161476+00,anotador_108,453,3,,,buenos_aires_interior,[]
2026-05-31 23:31:48.354984+00,anotador_108,6730,3,,,buenos_aires_interior,[]
2026-05-31 23:32:52.804405+00,anotador_108,4782,3,,,buenos_aires_interior,[]
2026-05-31 23:34:48.934337+00,anotador_152,9999,1,,,,"[{""pos"":1,""source"":""prem"",""palabra"":""chaval""},{""pos"":2,""source"":""prem"",""palabra"":""cogió""},{""pos"":4,""source"":""prem"",""palabra"":""móvil""},{""pos"":8,""source"":""prem"",""palabra"":""piso""},{""pos"":1,""source"":""hyp"",""palabra"":""Kettering,""},{""pos"":4,""source"":""hyp"",""palabra"":""Bears""},{""pos"":7,""source"":""hyp"",""palabra"":""Tournament""},{""pos"":9,""source"":""hyp"",""palabra"":""Kilimsworth""},{""pos"":3,""source"":""hyp"",""palabra"":""Wollongong""},{""pos"":8,""source"":""hyp"",""palabra"":""of""}]"
2026-05-31 23:35:44.680659+00,anotador_152,3504,4,,,,"[{""pos"":9,""source"":""prem"",""palabra"":""vibrantes,""}]"
2026-05-31 23:36:19.508109+00,anotador_152,5854,5,,,,[]
2026-05-31 23:37:28.220327+00,anotador_152,1792,5,,,,[]
2026-05-31 23:37:53.570895+00,anotador_152,2711,5,"No sé el contexto (tono), pero al millón de dólares se le puede decir un palo.",,,[]
2026-05-31 23:38:40.57404+00,anotador_152,3372,,,,,"[{""pos"":3,""source"":""hyp"",""palabra"":""despejadas.""}]"
2026-05-31 23:58:33.201015+00,anotador_218,9999,2,,,buenos_aires_amba,"[{""pos"":1,""source"":""prem"",""palabra"":""chaval""},{""pos"":1,""source"":""hyp"",""palabra"":""Kettering,""},{""pos"":2,""source"":""prem"",""palabra"":""cogió""},{""pos"":3,""source"":""hyp"",""palabra"":""Wollongong""},{""pos"":4,""source"":""hyp"",""palabra"":""Bears""},{""pos"":7,""source"":""hyp"",""palabra"":""Tournament""},{""pos"":9,""source"":""hyp"",""palabra"":""Kilimsworth""}]"
2026-05-31 23:59:23.252059+00,anotador_218,6687,4,,,buenos_aires_amba,[]
2026-05-31 23:59:40.950843+00,anotador_218,5036,5,,,buenos_aires_amba,[]
2026-06-01 00:00:04.64694+00,anotador_218,5039,5,,,buenos_aires_amba,[]
2026-06-01 00:00:24.510125+00,anotador_218,2591,5,,,buenos_aires_amba,[]
2026-06-01 00:00:35.445257+00,anotador_211,9999,1,,,buenos_aires_amba,"[{""pos"":1,""source"":""prem"",""palabra"":""chaval""},{""pos"":2,""source"":""prem"",""palabra"":""cogió""}]"
2026-06-01 00:00:42.024973+00,anotador_218,4127,5,,,buenos_aires_amba,[]
2026-06-01 00:01:05.385243+00,anotador_218,3691,3,,,buenos_aires_amba,[]
2026-06-01 00:01:12.035576+00,anotador_218,7392,5,,,buenos_aires_amba,[]
2026-06-01 00:01:27.503039+00,anotador_218,7092,3,,,buenos_aires_amba,"[{""pos"":3,""source"":""hyp"",""palabra"":""mascar""}]"
2026-06-01 00:01:33.27567+00,anotador_211,6994,3,,,buenos_aires_amba,[]
2026-06-01 00:01:42.33424+00,anotador_218,4421,5,,,buenos_aires_amba,[]
2026-06-01 00:01:52.203854+00,anotador_211,3348,4,,,buenos_aires_amba,[]
2026-06-01 00:02:01.885076+00,anotador_218,3894,3,,,buenos_aires_amba,"[{""pos"":21,""source"":""prem"",""palabra"":""estatales""},{""pos"":3,""source"":""hyp"",""palabra"":""estatales""}]"
2026-06-01 00:02:07.424285+00,anotador_211,6701,4,,,buenos_aires_amba,[]
2026-06-01 00:02:12.007432+00,anotador_218,2150,5,,,buenos_aires_amba,[]
2026-06-01 00:02:26.651582+00,anotador_211,4707,4,,,buenos_aires_amba,[]
2026-06-01 00:02:31.952762+00,anotador_218,4331,4,,,buenos_aires_amba,"[{""pos"":34,""source"":""prem"",""palabra"":""preempaquetado.""}]"
2026-06-01 00:02:57.005986+00,anotador_218,2776,5,,,buenos_aires_amba,[]
2026-06-01 00:03:03.127429+00,anotador_218,1295,4,,,buenos_aires_amba,"[{""pos"":3,""source"":""prem"",""palabra"":""claustro,""}]"
2026-06-01 00:03:05.010372+00,anotador_211,184,4,,,buenos_aires_amba,"[{""pos"":13,""source"":""prem"",""palabra"":""bueno,""}]"
2026-06-01 00:03:20.292404+00,anotador_211,1507,2,,,buenos_aires_amba,"[{""pos"":8,""source"":""prem"",""palabra"":""pensamientos""},{""pos"":9,""source"":""prem"",""palabra"":""descontentos.""},{""pos"":6,""source"":""hyp"",""palabra"":""detuvieron""},{""pos"":8,""source"":""hyp"",""palabra"":""causa""}]"
2026-06-01 00:03:23.949285+00,anotador_218,3118,5,,,buenos_aires_amba,[]
2026-06-01 00:03:32.251144+00,anotador_218,4297,5,,,buenos_aires_amba,[]
2026-06-01 00:03:39.046143+00,anotador_211,7242,3,,,buenos_aires_amba,"[{""pos"":6,""source"":""prem"",""palabra"":""crispadas""},{""pos"":13,""source"":""prem"",""palabra"":""pujó""}]"
2026-06-01 00:03:42.990249+00,anotador_218,2599,3,,,buenos_aires_amba,"[{""pos"":5,""source"":""hyp"",""palabra"":""folleto.""}]"
2026-06-01 00:03:45.31596+00,anotador_218,2600,3,,,buenos_aires_amba,[]
2026-06-01 00:03:56.56367+00,anotador_211,3126,4,,,buenos_aires_amba,"[{""pos"":13,""source"":""prem"",""palabra"":""rutinaria,""}]"
2026-06-01 00:03:57.222206+00,anotador_218,2380,5,,,buenos_aires_amba,[]
2026-06-01 00:04:22.739985+00,anotador_211,1312,4,,,buenos_aires_amba,"[{""pos"":23,""source"":""prem"",""palabra"":""pies.""}]"
2026-06-01 00:04:41.111527+00,anotador_211,6758,4,,,buenos_aires_amba,[]
2026-06-01 00:04:47.852853+00,anotador_211,5246,4,,,buenos_aires_amba,[]
2026-06-01 00:04:57.357406+00,anotador_211,7066,3,,,buenos_aires_amba,"[{""pos"":7,""source"":""prem"",""palabra"":""claro""},{""pos"":8,""source"":""prem"",""palabra"":""del""},{""pos"":9,""source"":""prem"",""palabra"":""lado""},{""pos"":10,""source"":""prem"",""palabra"":""de""},{""pos"":11,""source"":""prem"",""palabra"":""quién""},{""pos"":12,""source"":""prem"",""palabra"":""estás.""}]"
2026-06-01 00:05:12.049585+00,anotador_211,5479,4,,,buenos_aires_amba,"[{""pos"":8,""source"":""prem"",""palabra"":""mía,""}]"
2026-06-01 00:05:31.370093+00,anotador_211,5696,3,,,buenos_aires_amba,"[{""pos"":8,""source"":""prem"",""palabra"":""profundo""}]"
2026-06-01 00:05:36.403424+00,anotador_224,9999,2,,,buenos_aires_amba,"[{""pos"":1,""source"":""prem"",""palabra"":""chaval""},{""pos"":2,""source"":""prem"",""palabra"":""cogió""},{""pos"":4,""source"":""prem"",""palabra"":""móvil""},{""pos"":1,""source"":""hyp"",""palabra"":""Kettering,""},{""pos"":7,""source"":""hyp"",""palabra"":""Tournament""},{""pos"":8,""source"":""hyp"",""palabra"":""of""},{""pos"":9,""source"":""hyp"",""palabra"":""Kilimsworth""}]"
2026-06-01 00:05:46.971075+00,anotador_211,3990,3,,,buenos_aires_amba,"[{""pos"":2,""source"":""prem"",""palabra"":""dá""},{""pos"":8,""source"":""prem"",""palabra"":""dándote""}]"
2026-06-01 00:06:03.546264+00,anotador_211,4166,3,,,buenos_aires_amba,[]
2026-06-01 00:06:12.75653+00,anotador_211,4580,3,,,buenos_aires_amba,[]
2026-06-01 00:06:21.373771+00,anotador_211,3620,3,,,buenos_aires_amba,[]
2026-06-01 00:06:32.686565+00,anotador_211,2130,4,,,buenos_aires_amba,"[{""pos"":14,""source"":""prem"",""palabra"":""exterior""}]"
2026-06-01 00:07:16.207799+00,anotador_224,6434,4,No lo creo ,,buenos_aires_amba,[]
2026-06-01 00:07:27.114075+00,anotador_224,1768,4,,,buenos_aires_amba,[]
2026-06-01 00:07:41.786796+00,anotador_224,2383,4,,,buenos_aires_amba,[]
2026-06-01 00:07:56.943396+00,anotador_224,6851,5,,,buenos_aires_amba,[]
2026-06-01 00:08:12.448322+00,anotador_224,2209,4,,,buenos_aires_amba,[]
2026-06-01 00:08:34.902973+00,anotador_224,5984,3,,,buenos_aires_amba,[]
2026-06-01 00:08:43.141946+00,anotador_224,1711,4,,,buenos_aires_amba,[]
2026-06-01 00:09:47.708461+00,anotador_224,7352,3,,,buenos_aires_amba,[]
2026-06-01 00:09:59.166565+00,anotador_224,2325,2,,,buenos_aires_amba,"[{""pos"":13,""source"":""prem"",""palabra"":""inanición.""},{""pos"":2,""source"":""prem"",""palabra"":""Depresión,""}]"
2026-06-01 00:10:53.298581+00,anotador_224,4947,3,Hay errores de coherencia. ,,buenos_aires_amba,[]
2026-06-01 00:11:13.345234+00,anotador_224,2944,2,,,buenos_aires_amba,"[{""pos"":0,""source"":""hyp"",""palabra"":""Libertad""}]"
2026-06-01 00:11:34.07858+00,anotador_224,5129,3,,,buenos_aires_amba,"[{""pos"":28,""source"":""prem"",""palabra"":""pronto.""}]"
2026-06-01 00:11:45.632376+00,anotador_224,1497,3,,,buenos_aires_amba,"[{""pos"":5,""source"":""prem"",""palabra"":""se""},{""pos"":6,""source"":""prem"",""palabra"":""ha""},{""pos"":7,""source"":""prem"",""palabra"":""vuelto""},{""pos"":3,""source"":""hyp"",""palabra"":""evolucionado""},{""pos"":2,""source"":""hyp"",""palabra"":""han""}]"
2026-06-01 00:12:13.46422+00,anotador_224,4247,4,,,buenos_aires_amba,[]
2026-06-01 00:12:22.739818+00,anotador_224,2003,3,,,buenos_aires_amba,"[{""pos"":1,""source"":""hyp"",""palabra"":""se""},{""pos"":2,""source"":""hyp"",""palabra"":""adelantó""}]"
2026-06-01 00:12:39.757359+00,anotador_224,2495,3,,,buenos_aires_amba,"[{""pos"":3,""source"":""prem"",""palabra"":""magníficamente""},{""pos"":15,""source"":""prem"",""palabra"":""menudo""},{""pos"":14,""source"":""prem"",""palabra"":""a""}]"
2026-06-01 00:13:19.576985+00,anotador_224,4762,3,,,buenos_aires_amba,[]
2026-06-01 00:13:30.068507+00,anotador_224,4344,4,,,buenos_aires_amba,[]
2026-06-01 00:13:49.771265+00,anotador_224,2807,4,,,buenos_aires_amba,[]
2026-06-01 00:17:49.868156+00,anotador_130,9999,1,,,buenos_aires_amba,[]
2026-06-01 00:18:07.525218+00,anotador_130,7210,2,,,buenos_aires_amba,[]
2026-06-01 00:18:21.483841+00,anotador_130,3265,3,,,buenos_aires_amba,[]
2026-06-01 00:18:36.90798+00,anotador_130,500,3,,,buenos_aires_amba,[]
2026-06-01 00:18:51.875864+00,anotador_130,4070,4,,,buenos_aires_amba,[]
2026-06-01 00:19:09.803266+00,anotador_130,4585,3,,,buenos_aires_amba,[]
2026-06-01 00:19:19.456438+00,anotador_130,5011,3,,,buenos_aires_amba,[]
2026-06-01 00:19:50.058752+00,anotador_130,6451,4,,,buenos_aires_amba,[]
2026-06-01 00:19:59.576487+00,anotador_130,6034,3,,,buenos_aires_amba,[]
2026-06-01 00:20:12.261895+00,anotador_130,623,3,,,buenos_aires_amba,[]
2026-06-01 00:20:21.567602+00,anotador_130,3145,3,,,buenos_aires_amba,[]
2026-06-01 00:21:16.231985+00,anotador_130,2765,3,,,buenos_aires_amba,[]
2026-06-01 00:21:31.546746+00,anotador_130,5610,3,,,buenos_aires_amba,[]
2026-06-01 00:21:41.148578+00,anotador_130,4806,3,,,buenos_aires_amba,[]
2026-06-01 00:21:50.665099+00,anotador_130,7491,2,,,buenos_aires_amba,[]
2026-06-01 00:21:54.410628+00,anotador_130,3628,4,,,buenos_aires_amba,[]
2026-06-01 00:22:00.817623+00,anotador_130,6366,3,,,buenos_aires_amba,[]
2026-06-01 00:22:10.692377+00,anotador_130,3546,3,,,buenos_aires_amba,[]
2026-06-01 00:22:17.538862+00,anotador_130,3402,3,,,buenos_aires_amba,[]
2026-06-01 00:22:26.341125+00,anotador_130,6820,4,,,buenos_aires_amba,[]
2026-06-01 00:26:10.086735+00,anotador_012,9999,1,,,buenos_aires_amba,"[{""pos"":1,""source"":""prem"",""palabra"":""chaval""},{""pos"":2,""source"":""prem"",""palabra"":""cogió""},{""pos"":4,""source"":""prem"",""palabra"":""móvil""},{""pos"":8,""source"":""prem"",""palabra"":""piso""},{""pos"":7,""source"":""hyp"",""palabra"":""Tournament""},{""pos"":1,""source"":""hyp"",""palabra"":""Kettering,""},{""pos"":3,""source"":""hyp"",""palabra"":""Wollongong""},{""pos"":4,""source"":""hyp"",""palabra"":""Bears""},{""pos"":8,""source"":""hyp"",""palabra"":""of""},{""pos"":9,""source"":""hyp"",""palabra"":""Kilimsworth""}]"
2026-06-01 00:27:27.681828+00,anotador_012,271,5,,,buenos_aires_amba,[]
2026-06-01 00:27:40.890879+00,anotador_012,3076,3,,,buenos_aires_amba,"[{""pos"":3,""source"":""prem"",""palabra"":""PAPD""},{""pos"":13,""source"":""prem"",""palabra"":""ESU""},{""pos"":15,""source"":""prem"",""palabra"":""PAPD.""},{""pos"":6,""source"":""hyp"",""palabra"":""libras""}]"
2026-06-01 00:28:17.649037+00,anotador_012,5900,4,,,buenos_aires_amba,"[{""pos"":2,""source"":""prem"",""palabra"":""rabillo""}]"
2026-06-01 00:28:51.582258+00,anotador_012,1921,5,,,buenos_aires_amba,[]
2026-06-01 00:29:07.531148+00,anotador_012,7441,4,,,buenos_aires_amba,"[{""pos"":5,""source"":""prem"",""palabra"":""King""},{""pos"":6,""source"":""prem"",""palabra"":""James""},{""pos"":2,""source"":""hyp"",""palabra"":""King""},{""pos"":3,""source"":""hyp"",""palabra"":""James""}]"
2026-06-01 00:30:36.347651+00,anotador_012,1831,4,"Es contradictorio el texto
Hay discordancias",,buenos_aires_amba,[]
2026-06-01 00:30:44.122724+00,anotador_012,3025,4,,,buenos_aires_amba,"[{""pos"":2,""source"":""prem"",""palabra"":""Moussaoui,""},{""pos"":12,""source"":""prem"",""palabra"":""KSM""},{""pos"":23,""source"":""prem"",""palabra"":""Abderraouf""},{""pos"":24,""source"":""prem"",""palabra"":""Jdey,""}]"
2026-06-01 00:31:27.943994+00,anotador_012,2015,5,,,buenos_aires_amba,[]
2026-06-01 00:31:39.455973+00,anotador_012,2955,5,,,buenos_aires_amba,[]
2026-06-01 00:31:45.271638+00,anotador_012,2613,5,,,buenos_aires_amba,"[{""pos"":5,""source"":""prem"",""palabra"":""CIO""},{""pos"":3,""source"":""hyp"",""palabra"":""CIO""}]"
2026-06-01 00:31:57.395511+00,anotador_012,7108,5,,,buenos_aires_amba,[]
2026-06-01 00:32:18.331132+00,anotador_012,6833,5,,,buenos_aires_amba,[]
2026-06-01 00:32:31.866817+00,anotador_012,1895,4,,,buenos_aires_amba,"[{""pos"":10,""source"":""hyp"",""palabra"":""fibras""}]"
2026-06-01 00:32:40.917409+00,anotador_012,3770,5,,,buenos_aires_amba,[]
2026-06-01 00:32:49.920869+00,anotador_012,1043,5,,,buenos_aires_amba,[]
2026-06-01 00:33:02.403825+00,anotador_012,1732,5,,,buenos_aires_amba,[]
2026-06-01 00:33:15.43348+00,anotador_012,985,5,,,buenos_aires_amba,[]
2026-06-01 00:33:23.797452+00,anotador_012,3829,5,,,buenos_aires_amba,[]
2026-06-01 00:33:38.881145+00,anotador_012,5775,5,,,buenos_aires_amba,[]
2026-06-01 00:34:45.110153+00,anotador_058,9999,,,,,"[{""pos"":1,""source"":""prem"",""palabra"":""chaval""},{""pos"":2,""source"":""prem"",""palabra"":""cogió""},{""pos"":4,""source"":""prem"",""palabra"":""móvil""},{""pos"":8,""source"":""prem"",""palabra"":""piso""},{""pos"":7,""source"":""prem"",""palabra"":""el""},{""pos"":1,""source"":""hyp"",""palabra"":""Kettering,""},{""pos"":3,""source"":""hyp"",""palabra"":""Wollongong""},{""pos"":4,""source"":""hyp"",""palabra"":""Bears""}]"
2026-06-01 00:39:50.798019+00,anotador_006,9999,2,,,salta,"[{""pos"":1,""source"":""prem"",""palabra"":""chaval""},{""pos"":2,""source"":""prem"",""palabra"":""cogió""},{""pos"":4,""source"":""prem"",""palabra"":""móvil""},{""pos"":8,""source"":""prem"",""palabra"":""piso""}]"
2026-06-01 00:40:22.161997+00,anotador_006,3790,3,,,salta,[]
2026-06-01 00:40:35.777827+00,anotador_006,3637,4,,,salta,[]
2026-06-01 00:40:52.22299+00,anotador_006,5888,3,,,salta,[]
2026-06-01 00:41:03.277763+00,anotador_006,3922,5,,,salta,[]
2026-06-01 00:41:12.747632+00,anotador_006,2968,5,,,salta,[]
2026-06-01 00:41:18.957273+00,anotador_006,6272,4,,,salta,[]
2026-06-01 00:41:37.888907+00,anotador_006,2651,4,,,salta,[]
2026-06-01 00:41:49.606678+00,anotador_006,2720,5,,,salta,[]
2026-06-01 00:42:05.187061+00,anotador_006,5871,3,,,salta,[]
2026-06-01 00:42:14.612408+00,anotador_006,6990,5,,,salta,[]
2026-06-01 00:42:25.122512+00,anotador_006,4056,3,,,salta,"[{""pos"":11,""source"":""hyp"",""palabra"":""sitios.""}]"
2026-06-01 00:42:34.616771+00,anotador_006,1941,4,,,salta,[]
2026-06-01 00:42:39.574945+00,anotador_006,6500,2,,,salta,"[{""pos"":2,""source"":""prem"",""palabra"":""calificación""},{""pos"":11,""source"":""hyp"",""palabra"":""calificación""},{""pos"":12,""source"":""hyp"",""palabra"":""de""},{""pos"":13,""source"":""hyp"",""palabra"":""falla.""}]"
2026-06-01 00:42:59.652103+00,anotador_006,6808,3,,,salta,[]
2026-06-01 00:43:12.694935+00,anotador_006,5511,5,,,salta,[]
2026-06-01 00:43:20.260493+00,anotador_006,2738,5,,,salta,[]
2026-06-01 00:43:30.605436+00,anotador_006,2835,5,,,salta,[]
2026-06-01 00:43:49.46576+00,anotador_006,2694,3,,,salta,[]
2026-06-01 00:43:57.72954+00,anotador_006,451,3,,,salta,[]
2026-06-01 00:44:21.363916+00,anotador_203,9999,1,,,,[]
2026-06-01 00:44:26.554452+00,anotador_203,6863,5,,,,[]
2026-06-01 00:44:35.547207+00,anotador_203,1461,4,,,,[]
2026-06-01 00:45:50.051877+00,anotador_203,6920,4,,,,[]
2026-06-01 00:45:58.014007+00,anotador_203,613,5,,,,[]
2026-06-01 00:46:07.090668+00,anotador_203,3665,3,,,,"[{""pos"":8,""source"":""hyp"",""palabra"":""para""}]"
2026-06-01 00:46:15.777771+00,anotador_203,3512,5,,,,[]
2026-06-01 00:46:21.555131+00,anotador_203,2223,5,,,,[]
2026-06-01 00:46:25.321791+00,anotador_203,4633,5,,,,[]
2026-06-01 00:46:29.857543+00,anotador_203,7212,3,,,,[]
2026-06-01 00:46:56.718904+00,anotador_203,4530,3,,,,[]
2026-06-01 00:47:14.515045+00,anotador_203,5266,5,,,,[]
2026-06-01 00:48:16.945748+00,anotador_120,9999,1,,,buenos_aires_amba,"[{""pos"":1,""source"":""prem"",""palabra"":""chaval""},{""pos"":4,""source"":""prem"",""palabra"":""móvil""},{""pos"":2,""source"":""prem"",""palabra"":""cogió""},{""pos"":8,""source"":""prem"",""palabra"":""piso""},{""pos"":10,""source"":""prem"",""palabra"":""internet,""},{""pos"":1,""source"":""hyp"",""palabra"":""Kettering,""},{""pos"":7,""source"":""hyp"",""palabra"":""Tournament""}]"
2026-06-01 00:49:07.472885+00,anotador_120,3776,3,,,buenos_aires_amba,"[{""pos"":2,""source"":""prem"",""palabra"":""enorgullecería""}]"
2026-06-01 00:49:39.408259+00,anotador_120,4430,3,,,buenos_aires_amba,"[{""pos"":7,""source"":""prem"",""palabra"":""Kooning""},{""pos"":16,""source"":""prem"",""palabra"":""canales.""}]"
2026-06-01 00:49:58.899707+00,anotador_120,6207,5,,,buenos_aires_amba,[]
2026-06-01 00:50:09.674888+00,anotador_120,5086,4,,,buenos_aires_amba,[]
2026-06-01 00:50:19.464908+00,anotador_120,6386,4,,,buenos_aires_amba,[]
2026-06-01 00:50:38.192065+00,anotador_120,5950,3,,,buenos_aires_amba,"[{""pos"":33,""source"":""prem"",""palabra"":""camarotes""},{""pos"":10,""source"":""prem"",""palabra"":""pulgar""},{""pos"":8,""source"":""prem"",""palabra"":""Sacudió""}]"
2026-06-01 00:51:16.276894+00,anotador_120,3080,4,,,buenos_aires_amba,[]
2026-06-01 00:51:21.346737+00,anotador_120,5310,5,,,buenos_aires_amba,[]
2026-06-01 00:51:36.112111+00,anotador_120,3243,4,,,buenos_aires_amba,[]
2026-06-01 00:51:43.058853+00,anotador_120,6781,4,,,buenos_aires_amba,"[{""pos"":7,""source"":""prem"",""palabra"":""ánimo""},{""pos"":18,""source"":""prem"",""palabra"":""y""}]"
2026-06-01 00:52:11.518807+00,anotador_120,2460,,,,,"[{""pos"":10,""source"":""prem"",""palabra"":""isla""}]"
2026-06-01 00:52:12.080549+00,anotador_120,2460,4,,,buenos_aires_amba,"[{""pos"":10,""source"":""prem"",""palabra"":""isla""},{""pos"":9,""source"":""prem"",""palabra"":""chica""}]"
2026-06-01 00:52:30.783411+00,anotador_120,2205,3,,,buenos_aires_amba,"[{""pos"":1,""source"":""prem"",""palabra"":""escandaloso""},{""pos"":4,""source"":""prem"",""palabra"":""conservador,""}]"
2026-06-01 00:52:49.208+00,anotador_120,5474,4,,,buenos_aires_amba,"[{""pos"":4,""source"":""prem"",""palabra"":""cónyuge""}]"
2026-06-01 00:53:15.316323+00,anotador_120,6198,2,,,buenos_aires_amba,[]
2026-06-01 00:53:30.541674+00,anotador_120,6470,3,,,buenos_aires_amba,[]
2026-06-01 00:53:42.201597+00,anotador_120,5980,3,,,buenos_aires_amba,"[{""pos"":13,""source"":""prem"",""palabra"":""ajetreo""}]"
2026-06-01 00:54:26.986917+00,anotador_120,7360,4,,,buenos_aires_amba,[]
2026-06-01 00:55:02.427754+00,anotador_120,3378,5,,,buenos_aires_amba,[]
2026-06-01 00:55:32.702902+00,anotador_120,5612,3,,,buenos_aires_amba,[]
2026-06-01 03:05:48.617613+00,anotador_299,9999,1,,,buenos_aires_amba,"[{""pos"":1,""source"":""prem"",""palabra"":""chaval""},{""pos"":2,""source"":""prem"",""palabra"":""cogió""},{""pos"":4,""source"":""prem"",""palabra"":""móvil""},{""pos"":8,""source"":""prem"",""palabra"":""piso""},{""pos"":7,""source"":""hyp"",""palabra"":""Tournament""},{""pos"":8,""source"":""hyp"",""palabra"":""of""},{""pos"":9,""source"":""hyp"",""palabra"":""Kilimsworth""}]"
2026-06-01 03:06:32.052782+00,anotador_299,2051,3,menos formal,,buenos_aires_amba,[]
2026-06-01 03:06:45.999603+00,anotador_299,2225,2,,,buenos_aires_amba,"[{""pos"":0,""source"":""prem"",""palabra"":""Observe""},{""pos"":4,""source"":""prem"",""palabra"":""trampantojo""},{""pos"":7,""source"":""hyp"",""palabra"":""harén.""}]"
2026-06-01 03:07:07.911185+00,anotador_299,203,5,,,buenos_aires_amba,[]
2026-06-01 03:07:16.052139+00,anotador_299,4502,4,,,buenos_aires_amba,[]
2026-06-01 03:07:22.051092+00,anotador_299,2875,4,,,buenos_aires_amba,[]
2026-06-01 03:07:31.599758+00,anotador_299,635,4,,,buenos_aires_amba,[]
2026-06-01 03:07:39.952337+00,anotador_299,6017,4,,,buenos_aires_amba,[]
2026-06-01 03:07:46.84203+00,anotador_299,5726,4,,,buenos_aires_amba,"[{""pos"":23,""source"":""prem"",""palabra"":""comentaré""}]"
2026-06-01 03:07:56.954984+00,anotador_299,5990,4,,,buenos_aires_amba,[]
2026-06-01 03:08:02.131371+00,anotador_299,6567,4,,,buenos_aires_amba,[]
2026-06-01 03:08:08.981811+00,anotador_299,4850,4,,,buenos_aires_amba,[]
2026-06-01 03:08:17.395465+00,anotador_299,953,4,,,buenos_aires_amba,[]
2026-06-01 03:08:26.234465+00,anotador_299,5594,5,,,buenos_aires_amba,[]
2026-06-01 03:08:47.575214+00,anotador_299,5906,3,,,buenos_aires_amba,"[{""pos"":7,""source"":""prem"",""palabra"":""asunto.""}]"
2026-06-01 03:08:57.407523+00,anotador_299,7182,4,,,buenos_aires_amba,[]
2026-06-01 03:09:35.808826+00,anotador_299,5995,2,,,buenos_aires_amba,"[{""pos"":7,""source"":""hyp"",""palabra"":""asunto.""},{""pos"":1,""source"":""hyp"",""palabra"":""alineé""}]"
2026-06-01 03:09:50.7199+00,anotador_299,1371,3,,,buenos_aires_amba,[]
2026-06-01 03:09:59.883156+00,anotador_299,2311,4,,,buenos_aires_amba,[]
2026-06-01 03:10:04.429321+00,anotador_299,3956,5,,,buenos_aires_amba,[]
2026-06-01 07:51:52.464982+00,anotador_331,9999,1,,,buenos_aires_amba,"[{""pos"":1,""source"":""prem"",""palabra"":""chaval""},{""pos"":2,""source"":""prem"",""palabra"":""cogió""},{""pos"":4,""source"":""prem"",""palabra"":""móvil""},{""pos"":8,""source"":""prem"",""palabra"":""piso""},{""pos"":1,""source"":""hyp"",""palabra"":""Kettering,""},{""pos"":3,""source"":""hyp"",""palabra"":""Wollongong""},{""pos"":4,""source"":""hyp"",""palabra"":""Bears""},{""pos"":7,""source"":""hyp"",""palabra"":""Tournament""},{""pos"":8,""source"":""hyp"",""palabra"":""of""},{""pos"":9,""source"":""hyp"",""palabra"":""Kilimsworth""},{""pos"":13,""source"":""hyp"",""palabra"":""fans.""}]"
2026-06-01 07:53:03.226726+00,anotador_331,6343,3,,,buenos_aires_amba,"[{""pos"":28,""source"":""prem"",""palabra"":""sido""},{""pos"":27,""source"":""prem"",""palabra"":""ha""}]"
2026-06-01 07:53:28.060495+00,anotador_331,5262,5,,,buenos_aires_amba,[]
2026-06-01 07:53:55.31912+00,anotador_331,2697,4,,,buenos_aires_amba,[]
2026-06-01 07:54:10.05818+00,anotador_331,6107,2,,,buenos_aires_amba,"[{""pos"":34,""source"":""prem"",""palabra"":""hacienda.""},{""pos"":10,""source"":""hyp"",""palabra"":""hacienda.""}]"
2026-06-01 07:54:34.009185+00,anotador_331,1538,2,,,buenos_aires_amba,[]
2026-06-01 07:54:47.744697+00,anotador_331,3062,1,,,buenos_aires_amba,"[{""pos"":10,""source"":""prem"",""palabra"":""World""},{""pos"":11,""source"":""prem"",""palabra"":""Trade""},{""pos"":12,""source"":""prem"",""palabra"":""Center,""},{""pos"":13,""source"":""prem"",""palabra"":""Pentagon""},{""pos"":16,""source"":""prem"",""palabra"":""condado""},{""pos"":17,""source"":""prem"",""palabra"":""de""},{""pos"":18,""source"":""prem"",""palabra"":""Somerset,""},{""pos"":19,""source"":""prem"",""palabra"":""Pennsylvania,""},{""pos"":8,""source"":""hyp"",""palabra"":""World""},{""pos"":4,""source"":""hyp"",""palabra"":""para""},{""pos"":10,""source"":""hyp"",""palabra"":""Center.""}]"
2026-06-01 07:55:45.809098+00,anotador_331,3319,,,,,"[{""pos"":3,""source"":""hyp"",""palabra"":""había""}]"
2026-06-01 07:55:46.571047+00,anotador_331,3319,2,,,buenos_aires_amba,"[{""pos"":3,""source"":""hyp"",""palabra"":""había""},{""pos"":4,""source"":""hyp"",""palabra"":""oído""},{""pos"":5,""source"":""hyp"",""palabra"":""hablar""}]"
2026-06-01 07:56:21.583861+00,anotador_331,3042,3,,,buenos_aires_amba,[]
2026-06-01 07:56:30.586897+00,anotador_331,3485,1,,,buenos_aires_amba,"[{""pos"":5,""source"":""prem"",""palabra"":""Binalshibh""},{""pos"":16,""source"":""prem"",""palabra"":""Moussaoui""},{""pos"":22,""source"":""prem"",""palabra"":""Jarrah.""},{""pos"":4,""source"":""hyp"",""palabra"":""Binalshibh""}]"
2026-06-01 07:56:54.68295+00,anotador_331,222,1,,,buenos_aires_amba,"[{""pos"":11,""source"":""prem"",""palabra"":""Kaiser,""},{""pos"":22,""source"":""prem"",""palabra"":""Andrews""},{""pos"":23,""source"":""prem"",""palabra"":""Air""},{""pos"":24,""source"":""prem"",""palabra"":""Force""},{""pos"":26,""source"":""prem"",""palabra"":""Washington.""}]"
2026-06-01 07:57:24.394654+00,anotador_331,7240,2,,,buenos_aires_amba,"[{""pos"":3,""source"":""hyp"",""palabra"":""ha""},{""pos"":4,""source"":""hyp"",""palabra"":""ahorrado""}]"
2026-06-01 07:57:46.203822+00,anotador_331,3151,4,,,buenos_aires_amba,[]
2026-06-01 07:57:57.098041+00,anotador_331,2339,2,,,buenos_aires_amba,"[{""pos"":4,""source"":""hyp"",""palabra"":""cauces""},{""pos"":6,""source"":""hyp"",""palabra"":""Quetico.""},{""pos"":16,""source"":""prem"",""palabra"":""Quetico""}]"
2026-06-01 07:58:23.355148+00,anotador_331,2191,5,,,buenos_aires_amba,[]
2026-06-01 07:58:28.948377+00,anotador_331,5419,5,,,buenos_aires_amba,[]
2026-06-01 07:58:35.07496+00,anotador_331,1202,2,,,buenos_aires_amba,"[{""pos"":5,""source"":""prem"",""palabra"":""Booleana""},{""pos"":8,""source"":""hyp"",""palabra"":""booleana.""},{""pos"":1,""source"":""hyp"",""palabra"":""conserje""}]"
2026-06-01 07:59:06.721135+00,anotador_331,5366,5,,,buenos_aires_amba,[]
2026-06-01 07:59:16.628562+00,anotador_331,6460,4,,,buenos_aires_amba,"[{""pos"":16,""source"":""prem"",""palabra"":""USPS.""},{""pos"":4,""source"":""hyp"",""palabra"":""USPS""}]"
2026-06-01 07:59:36.139138+00,anotador_331,4920,5,,,buenos_aires_amba,[]
2026-06-01 09:59:32.244744+00,anotador_261,5553,4,,,buenos_aires_amba,[]
2026-06-01 10:03:13.31612+00,anotador_261,7012,3,,,buenos_aires_amba,"[{""pos"":10,""source"":""prem"",""palabra"":""Milosevics""},{""pos"":2,""source"":""hyp"",""palabra"":""Milosevics""}]"
2026-06-01 10:03:41.696804+00,anotador_261,634,3,,,buenos_aires_amba,"[{""pos"":3,""source"":""hyp"",""palabra"":""cubrió""}]"
2026-06-01 10:37:08.240352+00,anotador_261,1677,5,,,buenos_aires_amba,[]
2026-06-01 10:37:16.439971+00,anotador_261,2990,4,,,buenos_aires_amba,"[{""pos"":4,""source"":""prem"",""palabra"":""23Financial""},{""pos"":0,""source"":""hyp"",""palabra"":""23Financial""}]"
2026-06-01 10:38:57.69927+00,anotador_261,5113,5,,,buenos_aires_amba,[]
2026-06-01 13:06:11.445333+00,anotador_041,9999,3,,,santa_cruz,"[{""pos"":1,""source"":""prem"",""palabra"":""chaval""},{""pos"":7,""source"":""hyp"",""palabra"":""Tournament""}]"
2026-06-01 13:06:53.590481+00,anotador_041,1953,5,,,santa_cruz,[]
2026-06-01 13:07:12.358055+00,anotador_041,2480,5,,,santa_cruz,[]
2026-06-01 13:07:25.405501+00,anotador_041,4441,2,,,santa_cruz,[]
2026-06-01 13:07:43.015345+00,anotador_041,4729,2,,,santa_cruz,[]
2026-06-01 13:07:54.490406+00,anotador_041,6040,3,,,santa_cruz,[]
2026-06-01 13:08:04.33903+00,anotador_041,4171,4,,,santa_cruz,[]
2026-06-01 13:08:12.87261+00,anotador_041,2314,3,,,santa_cruz,[]
2026-06-01 13:08:41.277075+00,anotador_041,3886,3,,,santa_cruz,[]
2026-06-01 13:08:53.253346+00,anotador_041,1513,,,,,"[{""pos"":3,""source"":""hyp"",""palabra"":""le""}]"
2026-06-01 13:08:53.391222+00,anotador_041,1513,3,,,santa_cruz,"[{""pos"":3,""source"":""hyp"",""palabra"":""le""},{""pos"":4,""source"":""hyp"",""palabra"":""dio""}]"
2026-06-01 13:09:10.493524+00,anotador_041,5102,4,,,santa_cruz,"[{""pos"":9,""source"":""prem"",""palabra"":""este...,""}]"
2026-06-01 13:09:18.418532+00,anotador_041,3555,5,,,santa_cruz,[]
2026-06-01 13:09:28.561324+00,anotador_041,1255,3,,,santa_cruz,[]
2026-06-01 13:09:41.741042+00,anotador_041,3192,2,,,santa_cruz,[]
2026-06-01 13:09:56.687426+00,anotador_041,1228,4,,,santa_cruz,[]
2026-06-01 13:10:07.951717+00,anotador_041,719,5,,,santa_cruz,[]
2026-06-01 13:10:13.809515+00,anotador_041,693,3,,,santa_cruz,"[{""pos"":15,""source"":""prem"",""palabra"":""a""},{""pos"":16,""source"":""prem"",""palabra"":""decir""},{""pos"":17,""source"":""prem"",""palabra"":""verdad""}]"
2026-06-01 13:10:27.544944+00,anotador_041,6937,3,,,santa_cruz,[]
2026-06-01 13:10:35.956896+00,anotador_041,4688,4,,,santa_cruz,[]
2026-06-01 13:10:52.101175+00,anotador_041,1756,5,,,santa_cruz,[]
2026-06-01 13:14:44.09679+00,anotador_261,2442,5,,,buenos_aires_amba,[]
2026-06-01 13:45:36.059683+00,anotador_175,9999,1,,,,"[{""pos"":1,""source"":""prem"",""palabra"":""chaval""},{""pos"":2,""source"":""prem"",""palabra"":""cogió""},{""pos"":4,""source"":""prem"",""palabra"":""móvil""},{""pos"":1,""source"":""hyp"",""palabra"":""Kettering,""},{""pos"":3,""source"":""hyp"",""palabra"":""Wollongong""},{""pos"":4,""source"":""hyp"",""palabra"":""Bears""},{""pos"":7,""source"":""hyp"",""palabra"":""Tournament""},{""pos"":9,""source"":""hyp"",""palabra"":""Kilimsworth""}]"
2026-06-01 13:47:49.978681+00,anotador_131,387,4,,,buenos_aires_amba,[]
2026-06-01 13:48:11.003849+00,anotador_131,1399,3,,,buenos_aires_amba,[]
2026-06-01 13:48:40.92416+00,anotador_131,3095,3,,,buenos_aires_amba,"[{""pos"":4,""source"":""prem"",""palabra"":""por""},{""pos"":5,""source"":""prem"",""palabra"":""supuesto,""}]"
2026-06-01 13:48:58.774695+00,anotador_131,5981,2,,,buenos_aires_amba,"[{""pos"":13,""source"":""prem"",""palabra"":""ajetreo""},{""pos"":16,""source"":""prem"",""palabra"":""frenético""},{""pos"":4,""source"":""hyp"",""palabra"":""ajetreada""}]"
2026-06-01 13:49:17.922782+00,anotador_131,3064,3,,,buenos_aires_amba,[]
2026-06-01 13:49:26.61591+00,anotador_131,4775,3,,,buenos_aires_amba,"[{""pos"":7,""source"":""hyp"",""palabra"":""contienen""}]"
2026-06-01 13:49:31.914567+00,anotador_131,3156,3,,,buenos_aires_amba,[]
2026-06-01 13:49:57.915329+00,anotador_131,2506,3,,,buenos_aires_amba,"[{""pos"":9,""source"":""prem"",""palabra"":""adicionales.""}]"
2026-06-01 13:50:24.413901+00,anotador_131,3132,3,,,buenos_aires_amba,"[{""pos"":21,""source"":""prem"",""palabra"":""descender""},{""pos"":17,""source"":""prem"",""palabra"":""superiores,""},{""pos"":7,""source"":""hyp"",""palabra"":""descendieron""},{""pos"":6,""source"":""hyp"",""palabra"":""superiores""}]"
2026-06-01 13:50:42.349034+00,anotador_131,6188,3,,,buenos_aires_amba,[]
2026-06-01 13:50:49.237791+00,anotador_131,6509,3,,,buenos_aires_amba,[]
2026-06-01 13:50:58.932162+00,anotador_131,6756,3,"""siga"" en vez de ""continúe"" suena más argentino ",,buenos_aires_amba,"[{""pos"":20,""source"":""prem"",""palabra"":""continúe""}]"
2026-06-01 13:51:47.62047+00,anotador_131,5561,,,,,"[{""pos"":1,""source"":""hyp"",""palabra"":""fue""}]"
2026-06-01 13:51:47.852296+00,anotador_131,5561,1,,,buenos_aires_amba,"[{""pos"":1,""source"":""hyp"",""palabra"":""fue""},{""pos"":2,""source"":""hyp"",""palabra"":""humillado""},{""pos"":1,""source"":""prem"",""palabra"":""para""},{""pos"":2,""source"":""prem"",""palabra"":""su""},{""pos"":3,""source"":""prem"",""palabra"":""disgusto,""},{""pos"":11,""source"":""prem"",""palabra"":""detrás""}]"
2026-06-01 13:52:14.339194+00,anotador_131,6255,3,,,buenos_aires_amba,[]
2026-06-01 13:52:20.345851+00,anotador_131,3428,,,,,"[{""pos"":9,""source"":""prem"",""palabra"":""(CENTCOM),""}]"
2026-06-01 13:52:20.564106+00,anotador_131,3428,2,,,buenos_aires_amba,"[{""pos"":10,""source"":""prem"",""palabra"":""nos""},{""pos"":11,""source"":""prem"",""palabra"":""comentó""},{""pos"":15,""source"":""prem"",""palabra"":""estaba""},{""pos"":16,""source"":""prem"",""palabra"":""descontento.""}]"
2026-06-01 13:52:30.0588+00,anotador_131,2415,,,,,"[{""pos"":10,""source"":""prem"",""palabra"":""no""}]"
2026-06-01 13:52:30.296002+00,anotador_131,2415,2,,,buenos_aires_amba,"[{""pos"":10,""source"":""prem"",""palabra"":""no""},{""pos"":11,""source"":""prem"",""palabra"":""ha""},{""pos"":12,""source"":""prem"",""palabra"":""olvidado""}]"
2026-06-01 13:52:42.802236+00,anotador_131,1787,3,,,buenos_aires_amba,[]
2026-06-01 13:52:50.364993+00,anotador_131,7346,3,,,buenos_aires_amba,[]
2026-06-01 13:53:14.381222+00,anotador_131,6830,3,,,buenos_aires_amba,"[{""pos"":3,""source"":""prem"",""palabra"":""nos""},{""pos"":4,""source"":""prem"",""palabra"":""permitirá""}]"
2026-06-01 13:53:26.845845+00,anotador_131,6026,,,,,"[{""pos"":17,""source"":""prem"",""palabra"":""al""}]"
2026-06-01 13:53:27.064895+00,anotador_131,6026,2,,,buenos_aires_amba,"[{""pos"":17,""source"":""prem"",""palabra"":""al""},{""pos"":18,""source"":""prem"",""palabra"":""menos""},{""pos"":19,""source"":""prem"",""palabra"":""podrás""}]"
2026-06-01 14:25:53.128084+00,anotador_261,5895,4,,,buenos_aires_amba,[]
2026-06-01 14:29:13.903435+00,anotador_261,4272,,,,,"[{""pos"":3,""source"":""prem"",""palabra"":""dólar""}]"
2026-06-01 14:29:54.020093+00,anotador_261,4272,5,,,buenos_aires_amba,"[{""pos"":3,""source"":""prem"",""palabra"":""dólar""},{""pos"":7,""source"":""prem"",""palabra"":""dólar?""},{""pos"":1,""source"":""hyp"",""palabra"":""dólar""},{""pos"":6,""source"":""hyp"",""palabra"":""dólar.""}]"
2026-06-01 14:30:11.359726+00,anotador_156,6130,4,,,buenos_aires_amba,[]
2026-06-01 14:50:32.080299+00,anotador_073,9999,,,,,"[{""pos"":1,""source"":""prem"",""palabra"":""chaval""},{""pos"":2,""source"":""prem"",""palabra"":""cogió""},{""pos"":4,""source"":""prem"",""palabra"":""móvil""},{""pos"":1,""source"":""hyp"",""palabra"":""Kettering,""},{""pos"":7,""source"":""hyp"",""palabra"":""Tournament""},{""pos"":8,""source"":""hyp"",""palabra"":""of""},{""pos"":9,""source"":""hyp"",""palabra"":""Kilimsworth""}]"
2026-06-01 15:06:01.652994+00,anotador_128,9999,1,,,,"[{""pos"":1,""source"":""prem"",""palabra"":""chaval""},{""pos"":2,""source"":""prem"",""palabra"":""cogió""},{""pos"":4,""source"":""prem"",""palabra"":""móvil""},{""pos"":8,""source"":""prem"",""palabra"":""piso""},{""pos"":7,""source"":""hyp"",""palabra"":""Tournament""},{""pos"":8,""source"":""hyp"",""palabra"":""of""}]"
2026-06-01 15:06:57.657646+00,anotador_128,1468,3,,,,[]
2026-06-01 15:07:11.716147+00,anotador_128,642,4,,,,"[{""pos"":18,""source"":""prem"",""palabra"":""una""},{""pos"":19,""source"":""prem"",""palabra"":""vez""}]"
2026-06-01 15:08:18.351513+00,anotador_128,2059,,,,,"[{""pos"":8,""source"":""prem"",""palabra"":""Cataluña,""}]"
2026-06-01 15:08:28.124165+00,anotador_128,2059,5,,,,[]
2026-06-01 15:08:43.592135+00,anotador_128,7283,5,,,,[]
2026-06-01 15:08:50.888376+00,anotador_212,9999,1,El uso de palabras en inglés y el vocabulario español,,buenos_aires_amba,"[{""pos"":1,""source"":""prem"",""palabra"":""chaval""},{""pos"":2,""source"":""prem"",""palabra"":""cogió""},{""pos"":4,""source"":""prem"",""palabra"":""móvil""},{""pos"":1,""source"":""hyp"",""palabra"":""Kettering,""},{""pos"":7,""source"":""hyp"",""palabra"":""Tournament""}]"
2026-06-01 15:09:02.477741+00,anotador_128,130,5,,,,[]
2026-06-01 15:09:16.25433+00,anotador_128,2971,,,,,"[{""pos"":0,""source"":""prem"",""palabra"":""La""}]"
2026-06-01 15:09:16.65025+00,anotador_128,2971,,,,,"[{""pos"":0,""source"":""prem"",""palabra"":""La""},{""pos"":1,""source"":""prem"",""palabra"":""razón""}]"
2026-06-01 15:09:17.050097+00,anotador_128,2971,,,,,"[{""pos"":0,""source"":""prem"",""palabra"":""La""},{""pos"":1,""source"":""prem"",""palabra"":""razón""},{""pos"":2,""source"":""prem"",""palabra"":""menos""}]"
2026-06-01 15:09:17.433041+00,anotador_128,2971,,,,,"[{""pos"":0,""source"":""prem"",""palabra"":""La""},{""pos"":1,""source"":""prem"",""palabra"":""razón""},{""pos"":2,""source"":""prem"",""palabra"":""menos""},{""pos"":3,""source"":""prem"",""palabra"":""citada""}]"
2026-06-01 15:09:17.683003+00,anotador_128,2971,,,,,"[{""pos"":0,""source"":""prem"",""palabra"":""La""},{""pos"":1,""source"":""prem"",""palabra"":""razón""},{""pos"":2,""source"":""prem"",""palabra"":""menos""},{""pos"":3,""source"":""prem"",""palabra"":""citada""},{""pos"":4,""source"":""prem"",""palabra"":""fue""}]"
2026-06-01 15:09:18.164224+00,anotador_128,2971,,,,,"[{""pos"":0,""source"":""prem"",""palabra"":""La""},{""pos"":1,""source"":""prem"",""palabra"":""razón""},{""pos"":2,""source"":""prem"",""palabra"":""menos""},{""pos"":3,""source"":""prem"",""palabra"":""citada""},{""pos"":4,""source"":""prem"",""palabra"":""fue""},{""pos"":5,""source"":""prem"",""palabra"":""mantener""}]"
2026-06-01 15:09:18.585415+00,anotador_128,2971,,,,,"[{""pos"":0,""source"":""prem"",""palabra"":""La""},{""pos"":1,""source"":""prem"",""palabra"":""razón""},{""pos"":2,""source"":""prem"",""palabra"":""menos""},{""pos"":3,""source"":""prem"",""palabra"":""citada""},{""pos"":4,""source"":""prem"",""palabra"":""fue""},{""pos"":5,""source"":""prem"",""palabra"":""mantener""},{""pos"":6,""source"":""prem"",""palabra"":""un""}]"
2026-06-01 15:09:36.824173+00,anotador_212,7151,5,,,buenos_aires_amba,[]
2026-06-01 15:10:01.711156+00,anotador_212,5133,4,"""Chicas cosas"" suena raro, muy coloquial para ser escrito

",,buenos_aires_amba,[]
2026-06-01 15:10:46.424094+00,anotador_212,6690,5,,,buenos_aires_amba,[]
2026-06-01 15:10:51.302244+00,anotador_212,5840,3,,,buenos_aires_amba,[]
2026-06-01 15:11:19.044413+00,anotador_212,4359,5,,,buenos_aires_amba,[]
2026-06-01 15:11:35.70758+00,anotador_212,5513,4,,,buenos_aires_amba,[]
2026-06-01 15:11:49.503706+00,anotador_212,6764,3,Uso del pretérito perfecto compuesto,,buenos_aires_amba,[]
2026-06-01 15:12:13.399257+00,anotador_136,9999,1,"chaval, cogió, móvil,  Tourment of",,,"[{""pos"":1,""source"":""prem"",""palabra"":""chaval""},{""pos"":2,""source"":""prem"",""palabra"":""cogió""},{""pos"":4,""source"":""prem"",""palabra"":""móvil""},{""pos"":7,""source"":""hyp"",""palabra"":""Tournament""},{""pos"":8,""source"":""hyp"",""palabra"":""of""},{""pos"":10,""source"":""hyp"",""palabra"":""ante""}]"
2026-06-01 15:13:27.268876+00,anotador_212,7207,4,,,buenos_aires_amba,[]
2026-06-01 15:13:35.363907+00,anotador_212,4473,4,,,buenos_aires_amba,[]
2026-06-01 15:13:43.959772+00,anotador_212,1741,4,,,buenos_aires_amba,[]
2026-06-01 15:13:54.42848+00,anotador_212,4477,5,,,buenos_aires_amba,[]
2026-06-01 15:13:55.895811+00,anotador_136,1913,4,Vehemencia ,,,"[{""pos"":12,""source"":""prem"",""palabra"":""vehemencia""}]"
2026-06-01 15:14:02.60757+00,anotador_212,4784,2,"El uso de los tiempos compuestos
",,buenos_aires_amba,[]
2026-06-01 15:14:16.094411+00,anotador_212,2257,5,,,buenos_aires_amba,[]
2026-06-01 15:14:20.98894+00,anotador_136,7041,5,,,,[]
2026-06-01 15:14:23.02283+00,anotador_212,4292,1,,,buenos_aires_amba,[]
2026-06-01 15:14:27.619449+00,anotador_212,1828,4,,,buenos_aires_amba,"[{""pos"":0,""source"":""prem"",""palabra"":""¿Levasseur?""}]"
2026-06-01 15:14:39.432171+00,anotador_212,2236,4,,,buenos_aires_amba,[]
2026-06-01 15:14:43.319473+00,anotador_212,6845,4,,,buenos_aires_amba,[]
2026-06-01 15:14:47.679682+00,anotador_212,2779,4,,,buenos_aires_amba,[]
2026-06-01 15:14:52.403129+00,anotador_212,3431,4,,,buenos_aires_amba,[]
2026-06-01 15:20:35.475025+00,anotador_070,9999,1,,,,"[{""pos"":1,""source"":""prem"",""palabra"":""chaval""},{""pos"":4,""source"":""prem"",""palabra"":""móvil""},{""pos"":7,""source"":""hyp"",""palabra"":""Tournament""},{""pos"":8,""source"":""hyp"",""palabra"":""of""},{""pos"":1,""source"":""hyp"",""palabra"":""Kettering,""},{""pos"":3,""source"":""hyp"",""palabra"":""Wollongong""},{""pos"":4,""source"":""hyp"",""palabra"":""Bears""},{""pos"":9,""source"":""hyp"",""palabra"":""Kilimsworth""}]"
2026-06-01 15:21:24.436479+00,anotador_261,3890,3,,,buenos_aires_amba,"[{""pos"":7,""source"":""prem"",""palabra"":""Houston""}]"
2026-06-01 15:21:38.412941+00,anotador_070,1554,5,,,,[]
2026-06-01 15:21:58.79101+00,anotador_070,1414,2,,,,"[{""pos"":19,""source"":""prem"",""palabra"":""gastan""}]"
2026-06-01 15:22:30.979408+00,anotador_070,6252,4,,,,[]
2026-06-01 15:22:48.227123+00,anotador_070,498,4,,,,[]
2026-06-01 15:24:16.387809+00,anotador_132,9999,1,,,buenos_aires_amba,"[{""pos"":1,""source"":""prem"",""palabra"":""chaval""},{""pos"":8,""source"":""prem"",""palabra"":""piso""},{""pos"":11,""source"":""prem"",""palabra"":""luego""},{""pos"":1,""source"":""hyp"",""palabra"":""Kettering,""},{""pos"":7,""source"":""hyp"",""palabra"":""Tournament""},{""pos"":3,""source"":""hyp"",""palabra"":""Wollongong""},{""pos"":4,""source"":""hyp"",""palabra"":""Bears""},{""pos"":8,""source"":""hyp"",""palabra"":""of""},{""pos"":9,""source"":""hyp"",""palabra"":""Kilimsworth""}]"
2026-06-01 15:25:03.218325+00,anotador_132,2718,4,"podria ser un español cualquiera, no destaca x su argentinidad pero podria ser dicho x un argentino tranquilamente",,buenos_aires_amba,[]
2026-06-01 15:25:36.152589+00,anotador_251,9999,3,,,,"[{""pos"":1,""source"":""prem"",""palabra"":""chaval""},{""pos"":8,""source"":""prem"",""palabra"":""piso""}]"
2026-06-01 15:25:54.97824+00,anotador_132,1892,5,,,buenos_aires_amba,[]
2026-06-01 15:26:07.92956+00,anotador_251,6211,5,,,,[]
2026-06-01 15:26:11.795012+00,anotador_132,6582,3,,,buenos_aires_amba,[]
2026-06-01 15:26:16.642286+00,anotador_251,3464,5,,,,[]
2026-06-01 15:26:25.927335+00,anotador_248,9999,1,,,,"[{""pos"":1,""source"":""prem"",""palabra"":""chaval""},{""pos"":8,""source"":""prem"",""palabra"":""piso""},{""pos"":2,""source"":""prem"",""palabra"":""cogió""},{""pos"":4,""source"":""prem"",""palabra"":""móvil""}]"
2026-06-01 15:26:26.660886+00,anotador_251,5730,5,,,,[]
2026-06-01 15:26:34.411296+00,anotador_132,4643,3,,,buenos_aires_amba,"[{""pos"":8,""source"":""hyp"",""palabra"":""deben""}]"
2026-06-01 15:26:47.504411+00,anotador_132,1652,5,,,buenos_aires_amba,[]
2026-06-01 15:27:03.811097+00,anotador_132,6637,4,,,buenos_aires_amba,[]
2026-06-01 15:27:39.163015+00,anotador_248,2714,5,,,,[]
2026-06-01 15:27:50.893881+00,anotador_133,9999,2,"Chaval, móvil",,,[]
2026-06-01 15:28:09.236426+00,anotador_133,4368,5,,,,[]
2026-06-01 15:28:12.573795+00,anotador_248,5274,5,,,,[]
2026-06-01 15:28:13.314664+00,anotador_246,9999,1,,,,"[{""pos"":4,""source"":""hyp"",""palabra"":""Bears""},{""pos"":7,""source"":""hyp"",""palabra"":""Tournament""},{""pos"":3,""source"":""hyp"",""palabra"":""Wollongong""},{""pos"":2,""source"":""hyp"",""palabra"":""los""},{""pos"":1,""source"":""hyp"",""palabra"":""Kettering,""},{""pos"":0,""source"":""hyp"",""palabra"":""En""},{""pos"":5,""source"":""hyp"",""palabra"":""ganaron""},{""pos"":11,""source"":""hyp"",""palabra"":""miles""},{""pos"":2,""source"":""prem"",""palabra"":""cogió""}]"
2026-06-01 15:28:19.048733+00,anotador_248,5904,4,,,,[]
2026-06-01 15:28:43.803156+00,anotador_248,6051,4,,,,"[{""pos"":12,""source"":""prem"",""palabra"":""gangas""}]"
2026-06-01 15:28:52.648001+00,anotador_133,1509,3,Utilizaste ,,,"[{""pos"":21,""source"":""prem"",""palabra"":""utilizaste""}]"
2026-06-01 15:28:59.323103+00,anotador_246,3807,1,,,,[]
2026-06-01 15:29:12.832925+00,anotador_132,6831,4,,,buenos_aires_amba,[]
2026-06-01 15:29:12.837292+00,anotador_132,3432,4,,,buenos_aires_amba,[]
2026-06-01 15:29:13.151791+00,anotador_132,1449,2,,,buenos_aires_amba,"[{""pos"":9,""source"":""hyp"",""palabra"":""rocas.""},{""pos"":14,""source"":""prem"",""palabra"":""púrpura""}]"
2026-06-01 15:29:13.153965+00,anotador_132,1955,,,,,"[{""pos"":0,""source"":""prem"",""palabra"":""Él""}]"
2026-06-01 15:29:13.153615+00,anotador_132,4288,,,,,"[{""pos"":2,""source"":""hyp"",""palabra"":""de""}]"
2026-06-01 15:29:13.46153+00,anotador_132,1955,3,,,buenos_aires_amba,"[{""pos"":0,""source"":""prem"",""palabra"":""Él""}]"
2026-06-01 15:29:13.759975+00,anotador_132,4288,3,"de ""la"" torre ?",,buenos_aires_amba,"[{""pos"":2,""source"":""hyp"",""palabra"":""de""},{""pos"":3,""source"":""hyp"",""palabra"":""torre""},{""pos"":10,""source"":""prem"",""palabra"":""de""},{""pos"":11,""source"":""prem"",""palabra"":""torre""}]"
2026-06-01 15:29:14.499097+00,anotador_133,4211,5,,,,[]
2026-06-01 15:29:16.870209+00,anotador_132,2791,3,,,buenos_aires_amba,[]
2026-06-01 15:29:20.722682+00,anotador_132,2337,,,,,"[{""pos"":13,""source"":""prem"",""palabra"":""fantástica""}]"
2026-06-01 15:29:20.950637+00,anotador_132,2337,3,,,buenos_aires_amba,"[{""pos"":13,""source"":""prem"",""palabra"":""fantástica""},{""pos"":16,""source"":""prem"",""palabra"":""Quetico""},{""pos"":0,""source"":""hyp"",""palabra"":""Quetico""}]"
2026-06-01 15:29:24.512823+00,anotador_093,9999,2,,,buenos_aires_amba,"[{""pos"":1,""source"":""prem"",""palabra"":""chaval""},{""pos"":3,""source"":""hyp"",""palabra"":""Wollongong""},{""pos"":7,""source"":""hyp"",""palabra"":""Tournament""},{""pos"":9,""source"":""hyp"",""palabra"":""Kilimsworth""},{""pos"":8,""source"":""hyp"",""palabra"":""of""},{""pos"":4,""source"":""prem"",""palabra"":""móvil""}]"
2026-06-01 15:29:24.649344+00,anotador_133,3927,,,,,"[{""pos"":20,""source"":""prem"",""palabra"":""AMRA""}]"
2026-06-01 15:29:25.083258+00,anotador_133,3927,,,,,"[{""pos"":20,""source"":""prem"",""palabra"":""AMRA""},{""pos"":21,""source"":""prem"",""palabra"":""Annual""}]"
2026-06-01 15:29:25.293642+00,anotador_133,3927,,,,,"[{""pos"":20,""source"":""prem"",""palabra"":""AMRA""},{""pos"":21,""source"":""prem"",""palabra"":""Annual""},{""pos"":23,""source"":""prem"",""palabra"":""Nashville,""}]"
2026-06-01 15:29:25.484673+00,anotador_133,3927,3,"Decir todo completo, se debería decir solo la ciudad, creo ",,,"[{""pos"":20,""source"":""prem"",""palabra"":""AMRA""},{""pos"":21,""source"":""prem"",""palabra"":""Annual""},{""pos"":23,""source"":""prem"",""palabra"":""Nashville,""},{""pos"":24,""source"":""prem"",""palabra"":""Tennessee.""},{""pos"":22,""source"":""prem"",""palabra"":""en""}]"
2026-06-01 15:29:27.011541+00,anotador_246,3188,1,,,,"[{""pos"":0,""source"":""prem"",""palabra"":""En""},{""pos"":11,""source"":""hyp"",""palabra"":""dinero""},{""pos"":13,""source"":""hyp"",""palabra"":""armas""},{""pos"":16,""source"":""hyp"",""palabra"":""cooperación.""},{""pos"":8,""source"":""hyp"",""palabra"":""grandes""},{""pos"":7,""source"":""hyp"",""palabra"":""querían""},{""pos"":6,""source"":""hyp"",""palabra"":""talibanes""},{""pos"":3,""source"":""hyp"",""palabra"":""abandonado""},{""pos"":0,""source"":""hyp"",""palabra"":""Este""},{""pos"":1,""source"":""hyp"",""palabra"":""plan""},{""pos"":16,""source"":""prem"",""palabra"":""evaluara""},{""pos"":20,""source"":""prem"",""palabra"":""cooperación""},{""pos"":3,""source"":""prem"",""palabra"":""de""},{""pos"":5,""source"":""prem"",""palabra"":""diputados""},{""pos"":12,""source"":""prem"",""palabra"":""encargó""},{""pos"":18,""source"":""prem"",""palabra"":""perspectivas""},{""pos"":17,""source"":""prem"",""palabra"":""las""},{""pos"":23,""source"":""prem"",""palabra"":""Talibanes""},{""pos"":30,""source"":""prem"",""palabra"":""Qaeda.""},{""pos"":28,""source"":""prem"",""palabra"":""sobre""},{""pos"":27,""source"":""prem"",""palabra"":""Unidos""},{""pos"":21,""source"":""prem"",""palabra"":""entre""},{""pos"":14,""source"":""hyp"",""palabra"":""para""},{""pos"":10,""source"":""hyp"",""palabra"":""de""}]"
2026-06-01 15:29:28.835608+00,anotador_132,6450,4,,,buenos_aires_amba,[]
2026-06-01 15:29:35.671194+00,anotador_292,9999,1,,,,"[{""pos"":1,""source"":""prem"",""palabra"":""chaval""},{""pos"":4,""source"":""prem"",""palabra"":""móvil""},{""pos"":8,""source"":""prem"",""palabra"":""piso""},{""pos"":13,""source"":""hyp"",""palabra"":""fans.""}]"
2026-06-01 15:29:36.489412+00,anotador_132,5177,5,,,buenos_aires_amba,[]
2026-06-01 15:29:49.29177+00,anotador_246,6357,5,,,,[]
2026-06-01 15:29:50.148635+00,anotador_133,5484,5,,,,[]
2026-06-01 15:29:57.525621+00,anotador_093,2474,5,,,buenos_aires_amba,[]
2026-06-01 15:30:00.356071+00,anotador_246,4399,4,,,,"[{""pos"":1,""source"":""prem"",""palabra"":""miércoles""},{""pos"":3,""source"":""prem"",""palabra"":""decidió""},{""pos"":4,""source"":""prem"",""palabra"":""hablar""},{""pos"":5,""source"":""prem"",""palabra"":""de""},{""pos"":8,""source"":""prem"",""palabra"":""diferente.""},{""pos"":7,""source"":""prem"",""palabra"":""industria""},{""pos"":6,""source"":""prem"",""palabra"":""una""},{""pos"":0,""source"":""prem"",""palabra"":""El""},{""pos"":2,""source"":""prem"",""palabra"":""Clinton""}]"
2026-06-01 15:30:01.626078+00,anotador_248,3965,5,,,,[]
2026-06-01 15:30:04.85861+00,anotador_093,1670,4,,,buenos_aires_amba,"[{""pos"":20,""source"":""prem"",""palabra"":""prisa""}]"
2026-06-01 15:30:07.121078+00,anotador_132,4449,5,,,buenos_aires_amba,[]
2026-06-01 15:30:12.338125+00,anotador_292,7013,3,,,,[]
2026-06-01 15:30:16.931165+00,anotador_093,3579,5,,,buenos_aires_amba,[]
2026-06-01 15:30:18.108834+00,anotador_248,3591,4,cambiar “es una larga” a “es larga” es más parecido a como hablamos los argentinos,,,[]
2026-06-01 15:30:23.612424+00,anotador_132,2513,5,,,buenos_aires_amba,"[{""pos"":7,""source"":""hyp"",""palabra"":""fallará""}]"
2026-06-01 15:30:28.993816+00,anotador_093,2641,5,,,buenos_aires_amba,[]
2026-06-01 15:30:39.65988+00,anotador_093,2516,5,,,buenos_aires_amba,[]
2026-06-01 15:30:43.575647+00,anotador_292,6543,3,,,,[]
2026-06-01 15:30:46.750396+00,anotador_093,5491,5,,,buenos_aires_amba,[]
2026-06-01 15:30:55.431692+00,anotador_093,6242,3,,,buenos_aires_amba,"[{""pos"":15,""source"":""prem"",""palabra"":""Chinatown""},{""pos"":0,""source"":""hyp"",""palabra"":""Chinatown""}]"
2026-06-01 15:30:58.909685+00,anotador_292,733,2,,,,"[{""pos"":13,""source"":""prem"",""palabra"":""pasármelo""},{""pos"":7,""source"":""hyp"",""palabra"":""pasármelo""}]"
2026-06-01 15:31:03.97849+00,anotador_093,1404,5,,,buenos_aires_amba,[]
2026-06-01 15:31:07.738591+00,anotador_093,1943,5,,,buenos_aires_amba,[]
2026-06-01 15:31:15.757267+00,anotador_093,3463,5,,,buenos_aires_amba,[]
2026-06-01 15:31:22.800555+00,anotador_093,1395,5,,,buenos_aires_amba,[]
2026-06-01 15:31:28.576981+00,anotador_093,2965,5,,,buenos_aires_amba,[]
2026-06-01 15:31:31.629639+00,anotador_093,1668,5,,,buenos_aires_amba,[]
2026-06-01 15:31:37.598528+00,anotador_093,6521,5,,,buenos_aires_amba,[]
2026-06-01 15:31:43.966745+00,anotador_093,3091,5,,,buenos_aires_amba,[]
2026-06-01 15:31:47.553731+00,anotador_248,7099,5,,,,[]
2026-06-01 15:31:51.830917+00,anotador_093,7023,5,,,buenos_aires_amba,[]
2026-06-01 15:31:58.141556+00,anotador_093,4982,5,,,buenos_aires_amba,[]
2026-06-01 15:32:00.934507+00,anotador_093,686,5,,,buenos_aires_amba,[]
2026-06-01 15:32:09.207057+00,anotador_093,5722,5,,,buenos_aires_amba,[]
2026-06-01 15:32:14.207277+00,anotador_248,3929,5,,,,[]
2026-06-01 15:32:15.906618+00,anotador_292,1321,3,,,,[]
2026-06-01 15:32:32.792879+00,anotador_292,5023,3,,,,[]
2026-06-01 15:32:41.173281+00,anotador_248,311,3,,,,[]
2026-06-01 15:33:02.214797+00,anotador_292,7426,3,,,,[]
2026-06-01 15:33:10.588947+00,anotador_248,3477,5,,,,[]
2026-06-01 15:33:21.781153+00,anotador_248,3079,5,,,,[]
2026-06-01 15:33:39.045358+00,anotador_248,3404,4,,,,[]
2026-06-01 15:34:01.307905+00,anotador_248,4716,4,,,,[]
2026-06-01 15:34:17.434608+00,anotador_248,7102,5,,,,[]
2026-06-01 15:34:24.655613+00,anotador_248,319,5,,,,[]
2026-06-01 15:39:37.287878+00,anotador_057,9999,1,,,buenos_aires_amba,[]
2026-06-01 15:40:00.484767+00,anotador_057,4868,4,,,buenos_aires_amba,[]
2026-06-01 15:40:09.503488+00,anotador_057,4823,4,,,buenos_aires_amba,[]
2026-06-01 15:40:17.678456+00,anotador_057,5729,5,,,buenos_aires_amba,[]
2026-06-01 15:40:18.496297+00,anotador_242,9999,3,,,,"[{""pos"":1,""source"":""prem"",""palabra"":""chaval""},{""pos"":2,""source"":""prem"",""palabra"":""cogió""},{""pos"":4,""source"":""prem"",""palabra"":""móvil""},{""pos"":8,""source"":""prem"",""palabra"":""piso""},{""pos"":7,""source"":""hyp"",""palabra"":""Tournament""},{""pos"":8,""source"":""hyp"",""palabra"":""of""},{""pos"":9,""source"":""hyp"",""palabra"":""Kilimsworth""}]"
2026-06-01 15:40:27.373248+00,anotador_057,1445,5,,,buenos_aires_amba,[]
2026-06-01 15:40:37.246306+00,anotador_057,1376,5,,,buenos_aires_amba,[]
2026-06-01 15:40:44.187037+00,anotador_057,4437,5,,,buenos_aires_amba,[]
2026-06-01 15:40:55.000556+00,anotador_057,7043,4,,,buenos_aires_amba,[]
2026-06-01 15:41:06.517112+00,anotador_057,4532,2,,,buenos_aires_amba,[]
2026-06-01 15:41:22.69058+00,anotador_057,3366,3,,,buenos_aires_amba,[]
2026-06-01 15:41:37.368555+00,anotador_242,7333,5,,,,[]
2026-06-01 15:41:38.345604+00,anotador_057,4262,4,,,buenos_aires_amba,[]
2026-06-01 15:41:42.69518+00,anotador_057,6004,3,,,buenos_aires_amba,[]
2026-06-01 15:41:54.08483+00,anotador_057,5322,3,,,buenos_aires_amba,[]
2026-06-01 15:42:02.571216+00,anotador_057,7186,2,,,buenos_aires_amba,[]
2026-06-01 15:42:09.963503+00,anotador_057,3806,4,,,buenos_aires_amba,[]
2026-06-01 15:42:18.965623+00,anotador_057,6618,4,,,buenos_aires_amba,[]
2026-06-01 15:42:29.55268+00,anotador_057,7419,3,,,buenos_aires_amba,[]
2026-06-01 15:42:41.553497+00,anotador_057,12,3,,,buenos_aires_amba,[]
2026-06-01 15:42:52.891332+00,anotador_057,3316,3,,,buenos_aires_amba,[]
2026-06-01 15:43:09.741444+00,anotador_057,2595,3,,,buenos_aires_amba,[]
2026-06-01 15:43:37.903459+00,anotador_057,4055,4,,,buenos_aires_amba,[]
2026-06-01 15:43:41.497553+00,anotador_057,5225,4,,,buenos_aires_amba,[]
2026-06-01 15:43:51.079432+00,anotador_057,630,3,,,buenos_aires_amba,[]
2026-06-01 15:43:59.714198+00,anotador_057,1843,5,,,buenos_aires_amba,[]
2026-06-01 15:44:07.120714+00,anotador_057,5181,3,,,buenos_aires_amba,[]
2026-06-01 15:44:15.883342+00,anotador_057,6174,4,,,buenos_aires_amba,[]
2026-06-01 15:44:26.961433+00,anotador_057,2116,3,,,buenos_aires_amba,[]
2026-06-01 15:44:35.098337+00,anotador_057,3040,3,,,buenos_aires_amba,[]
2026-06-01 15:44:43.057153+00,anotador_057,4986,4,,,buenos_aires_amba,[]
2026-06-01 15:44:54.889226+00,anotador_057,7323,4,,,buenos_aires_amba,[]
2026-06-01 15:45:00.697768+00,anotador_057,2217,3,,,buenos_aires_amba,[]
2026-06-01 15:45:08.425317+00,anotador_057,7218,3,,,buenos_aires_amba,[]
2026-06-01 15:45:12.819986+00,anotador_057,5994,3,,,buenos_aires_amba,[]
2026-06-01 15:45:18.550813+00,anotador_057,702,4,,,buenos_aires_amba,[]
2026-06-01 15:45:24.435942+00,anotador_057,5476,5,,,buenos_aires_amba,[]
2026-06-01 15:45:30.974463+00,anotador_057,6095,3,,,buenos_aires_amba,[]
2026-06-01 15:45:37.755689+00,anotador_057,2530,4,,,buenos_aires_amba,[]
2026-06-01 15:45:45.569426+00,anotador_057,1975,4,,,buenos_aires_amba,[]
2026-06-01 15:45:51.75261+00,anotador_057,684,3,,,buenos_aires_amba,[]
2026-06-01 15:45:56.004483+00,anotador_057,6519,4,,,buenos_aires_amba,[]
2026-06-01 15:51:52.079718+00,anotador_309,9999,1,,,buenos_aires_interior,"[{""pos"":1,""source"":""prem"",""palabra"":""chaval""},{""pos"":2,""source"":""prem"",""palabra"":""cogió""},{""pos"":4,""source"":""prem"",""palabra"":""móvil""},{""pos"":11,""source"":""prem"",""palabra"":""luego""},{""pos"":1,""source"":""hyp"",""palabra"":""Kettering,""},{""pos"":3,""source"":""hyp"",""palabra"":""Wollongong""},{""pos"":4,""source"":""hyp"",""palabra"":""Bears""},{""pos"":7,""source"":""hyp"",""palabra"":""Tournament""},{""pos"":9,""source"":""hyp"",""palabra"":""Kilimsworth""},{""pos"":8,""source"":""hyp"",""palabra"":""of""},{""pos"":8,""source"":""prem"",""palabra"":""piso""}]"
2026-06-01 15:52:55.518852+00,anotador_309,2461,3,,,buenos_aires_interior,"[{""pos"":0,""source"":""prem"",""palabra"":""Debajo""},{""pos"":12,""source"":""prem"",""palabra"":""Potter's""},{""pos"":13,""source"":""prem"",""palabra"":""Cay.""},{""pos"":0,""source"":""hyp"",""palabra"":""¡Potters""},{""pos"":1,""source"":""hyp"",""palabra"":""Cay""}]"
2026-06-01 15:53:20.163021+00,anotador_309,7457,3,,,buenos_aires_interior,[]
2026-06-01 15:53:52.0499+00,anotador_309,5843,3,,,buenos_aires_interior,[]
2026-06-01 15:54:10.641607+00,anotador_309,1674,4,,,buenos_aires_interior,[]
2026-06-01 15:54:31.392138+00,anotador_309,4277,4,,,buenos_aires_interior,[]
2026-06-01 15:54:41.676948+00,anotador_309,1881,3,,,buenos_aires_interior,[]
2026-06-01 15:55:09.70671+00,anotador_309,7208,3,,,buenos_aires_interior,[]
2026-06-01 15:55:20.816462+00,anotador_309,4172,5,,,buenos_aires_interior,[]
2026-06-01 15:55:36.833427+00,anotador_309,3158,4,,,buenos_aires_interior,[]
2026-06-01 15:55:51.874059+00,anotador_309,6351,4,,,buenos_aires_interior,[]
2026-06-01 15:56:01.0601+00,anotador_309,5426,5,,,buenos_aires_interior,[]
2026-06-01 15:56:25.408063+00,anotador_309,2470,3,,,buenos_aires_interior,[]
2026-06-01 15:56:25.602709+00,anotador_309,2469,3,,,buenos_aires_interior,[]
2026-06-01 15:56:49.457172+00,anotador_309,6673,4,,,buenos_aires_interior,[]
2026-06-01 15:57:10.02599+00,anotador_309,3559,3,,,buenos_aires_interior,[]
2026-06-01 15:57:16.583849+00,anotador_309,1761,3,tuyo,,buenos_aires_interior,"[{""pos"":7,""source"":""prem"",""palabra"":""de""},{""pos"":8,""source"":""prem"",""palabra"":""vos.""}]"
2026-06-01 15:57:39.543403+00,anotador_173,9999,1,,,,"[{""pos"":1,""source"":""prem"",""palabra"":""chaval""},{""pos"":2,""source"":""prem"",""palabra"":""cogió""},{""pos"":4,""source"":""prem"",""palabra"":""móvil""},{""pos"":1,""source"":""hyp"",""palabra"":""Kettering,""},{""pos"":3,""source"":""hyp"",""palabra"":""Wollongong""},{""pos"":7,""source"":""hyp"",""palabra"":""Tournament""},{""pos"":4,""source"":""hyp"",""palabra"":""Bears""},{""pos"":9,""source"":""hyp"",""palabra"":""Kilimsworth""}]"
2026-06-01 15:57:48.112956+00,anotador_309,3563,4,,,buenos_aires_interior,[]
2026-06-01 15:57:54.86348+00,anotador_054,9999,1,,,buenos_aires_amba,"[{""pos"":1,""source"":""prem"",""palabra"":""chaval""},{""pos"":2,""source"":""prem"",""palabra"":""cogió""}]"
2026-06-01 15:58:01.261294+00,anotador_309,2289,3,,,buenos_aires_interior,[]
2026-06-01 15:58:16.354585+00,anotador_309,2558,3,,,buenos_aires_interior,[]
2026-06-01 15:58:20.159055+00,anotador_173,729,5,,,,[]
2026-06-01 15:58:31.497761+00,anotador_173,2413,4,,,,[]
2026-06-01 15:58:43.094981+00,anotador_173,3426,4,,,,[]
2026-06-01 15:58:56.950166+00,anotador_173,3209,5,,,,[]
2026-06-01 15:59:10.847932+00,anotador_173,2764,5,,,,[]
2026-06-01 15:59:22.717769+00,anotador_173,2398,5,,,,[]
2026-06-01 15:59:31.955371+00,anotador_054,5452,4,,,buenos_aires_amba,[]
2026-06-01 15:59:52.127655+00,anotador_054,2056,3,Muy neutro,,buenos_aires_amba,[]
2026-06-01 16:00:10.404119+00,anotador_054,2200,,,,,"[{""pos"":1,""source"":""prem"",""palabra"":""carros""}]"
2026-06-01 16:00:28.854496+00,anotador_054,2200,3,No me suena a qué un argentino lo diga asi,,buenos_aires_amba,[]
2026-06-01 16:00:38.724252+00,anotador_054,493,3,Muy neutro,,buenos_aires_amba,[]
2026-06-01 16:00:46.33345+00,anotador_054,5454,4,,,buenos_aires_amba,[]
2026-06-01 16:00:55.351291+00,anotador_054,4605,4,,,buenos_aires_amba,[]
2026-06-01 16:01:04.44572+00,anotador_054,3125,3,,,buenos_aires_amba,[]
2026-06-01 16:01:18.646188+00,anotador_054,3033,3,,,buenos_aires_amba,[]
2026-06-01 16:01:22.618697+00,anotador_054,3228,3,,,buenos_aires_amba,[]
2026-06-01 16:01:32.73123+00,anotador_054,3328,3,,,buenos_aires_amba,[]
2026-06-01 16:01:52.471912+00,anotador_054,5165,3,,,buenos_aires_amba,[]
2026-06-01 16:01:58.835786+00,anotador_054,4795,3,,,buenos_aires_amba,[]
2026-06-01 16:02:10.330715+00,anotador_054,2524,3,,,buenos_aires_amba,[]
2026-06-01 16:02:25.124946+00,anotador_054,2619,3,,,buenos_aires_amba,[]
2026-06-01 16:02:28.853208+00,anotador_054,1861,3,,,buenos_aires_amba,[]
2026-06-01 16:02:35.365313+00,anotador_054,2695,3,,,buenos_aires_amba,[]
2026-06-01 16:02:48.907656+00,anotador_054,5212,5,,,buenos_aires_amba,[]
2026-06-01 16:02:54.437454+00,anotador_054,1060,3,,,buenos_aires_amba,[]
2026-06-01 16:03:01.952127+00,anotador_054,2732,3,,,buenos_aires_amba,[]
2026-06-01 16:21:10.650301+00,anotador_026,9999,1,,,,"[{""pos"":1,""source"":""prem"",""palabra"":""chaval""},{""pos"":2,""source"":""prem"",""palabra"":""cogió""},{""pos"":4,""source"":""prem"",""palabra"":""móvil""}]"
2026-06-01 16:22:03.444683+00,anotador_026,1612,5,,,,[]
2026-06-01 16:22:15.121655+00,anotador_026,6634,5,,,,[]
2026-06-01 16:22:27.482572+00,anotador_026,5745,5,,,,[]
2026-06-01 16:22:32.945197+00,anotador_026,1236,,,,,"[{""pos"":5,""source"":""prem"",""palabra"":""ves,""},{""pos"":10,""source"":""prem"",""palabra"":""vez""},{""pos"":9,""source"":""prem"",""palabra"":""una""}]"
2026-06-01 16:39:12.390526+00,anotador_099,9999,1,,,buenos_aires_amba,"[{""pos"":1,""source"":""prem"",""palabra"":""chaval""},{""pos"":4,""source"":""prem"",""palabra"":""móvil""},{""pos"":8,""source"":""prem"",""palabra"":""piso""},{""pos"":11,""source"":""prem"",""palabra"":""luego""}]"
2026-06-01 16:39:50.676988+00,anotador_099,4087,5,,,buenos_aires_amba,[]
2026-06-01 16:39:57.582836+00,anotador_099,2004,5,,,buenos_aires_amba,[]
2026-06-01 16:40:09.693696+00,anotador_099,6744,5,,,buenos_aires_amba,[]
2026-06-01 16:40:18.189162+00,anotador_099,5370,5,,,buenos_aires_amba,[]
2026-06-01 16:40:31.447946+00,anotador_099,1704,4,,,buenos_aires_amba,"[{""pos"":5,""source"":""hyp"",""palabra"":""resonante.""}]"
2026-06-01 16:40:43.749037+00,anotador_099,3513,4,,,buenos_aires_amba,[]
2026-06-01 16:41:05.694779+00,anotador_099,2540,4,,,buenos_aires_amba,[]
2026-06-01 16:41:18.665845+00,anotador_099,3321,3,,,buenos_aires_amba,[]
2026-06-01 16:41:25.00115+00,anotador_099,2589,4,,,buenos_aires_amba,"[{""pos"":7,""source"":""prem"",""palabra"":""cargos""},{""pos"":12,""source"":""prem"",""palabra"":""cargos,""}]"
2026-06-01 16:41:46.824947+00,anotador_099,6264,4,,,buenos_aires_amba,"[{""pos"":13,""source"":""prem"",""palabra"":""elemento.""}]"
2026-06-01 16:42:02.053521+00,anotador_099,5637,5,,,buenos_aires_amba,[]
2026-06-01 16:42:08.662051+00,anotador_099,6240,4,,,buenos_aires_amba,[]
2026-06-01 16:42:13.560129+00,anotador_099,1427,4,,,buenos_aires_amba,[]
2026-06-01 16:42:31.51396+00,anotador_099,1947,5,,,buenos_aires_amba,[]
2026-06-01 16:42:39.285674+00,anotador_099,7393,5,,,buenos_aires_amba,[]
2026-06-01 16:42:50.991891+00,anotador_099,6630,5,,,buenos_aires_amba,[]
2026-06-01 16:43:12.236692+00,anotador_099,7049,3,,,buenos_aires_amba,[]
2026-06-01 16:43:24.297841+00,anotador_099,3373,4,,,buenos_aires_amba,"[{""pos"":7,""source"":""prem"",""palabra"":""descender""}]"
2026-06-01 16:43:45.283355+00,anotador_099,7317,4,,,buenos_aires_amba,[]
2026-06-01 17:06:15.428434+00,anotador_081,9999,2,,,buenos_aires_amba,"[{""pos"":1,""source"":""prem"",""palabra"":""chaval""},{""pos"":2,""source"":""prem"",""palabra"":""cogió""},{""pos"":4,""source"":""prem"",""palabra"":""móvil""},{""pos"":7,""source"":""hyp"",""palabra"":""Tournament""},{""pos"":8,""source"":""hyp"",""palabra"":""of""},{""pos"":9,""source"":""hyp"",""palabra"":""Kilimsworth""}]"
2026-06-01 17:07:16.737594+00,anotador_081,1315,3,,,buenos_aires_amba,[]
2026-06-01 17:07:35.886082+00,anotador_081,709,4,,,buenos_aires_amba,[]
2026-06-01 17:07:47.647627+00,anotador_081,4884,5,,,buenos_aires_amba,[]
2026-06-01 17:08:12.705281+00,anotador_081,3530,4,,,buenos_aires_amba,[]
2026-06-01 17:08:55.101093+00,anotador_081,6431,5,,,buenos_aires_amba,[]
2026-06-01 17:09:25.38753+00,anotador_081,2629,4,,,buenos_aires_amba,[]
2026-06-01 17:09:42.180268+00,anotador_081,7184,5,,,buenos_aires_amba,[]
2026-06-01 17:09:52.327576+00,anotador_081,1814,4,,,buenos_aires_amba,"[{""pos"":2,""source"":""prem"",""palabra"":""lleve""}]"
2026-06-01 17:10:20.102408+00,anotador_081,5182,5,,,buenos_aires_amba,[]
2026-06-01 17:10:33.673817+00,anotador_081,3268,4,,,buenos_aires_amba,[]
2026-06-01 17:11:09.653739+00,anotador_081,3342,4,,,buenos_aires_amba,[]
2026-06-01 17:11:25.14024+00,anotador_081,3339,5,,,buenos_aires_amba,[]
2026-06-01 17:11:47.43592+00,anotador_081,4752,4,,,buenos_aires_amba,[]
2026-06-01 17:12:15.497464+00,anotador_081,2505,5,,,buenos_aires_amba,[]
2026-06-01 17:12:37.717914+00,anotador_081,4724,4,,,buenos_aires_amba,[]
2026-06-01 17:12:59.98629+00,anotador_081,1519,4,,,buenos_aires_amba,[]
2026-06-01 17:13:05.067544+00,anotador_081,5421,3,,,buenos_aires_amba,"[{""pos"":6,""source"":""prem"",""palabra"":""pasteles.""},{""pos"":4,""source"":""hyp"",""palabra"":""pasteles.""}]"
2026-06-01 17:13:15.918217+00,anotador_081,6741,4,,,buenos_aires_amba,[]
2026-06-01 17:13:28.035263+00,anotador_081,4902,4,,,buenos_aires_amba,[]
2026-06-01 17:34:38.275234+00,anotador_195,9999,1,,,,"[{""pos"":1,""source"":""hyp"",""palabra"":""Kettering,""},{""pos"":1,""source"":""prem"",""palabra"":""chaval""},{""pos"":7,""source"":""hyp"",""palabra"":""Tournament""},{""pos"":8,""source"":""hyp"",""palabra"":""of""}]"
2026-06-01 17:35:30.534433+00,anotador_195,6138,4,,,,"[{""pos"":14,""source"":""prem"",""palabra"":""luego""}]"
2026-06-01 17:36:18.204137+00,anotador_195,2120,2,,,,[]
2026-06-01 17:36:24.78608+00,anotador_195,3149,4,,,,"[{""pos"":1,""source"":""prem"",""palabra"":""congelaciones""}]"
2026-06-01 17:36:54.475299+00,anotador_195,677,,,,,"[{""pos"":1,""source"":""hyp"",""palabra"":""ha""}]"
2026-06-01 17:36:54.796131+00,anotador_195,677,3,,,,"[{""pos"":1,""source"":""hyp"",""palabra"":""ha""},{""pos"":2,""source"":""hyp"",""palabra"":""perdido""}]"
2026-06-01 17:37:16.298885+00,anotador_195,7475,3,,,,"[{""pos"":1,""source"":""hyp"",""palabra"":""hemos""},{""pos"":2,""source"":""hyp"",""palabra"":""oído""}]"
2026-06-01 17:37:30.474953+00,anotador_195,6743,3,no le va a decir,,,"[{""pos"":6,""source"":""hyp"",""palabra"":""no""},{""pos"":7,""source"":""hyp"",""palabra"":""le""},{""pos"":8,""source"":""hyp"",""palabra"":""dirá""}]"
2026-06-01 17:38:01.943148+00,anotador_195,5502,5,,,,[]
2026-06-01 17:38:22.284215+00,anotador_195,5164,3,,,,[]
2026-06-01 17:38:29.698511+00,anotador_195,2827,4,,,,[]
2026-06-01 17:38:51.809789+00,anotador_195,3625,3,,,,[]
2026-06-01 17:38:59.80745+00,anotador_195,5824,4,,,,[]
2026-06-01 17:39:06.168514+00,anotador_195,1504,3,,,,[]
2026-06-01 18:12:18.12184+00,anotador_326,9999,1,,,buenos_aires_amba,"[{""pos"":1,""source"":""prem"",""palabra"":""chaval""},{""pos"":2,""source"":""prem"",""palabra"":""cogió""},{""pos"":4,""source"":""prem"",""palabra"":""móvil""},{""pos"":8,""source"":""prem"",""palabra"":""piso""}]"
2026-06-01 18:12:40.01202+00,anotador_326,1225,3,,,buenos_aires_amba,"[{""pos"":1,""source"":""prem"",""palabra"":""tarea""},{""pos"":2,""source"":""prem"",""palabra"":""inmediata""}]"
2026-06-01 18:13:00.379453+00,anotador_326,649,2,,,buenos_aires_amba,"[{""pos"":2,""source"":""prem"",""palabra"":""césped""},{""pos"":3,""source"":""prem"",""palabra"":""Bermuda""},{""pos"":20,""source"":""prem"",""palabra"":""green""},{""pos"":14,""source"":""hyp"",""palabra"":""verde""}]"
2026-06-01 18:13:38.156549+00,anotador_326,2547,3,,,buenos_aires_amba,"[{""pos"":27,""source"":""prem"",""palabra"":""crecientes""},{""pos"":8,""source"":""prem"",""palabra"":""experimentó""},{""pos"":10,""source"":""prem"",""palabra"":""fusiones""}]"
2026-06-01 18:13:58.4443+00,anotador_326,3802,4,,,buenos_aires_amba,"[{""pos"":14,""source"":""prem"",""palabra"":""membresía,""}]"
2026-06-01 18:14:18.858519+00,anotador_326,4865,4,,,buenos_aires_amba,[]
2026-06-01 18:14:28.738321+00,anotador_326,5468,2,,,buenos_aires_amba,"[{""pos"":8,""source"":""prem"",""palabra"":""manutención""},{""pos"":21,""source"":""prem"",""palabra"":""base.""},{""pos"":8,""source"":""hyp"",""palabra"":""base.""}]"
2026-06-01 18:14:52.124665+00,anotador_326,4591,3,,,buenos_aires_amba,"[{""pos"":1,""source"":""prem"",""palabra"":""metáforas""},{""pos"":1,""source"":""hyp"",""palabra"":""metáforas""}]"
2026-06-01 18:14:55.642416+00,anotador_220,9999,1,,,buenos_aires_amba,[]
2026-06-01 18:15:09.18214+00,anotador_326,5230,3,,,buenos_aires_amba,"[{""pos"":7,""source"":""hyp"",""palabra"":""tienda.""}]"
2026-06-01 18:15:19.439786+00,anotador_220,4295,4,,,buenos_aires_amba,[]
2026-06-01 18:15:25.964138+00,anotador_220,7480,1,,,buenos_aires_amba,[]
2026-06-01 18:15:27.686067+00,anotador_326,3345,3,,,buenos_aires_amba,"[{""pos"":9,""source"":""prem"",""palabra"":""idear""},{""pos"":23,""source"":""prem"",""palabra"":""activos.""},{""pos"":20,""source"":""prem"",""palabra"":""apoderarse""}]"
2026-06-01 18:15:33.031678+00,anotador_220,4457,1,,,buenos_aires_amba,[]
2026-06-01 18:15:39.638766+00,anotador_326,1720,4,,,buenos_aires_amba,"[{""pos"":8,""source"":""prem"",""palabra"":""motín""}]"
2026-06-01 18:15:41.737546+00,anotador_220,287,2,,,buenos_aires_amba,[]
2026-06-01 18:15:47.44265+00,anotador_220,6662,2,,,buenos_aires_amba,[]
2026-06-01 18:15:56.485407+00,anotador_220,2115,5,,,buenos_aires_amba,[]
2026-06-01 18:16:02.490154+00,anotador_220,6254,1,,,buenos_aires_amba,[]
2026-06-01 18:16:05.485999+00,anotador_326,6655,3,,,buenos_aires_amba,"[{""pos"":32,""source"":""prem"",""palabra"":""derrumbado.""}]"
2026-06-01 18:16:09.978139+00,anotador_220,7034,2,,,buenos_aires_amba,[]
2026-06-01 18:16:16.636131+00,anotador_220,1765,5,,,buenos_aires_amba,[]
2026-06-01 18:16:22.753218+00,anotador_220,5057,5,,,buenos_aires_amba,[]
2026-06-01 18:16:24.998686+00,anotador_326,5286,4,,,buenos_aires_amba,"[{""pos"":1,""source"":""hyp"",""palabra"":""firmemente""}]"
2026-06-01 18:16:28.23634+00,anotador_220,1910,4,,,buenos_aires_amba,[]
2026-06-01 18:16:33.547004+00,anotador_220,1251,5,,,buenos_aires_amba,[]
2026-06-01 18:16:39.268347+00,anotador_326,5776,2,,,buenos_aires_amba,"[{""pos"":15,""source"":""prem"",""palabra"":""rindiéndose""},{""pos"":18,""source"":""prem"",""palabra"":""desconcierto,""},{""pos"":21,""source"":""prem"",""palabra"":""abruptamente.""}]"
2026-06-01 18:16:42.49742+00,anotador_220,6905,4,,,buenos_aires_amba,[]
2026-06-01 18:16:53.26194+00,anotador_220,3176,4,,,buenos_aires_amba,[]
2026-06-01 18:16:53.376711+00,anotador_326,4917,1,,,buenos_aires_amba,"[{""pos"":8,""source"":""prem"",""palabra"":""politeísmo""},{""pos"":11,""source"":""prem"",""palabra"":""monoteísmo,""},{""pos"":13,""source"":""prem"",""palabra"":""concepto""},{""pos"":14,""source"":""prem"",""palabra"":""útil""},{""pos"":18,""source"":""prem"",""palabra"":""eslabón""},{""pos"":19,""source"":""prem"",""palabra"":""perdido""},{""pos"":23,""source"":""prem"",""palabra"":""evolutivo.""},{""pos"":6,""source"":""hyp"",""palabra"":""politeísmo""},{""pos"":9,""source"":""hyp"",""palabra"":""monoteísmo.""}]"
2026-06-01 18:16:56.724144+00,anotador_220,6232,4,,,buenos_aires_amba,[]
2026-06-01 18:16:58.448209+00,anotador_201,9999,1,,,buenos_aires_amba,"[{""pos"":1,""source"":""prem"",""palabra"":""chaval""},{""pos"":1,""source"":""hyp"",""palabra"":""Kettering,""},{""pos"":7,""source"":""hyp"",""palabra"":""Tournament""},{""pos"":4,""source"":""prem"",""palabra"":""móvil""},{""pos"":2,""source"":""prem"",""palabra"":""cogió""},{""pos"":8,""source"":""prem"",""palabra"":""piso""},{""pos"":10,""source"":""prem"",""palabra"":""internet,""}]"
2026-06-01 18:17:01.371248+00,anotador_220,6120,5,,,buenos_aires_amba,[]
2026-06-01 18:17:05.286631+00,anotador_220,5422,4,,,buenos_aires_amba,[]
2026-06-01 18:17:10.803169+00,anotador_220,4997,5,,,buenos_aires_amba,[]
2026-06-01 18:17:14.980806+00,anotador_326,6925,5,,,buenos_aires_amba,[]
2026-06-01 18:17:17.504809+00,anotador_220,4609,3,,,buenos_aires_amba,[]
2026-06-01 18:17:22.599939+00,anotador_326,5161,4,,,buenos_aires_amba,"[{""pos"":10,""source"":""prem"",""palabra"":""acabando""}]"
2026-06-01 18:17:37.827991+00,anotador_326,2453,3,,,buenos_aires_amba,"[{""pos"":18,""source"":""prem"",""palabra"":""hugonotes,""}]"
2026-06-01 18:17:38.95718+00,anotador_201,6085,2,,,buenos_aires_amba,"[{""pos"":10,""source"":""prem"",""palabra"":""ferrocarril""},{""pos"":22,""source"":""prem"",""palabra"":""cariñosamente.""},{""pos"":6,""source"":""prem"",""palabra"":""encontrarás""}]"
2026-06-01 18:17:58.218357+00,anotador_326,7271,3,,,buenos_aires_amba,[]
2026-06-01 18:18:16.167161+00,anotador_326,4685,3,,,buenos_aires_amba,"[{""pos"":9,""source"":""hyp"",""palabra"":""género""},{""pos"":16,""source"":""prem"",""palabra"":""haciendo""},{""pos"":17,""source"":""prem"",""palabra"":""propuestas""}]"
2026-06-01 18:18:23.993395+00,anotador_201,6858,3,"Es sin fines de lucro la expresión. Distinguidos no está mal. Solo no
Me suena argentino.",,buenos_aires_amba,"[{""pos"":25,""source"":""prem"",""palabra"":""ánimo""},{""pos"":7,""source"":""prem"",""palabra"":""distinguidos""}]"
2026-06-01 18:19:39.086397+00,anotador_201,1876,1,Tonto quijotesco no es una expresión argentina.,,buenos_aires_amba,"[{""pos"":6,""source"":""prem"",""palabra"":""quijotesco""},{""pos"":5,""source"":""prem"",""palabra"":""tonto""}]"
2026-06-01 18:20:55.159468+00,anotador_201,4313,3,,,buenos_aires_amba,[]
2026-06-01 18:21:07.546279+00,anotador_010,9999,1,,,,"[{""pos"":1,""source"":""prem"",""palabra"":""chaval""},{""pos"":2,""source"":""prem"",""palabra"":""cogió""},{""pos"":8,""source"":""prem"",""palabra"":""piso""},{""pos"":1,""source"":""hyp"",""palabra"":""Kettering,""},{""pos"":3,""source"":""hyp"",""palabra"":""Wollongong""},{""pos"":4,""source"":""hyp"",""palabra"":""Bears""},{""pos"":7,""source"":""hyp"",""palabra"":""Tournament""},{""pos"":9,""source"":""hyp"",""palabra"":""Kilimsworth""},{""pos"":4,""source"":""prem"",""palabra"":""móvil""},{""pos"":11,""source"":""prem"",""palabra"":""luego""}]"
2026-06-01 18:21:16.713695+00,anotador_201,7014,4,,,buenos_aires_amba,[]
2026-06-01 18:21:22.904448+00,anotador_201,1220,4,,,buenos_aires_amba,[]
2026-06-01 18:21:41.746104+00,anotador_201,3074,4,Tema en vez de asunto sonaría más argentino.,,buenos_aires_amba,"[{""pos"":1,""source"":""hyp"",""palabra"":""asunto""}]"
2026-06-01 18:22:32.277208+00,anotador_201,3904,4,,,buenos_aires_amba,[]
2026-06-01 18:22:44.92744+00,anotador_201,5238,4,,,buenos_aires_amba,[]
2026-06-01 18:22:56.260515+00,anotador_010,3197,3,,,,[]
2026-06-01 18:23:03.925528+00,anotador_201,7141,4,Recuperes en vez de recobres sería más argentino.,,buenos_aires_amba,"[{""pos"":3,""source"":""prem"",""palabra"":""recobres""}]"
2026-06-01 18:23:37.010536+00,anotador_201,7191,5,,,buenos_aires_amba,[]
2026-06-01 18:23:41.418841+00,anotador_010,3868,4,,,,[]
2026-06-01 18:23:46.252422+00,anotador_201,5946,5,,,buenos_aires_amba,[]
2026-06-01 18:23:51.286752+00,anotador_010,3705,4,,,,[]
2026-06-01 18:23:57.029478+00,anotador_201,4280,5,,,buenos_aires_amba,[]
2026-06-01 18:24:09.261798+00,anotador_201,2857,4,,,buenos_aires_amba,[]
2026-06-01 18:24:26.049771+00,anotador_201,5792,3,,,buenos_aires_amba,[]
2026-06-01 18:24:45.700233+00,anotador_201,5202,3,,,buenos_aires_amba,[]
2026-06-01 18:25:00.139075+00,anotador_201,2783,4,,,buenos_aires_amba,[]
2026-06-01 18:25:20.01322+00,anotador_201,1272,3,,,buenos_aires_amba,[]
2026-06-01 18:25:32.043598+00,anotador_201,5242,4,,,buenos_aires_amba,[]
2026-06-01 18:33:36.231173+00,anotador_082,9999,2,,,,"[{""pos"":1,""source"":""prem"",""palabra"":""chaval""}]"
2026-06-01 18:33:58.535551+00,anotador_082,4114,4,,,,[]
2026-06-01 18:34:07.771941+00,anotador_082,3535,5,,,,[]
2026-06-01 18:34:15.494833+00,anotador_082,1822,4,,,,[]
2026-06-01 18:34:21.932926+00,anotador_082,4706,5,,,,[]
2026-06-01 18:34:28.639249+00,anotador_082,6822,4,,,,[]
2026-06-01 18:34:36.697668+00,anotador_082,6791,4,,,,[]
2026-06-01 18:34:39.871052+00,anotador_082,4088,5,,,,[]
2026-06-01 18:34:45.673097+00,anotador_082,3875,5,,,,[]
2026-06-01 18:34:52.094998+00,anotador_082,6563,5,,,,[]
2026-06-01 18:34:57.357142+00,anotador_082,6055,5,,,,[]
2026-06-01 18:35:02.844623+00,anotador_082,5867,5,,,,[]
2026-06-01 18:41:21.162298+00,anotador_339,9999,1,,,buenos_aires_amba,"[{""pos"":1,""source"":""prem"",""palabra"":""chaval""},{""pos"":2,""source"":""prem"",""palabra"":""cogió""},{""pos"":1,""source"":""hyp"",""palabra"":""Kettering,""},{""pos"":7,""source"":""hyp"",""palabra"":""Tournament""},{""pos"":8,""source"":""hyp"",""palabra"":""of""},{""pos"":9,""source"":""hyp"",""palabra"":""Kilimsworth""},{""pos"":13,""source"":""hyp"",""palabra"":""fans.""},{""pos"":11,""source"":""prem"",""palabra"":""luego""}]"
2026-06-01 18:42:39.146517+00,anotador_339,5772,4,,,buenos_aires_amba,[]
2026-06-01 18:42:48.342433+00,anotador_339,4146,5,,,buenos_aires_amba,[]
2026-06-01 18:42:53.643351+00,anotador_339,3629,4,,,buenos_aires_amba,"[{""pos"":2,""source"":""prem"",""palabra"":""meta.""}]"
2026-06-01 18:43:13.387896+00,anotador_339,1931,5,,,buenos_aires_amba,[]
2026-06-01 18:43:25.152371+00,anotador_339,3549,5,,,buenos_aires_amba,[]
2026-06-01 18:43:44.745188+00,anotador_339,2172,5,,,buenos_aires_amba,[]
2026-06-01 18:44:12.408708+00,anotador_339,4671,5,,,buenos_aires_amba,[]
2026-06-01 18:44:59.559731+00,anotador_062,9999,3,Chaval/cogio/movil,,,[]
2026-06-01 18:49:41.442546+00,anotador_062,6113,4,Sepulcro,,,[]
2026-06-01 18:49:59.860254+00,anotador_062,3114,4,FBI ,,,[]
2026-06-01 18:50:25.34373+00,anotador_062,6129,5,,,,[]
2026-06-01 18:50:43.714828+00,anotador_062,7176,4,Forbes,,,[]
2026-06-01 18:53:40.938029+00,anotador_339,2301,5,,,buenos_aires_amba,"[{""pos"":18,""source"":""prem"",""palabra"":""fluye""}]"
2026-06-01 18:54:06.788766+00,anotador_339,6448,5,,,buenos_aires_amba,[]
2026-06-01 18:54:15.386539+00,anotador_339,678,5,,,buenos_aires_amba,[]
2026-06-01 18:54:24.987731+00,anotador_339,916,5,,,buenos_aires_amba,[]
2026-06-01 18:54:35.529724+00,anotador_339,5122,5,,,buenos_aires_amba,[]
2026-06-01 18:54:53.457005+00,anotador_339,4900,4,,,buenos_aires_amba,[]
2026-06-01 18:56:41.091858+00,anotador_339,1920,5,,,buenos_aires_amba,[]
2026-06-01 18:56:57.914145+00,anotador_339,5774,5,,,buenos_aires_amba,[]
2026-06-01 18:57:07.744185+00,anotador_339,5380,5,,,buenos_aires_amba,[]
2026-06-01 18:57:20.907402+00,anotador_339,1565,4,,,buenos_aires_amba,[]
2026-06-01 18:57:39.866057+00,anotador_339,5580,5,,,buenos_aires_amba,[]
2026-06-01 18:57:56.028342+00,anotador_339,1718,5,,,buenos_aires_amba,[]
2026-06-01 19:22:32.926964+00,anotador_113,9999,2,,,buenos_aires_amba,"[{""pos"":7,""source"":""hyp"",""palabra"":""Tournament""}]"
2026-06-01 19:23:04.298949+00,anotador_113,4981,3,,,buenos_aires_amba,[]
2026-06-01 19:23:16.395426+00,anotador_113,4780,2,,,buenos_aires_amba,"[{""pos"":3,""source"":""prem"",""palabra"":""referencia""},{""pos"":13,""source"":""hyp"",""palabra"":""referencia.""}]"
2026-06-01 19:23:50.34567+00,anotador_113,3433,4,,,buenos_aires_amba,[]
2026-06-01 19:24:06.505363+00,anotador_113,5932,4,,,buenos_aires_amba,[]
2026-06-01 19:24:16.481913+00,anotador_113,5449,4,,,buenos_aires_amba,[]
2026-06-01 19:24:28.319008+00,anotador_113,3813,3,,,buenos_aires_amba,[]
2026-06-01 19:24:53.767634+00,anotador_113,4773,4,,,buenos_aires_amba,[]
2026-06-01 19:25:39.085673+00,anotador_113,2354,4,,,buenos_aires_amba,[]
2026-06-01 19:25:51.914766+00,anotador_113,6278,3,,,buenos_aires_amba,"[{""pos"":4,""source"":""hyp"",""palabra"":""complacidas""},{""pos"":3,""source"":""hyp"",""palabra"":""están""}]"
2026-06-01 19:26:21.021737+00,anotador_113,4957,3,,,buenos_aires_amba,[]
2026-06-01 19:26:27.560431+00,anotador_113,181,2,,,buenos_aires_amba,"[{""pos"":7,""source"":""prem"",""palabra"":""chico""},{""pos"":8,""source"":""prem"",""palabra"":""tornillo""}]"
2026-06-01 19:26:44.429023+00,anotador_086,9999,1,,,buenos_aires_amba,"[{""pos"":1,""source"":""prem"",""palabra"":""chaval""},{""pos"":1,""source"":""hyp"",""palabra"":""Kettering,""},{""pos"":2,""source"":""prem"",""palabra"":""cogió""},{""pos"":8,""source"":""prem"",""palabra"":""piso""},{""pos"":7,""source"":""hyp"",""palabra"":""Tournament""},{""pos"":9,""source"":""hyp"",""palabra"":""Kilimsworth""}]"
2026-06-01 19:27:01.953561+00,anotador_113,5324,3,,,buenos_aires_amba,"[{""pos"":12,""source"":""prem"",""palabra"":""compañía""},{""pos"":11,""source"":""prem"",""palabra"":""la""},{""pos"":13,""source"":""prem"",""palabra"":""con""},{""pos"":14,""source"":""prem"",""palabra"":""la""},{""pos"":16,""source"":""prem"",""palabra"":""estaba""},{""pos"":15,""source"":""prem"",""palabra"":""que""}]"
2026-06-01 19:27:21.854744+00,anotador_086,1304,5,,,buenos_aires_amba,[]
2026-06-01 19:27:33.148212+00,anotador_086,5008,5,,,buenos_aires_amba,[]
2026-06-01 19:27:46.787506+00,anotador_086,3257,5,,,buenos_aires_amba,[]
2026-06-01 19:27:49.254264+00,anotador_306,9999,1,,,,"[{""pos"":1,""source"":""prem"",""palabra"":""chaval""},{""pos"":2,""source"":""prem"",""palabra"":""cogió""},{""pos"":4,""source"":""prem"",""palabra"":""móvil""},{""pos"":1,""source"":""hyp"",""palabra"":""Kettering,""},{""pos"":3,""source"":""hyp"",""palabra"":""Wollongong""},{""pos"":4,""source"":""hyp"",""palabra"":""Bears""},{""pos"":7,""source"":""hyp"",""palabra"":""Tournament""},{""pos"":8,""source"":""hyp"",""palabra"":""of""},{""pos"":9,""source"":""hyp"",""palabra"":""Kilimsworth""}]"
2026-06-01 19:27:57.91972+00,anotador_086,4520,5,,,buenos_aires_amba,[]
2026-06-01 19:28:04.093058+00,anotador_086,7128,4,,,buenos_aires_amba,"[{""pos"":9,""source"":""prem"",""palabra"":""inefables""}]"
2026-06-01 19:28:15.39523+00,anotador_113,6253,4,,,buenos_aires_amba,[]
2026-06-01 19:28:20.65986+00,anotador_086,3747,5,,,buenos_aires_amba,[]
2026-06-01 19:28:28.068353+00,anotador_113,2195,4,,,buenos_aires_amba,[]
2026-06-01 19:28:35.191725+00,anotador_086,6751,5,,,buenos_aires_amba,[]
2026-06-01 19:28:36.495511+00,anotador_113,1616,5,,,buenos_aires_amba,[]
2026-06-01 19:28:39.292855+00,anotador_306,4544,4,,,,"[{""pos"":0,""source"":""prem"",""palabra"":""Split""},{""pos"":1,""source"":""prem"",""palabra"":""Ends,""},{""pos"":0,""source"":""hyp"",""palabra"":""Split""},{""pos"":1,""source"":""hyp"",""palabra"":""Ends""}]"
2026-06-01 19:28:41.732944+00,anotador_086,5134,5,,,buenos_aires_amba,[]
2026-06-01 19:28:49.471574+00,anotador_086,5211,5,,,buenos_aires_amba,[]
2026-06-01 19:28:54.982649+00,anotador_113,2118,3,,,buenos_aires_amba,[]
2026-06-01 19:29:02.592592+00,anotador_086,7280,5,,,buenos_aires_amba,[]
2026-06-01 19:29:06.462742+00,anotador_086,5445,5,,,buenos_aires_amba,[]
2026-06-01 19:29:10.028582+00,anotador_113,3852,3,,,buenos_aires_amba,[]
2026-06-01 19:29:15.123202+00,anotador_086,2489,5,,,buenos_aires_amba,[]
2026-06-01 19:29:15.311579+00,anotador_086,2488,5,,,buenos_aires_amba,[]
2026-06-01 19:29:17.532557+00,anotador_113,1907,4,,,buenos_aires_amba,[]
2026-06-01 19:29:20.926714+00,anotador_086,1969,4,,,buenos_aires_amba,"[{""pos"":5,""source"":""prem"",""palabra"":""barandilla,""}]"
2026-06-01 19:29:27.457093+00,anotador_306,2932,5,,,,[]
2026-06-01 19:29:35.439559+00,anotador_086,1904,5,,,buenos_aires_amba,[]
2026-06-01 19:29:38.978921+00,anotador_086,4571,3,,,buenos_aires_amba,"[{""pos"":5,""source"":""prem"",""palabra"":""harapos""},{""pos"":10,""source"":""prem"",""palabra"":""peyorativos""},{""pos"":27,""source"":""prem"",""palabra"":""currículos""}]"
2026-06-01 19:29:41.434053+00,anotador_113,4100,3,,,buenos_aires_amba,[]
2026-06-01 19:29:42.213136+00,anotador_306,7188,5,,,,[]
2026-06-01 19:29:49.986937+00,anotador_306,2924,5,,,,[]
2026-06-01 19:30:06.543897+00,anotador_086,3442,5,,,buenos_aires_amba,[]
2026-06-01 19:30:07.706706+00,anotador_306,2122,4,,,,"[{""pos"":6,""source"":""hyp"",""palabra"":""alocados""}]"
2026-06-01 19:30:14.576402+00,anotador_086,1260,5,,,buenos_aires_amba,[]
2026-06-01 19:30:28.991773+00,anotador_306,6404,5,,,,[]
2026-06-01 19:30:29.437798+00,anotador_086,2155,5,,,buenos_aires_amba,[]
2026-06-01 19:30:42.487102+00,anotador_306,4499,5,,,,[]
2026-06-01 19:31:04.821898+00,anotador_306,2114,5,,,,[]
2026-06-01 19:31:10.498217+00,anotador_306,5022,5,,,,[]
2026-06-01 19:31:18.381368+00,anotador_306,4515,4,,,,"[{""pos"":16,""source"":""prem"",""palabra"":""pastel""}]"
2026-06-01 19:31:32.708638+00,anotador_306,4941,4,,,,"[{""pos"":7,""source"":""prem"",""palabra"":""periódicos""}]"
2026-06-01 19:31:42.612208+00,anotador_306,2345,3,,,,"[{""pos"":1,""source"":""prem"",""palabra"":""telesilla""},{""pos"":1,""source"":""hyp"",""palabra"":""telesilla""}]"
2026-06-01 19:31:54.341561+00,anotador_306,5420,5,,,,[]
2026-06-01 19:32:04.90881+00,anotador_306,1750,5,,,,[]
2026-06-01 19:32:17.608492+00,anotador_306,7400,5,,,,[]
2026-06-01 19:32:29.030236+00,anotador_306,6478,5,,,,[]
2026-06-01 19:48:44.70444+00,anotador_162,9999,1,,,buenos_aires_amba,[]
2026-06-01 19:48:49.618178+00,anotador_162,3234,5,,,buenos_aires_amba,[]
2026-06-01 19:48:59.131755+00,anotador_162,3456,5,,,buenos_aires_amba,[]
2026-06-01 19:49:08.825696+00,anotador_162,2549,5,,,buenos_aires_amba,[]
2026-06-01 19:49:20.706161+00,anotador_162,3000,5,,,buenos_aires_amba,[]
2026-06-01 19:49:30.041235+00,anotador_162,5503,5,,,buenos_aires_amba,[]
2026-06-01 19:49:36.416246+00,anotador_162,3889,5,,,buenos_aires_amba,[]
2026-06-01 19:49:41.423105+00,anotador_162,1679,5,,,buenos_aires_amba,[]
2026-06-01 19:49:53.922481+00,anotador_162,5550,5,,,buenos_aires_amba,[]
2026-06-01 19:50:01.781804+00,anotador_162,7459,5,,,buenos_aires_amba,[]
2026-06-01 19:50:07.51686+00,anotador_162,3039,5,,,buenos_aires_amba,[]
2026-06-01 19:50:13.054588+00,anotador_162,5752,5,,,buenos_aires_amba,[]
2026-06-01 19:50:20.193186+00,anotador_162,2681,5,,,buenos_aires_amba,[]
2026-06-01 19:50:27.386421+00,anotador_162,3997,5,,,buenos_aires_amba,[]
2026-06-01 19:50:33.963797+00,anotador_162,2184,5,,,buenos_aires_amba,[]
2026-06-01 19:50:39.726176+00,anotador_162,4224,5,,,buenos_aires_amba,[]
2026-06-01 19:50:45.426002+00,anotador_162,7363,5,,,buenos_aires_amba,[]
2026-06-01 19:50:51.047226+00,anotador_162,5145,5,,,buenos_aires_amba,[]
2026-06-01 19:50:58.003403+00,anotador_162,5504,5,,,buenos_aires_amba,[]
2026-06-01 19:51:06.808461+00,anotador_162,6657,5,,,buenos_aires_amba,[]
2026-06-01 19:56:59.138645+00,anotador_235,9999,2,,,buenos_aires_amba,"[{""pos"":1,""source"":""prem"",""palabra"":""chaval""},{""pos"":2,""source"":""prem"",""palabra"":""cogió""},{""pos"":4,""source"":""prem"",""palabra"":""móvil""},{""pos"":1,""source"":""hyp"",""palabra"":""Kettering,""},{""pos"":3,""source"":""hyp"",""palabra"":""Wollongong""},{""pos"":4,""source"":""hyp"",""palabra"":""Bears""},{""pos"":7,""source"":""hyp"",""palabra"":""Tournament""},{""pos"":8,""source"":""hyp"",""palabra"":""of""},{""pos"":9,""source"":""hyp"",""palabra"":""Kilimsworth""}]"
2026-06-01 19:59:06.830932+00,anotador_235,1972,4,,,buenos_aires_amba,[]
2026-06-01 19:59:19.626861+00,anotador_235,5791,4,,,buenos_aires_amba,"[{""pos"":11,""source"":""prem"",""palabra"":""Bouchard""},{""pos"":0,""source"":""hyp"",""palabra"":""Bouchard""}]"
2026-06-01 20:00:11.948285+00,anotador_235,2623,5,,,buenos_aires_amba,[]
2026-06-01 20:00:24.514336+00,anotador_235,7236,5,,,buenos_aires_amba,[]
2026-06-01 20:00:43.527755+00,anotador_235,6125,5,,,buenos_aires_amba,[]
2026-06-01 20:01:09.047895+00,anotador_235,6058,4,,,buenos_aires_amba,[]
2026-06-01 20:01:25.653346+00,anotador_235,5964,4,,,buenos_aires_amba,[]
2026-06-01 20:02:07.834733+00,anotador_235,7388,4,,,buenos_aires_amba,[]
2026-06-01 20:02:14.600847+00,anotador_235,963,4,,,buenos_aires_amba,[]
2026-06-01 20:02:30.684134+00,anotador_235,4504,3,,,buenos_aires_amba,[]
2026-06-01 20:02:38.33857+00,anotador_235,5095,4,,,buenos_aires_amba,[]
2026-06-01 20:02:51.630736+00,anotador_235,7389,4,,,buenos_aires_amba,[]
2026-06-01 20:03:11.089568+00,anotador_235,2351,4,,,buenos_aires_amba,[]
2026-06-01 20:03:22.089486+00,anotador_235,2914,3,,,buenos_aires_amba,[]
2026-06-01 20:03:35.294373+00,anotador_235,1365,3,,,buenos_aires_amba,[]
2026-06-01 20:03:45.711174+00,anotador_235,3810,3,,,buenos_aires_amba,[]
2026-06-01 20:03:54.530595+00,anotador_235,7046,3,,,buenos_aires_amba,[]
2026-06-01 20:04:07.779362+00,anotador_235,3370,3,,,buenos_aires_amba,[]
2026-06-01 20:04:20.90975+00,anotador_235,5773,3,,,buenos_aires_amba,[]
2026-06-01 21:01:12.322473+00,anotador_254,9999,2,"La primera oración suena español de España y la segunda, pondría Torneo de Kilimswortg",,buenos_aires_amba,"[{""pos"":1,""source"":""prem"",""palabra"":""chaval""},{""pos"":2,""source"":""prem"",""palabra"":""cogió""},{""pos"":4,""source"":""prem"",""palabra"":""móvil""},{""pos"":8,""source"":""prem"",""palabra"":""piso""},{""pos"":7,""source"":""hyp"",""palabra"":""Tournament""},{""pos"":8,""source"":""hyp"",""palabra"":""of""},{""pos"":9,""source"":""hyp"",""palabra"":""Kilimsworth""}]"
2026-06-01 21:02:31.946105+00,anotador_254,4904,4,,,buenos_aires_amba,[]
2026-06-01 21:02:38.560725+00,anotador_254,5209,3,Qué es Augusta?,,buenos_aires_amba,"[{""pos"":5,""source"":""prem"",""palabra"":""Augusta""},{""pos"":3,""source"":""hyp"",""palabra"":""Augusta""}]"
2026-06-01 21:03:01.295947+00,anotador_254,3374,4,,,buenos_aires_amba,"[{""pos"":16,""source"":""prem"",""palabra"":""intransitables""}]"
2026-06-01 21:03:28.907547+00,anotador_254,4569,5,,,buenos_aires_amba,[]
2026-06-01 21:03:38.471439+00,anotador_254,5298,4,,,buenos_aires_amba,"[{""pos"":13,""source"":""prem"",""palabra"":""corporación""},{""pos"":5,""source"":""hyp"",""palabra"":""corporación""}]"
2026-06-01 21:03:38.733592+00,anotador_254,5300,4,,,buenos_aires_amba,"[{""pos"":13,""source"":""prem"",""palabra"":""corporación""}]"
2026-06-01 21:03:47.606985+00,anotador_254,6825,5,,,buenos_aires_amba,[]
2026-06-01 21:04:03.203842+00,anotador_254,7353,,,,,"[{""pos"":4,""source"":""prem"",""palabra"":""resueltos,""}]"
2026-06-01 21:04:03.766192+00,anotador_254,7353,3,,,buenos_aires_amba,"[{""pos"":4,""source"":""prem"",""palabra"":""resueltos,""},{""pos"":1,""source"":""hyp"",""palabra"":""resuelto,""}]"
2026-06-01 21:04:16.731466+00,anotador_254,6524,5,,,buenos_aires_amba,[]
2026-06-01 21:04:26.342853+00,anotador_254,2512,5,,,buenos_aires_amba,[]
2026-06-01 21:04:32.835026+00,anotador_254,5748,4,,,,[]
2026-06-01 21:04:33.29676+00,anotador_254,5748,5,,,buenos_aires_amba,[]
2026-06-01 21:04:43.751851+00,anotador_254,5551,,,,,"[{""pos"":5,""source"":""prem"",""palabra"":""acá""}]"
2026-06-01 21:04:43.997324+00,anotador_254,5551,4,"""ya acá"" podria ser ",,buenos_aires_amba,"[{""pos"":5,""source"":""prem"",""palabra"":""acá""},{""pos"":6,""source"":""prem"",""palabra"":""ya.""}]"
2026-06-01 21:05:03.093735+00,anotador_254,6258,5,,,buenos_aires_amba,[]
2026-06-01 21:05:05.227944+00,anotador_254,4373,5,,,buenos_aires_amba,[]
2026-06-01 21:05:12.421547+00,anotador_254,6303,3,,,buenos_aires_amba,"[{""pos"":3,""source"":""prem"",""palabra"":""Haze""},{""pos"":4,""source"":""prem"",""palabra"":""RIA""},{""pos"":7,""source"":""prem"",""palabra"":""NOx""},{""pos"":2,""source"":""prem"",""palabra"":""Regional""},{""pos"":8,""source"":""prem"",""palabra"":""SIP""},{""pos"":9,""source"":""prem"",""palabra"":""Call""},{""pos"":10,""source"":""prem"",""palabra"":""RIA),""},{""pos"":27,""source"":""prem"",""palabra"":""PM""}]"
2026-06-01 21:05:34.348514+00,anotador_254,6389,4,,,,[]
2026-06-01 21:05:34.809443+00,anotador_254,6389,5,,,buenos_aires_amba,[]
2026-06-01 21:05:43.379123+00,anotador_254,2957,4,,,,[]
2026-06-01 21:05:43.648662+00,anotador_254,2957,5,,,buenos_aires_amba,[]
2026-06-01 21:06:06.509023+00,anotador_254,3383,4,,,,[]
2026-06-01 21:06:07.046001+00,anotador_254,3383,5,,,,[]
2026-06-01 21:06:09.963645+00,anotador_254,3383,5,,,,"[{""pos"":6,""source"":""hyp"",""palabra"":""refresco,""}]"
2026-06-01 21:06:11.656595+00,anotador_254,3383,4,,,buenos_aires_amba,"[{""pos"":6,""source"":""hyp"",""palabra"":""refresco,""}]"
2026-06-01 21:06:40.482314+00,anotador_254,3750,4,,,,[]
2026-06-01 21:06:40.950926+00,anotador_254,3750,5,,,buenos_aires_amba,[]
2026-06-01 21:44:38.09187+00,anotador_257,9999,2,,,buenos_aires_amba,"[{""pos"":1,""source"":""prem"",""palabra"":""chaval""},{""pos"":1,""source"":""hyp"",""palabra"":""Kettering,""},{""pos"":7,""source"":""hyp"",""palabra"":""Tournament""},{""pos"":9,""source"":""hyp"",""palabra"":""Kilimsworth""},{""pos"":3,""source"":""hyp"",""palabra"":""Wollongong""},{""pos"":4,""source"":""hyp"",""palabra"":""Bears""}]"
2026-06-01 21:45:05.242282+00,anotador_257,7321,5,,,buenos_aires_amba,[]
2026-06-01 21:45:15.534313+00,anotador_257,1748,3,"Un sinonimo de caos, por ejemplo quilombo",,buenos_aires_amba,"[{""pos"":2,""source"":""hyp"",""palabra"":""caos""}]"
2026-06-01 21:46:08.157952+00,anotador_257,5957,2,Conjugación de los verbls,,buenos_aires_amba,"[{""pos"":6,""source"":""prem"",""palabra"":""obstaculizar""},{""pos"":8,""source"":""prem"",""palabra"":""navegación,""},{""pos"":0,""source"":""hyp"",""palabra"":""Intentaremos""},{""pos"":9,""source"":""prem"",""palabra"":""colgaremos""},{""pos"":15,""source"":""prem"",""palabra"":""lucharemos""}]"
2026-06-01 21:46:54.116801+00,anotador_257,3226,5,,,buenos_aires_amba,[]
2026-06-01 21:46:57.779332+00,anotador_257,3789,5,,,buenos_aires_amba,[]
2026-06-01 21:47:04.46373+00,anotador_257,4905,4,,,buenos_aires_amba,"[{""pos"":20,""source"":""prem"",""palabra"":""empezará""}]"
2026-06-01 21:47:24.437449+00,anotador_257,5711,4,,,buenos_aires_amba,[]
2026-06-01 21:47:41.960908+00,anotador_257,4063,4,,,buenos_aires_amba,[]
2026-06-01 21:47:47.630481+00,anotador_257,4599,4,,,buenos_aires_amba,"[{""pos"":6,""source"":""prem"",""palabra"":""será""},{""pos"":17,""source"":""prem"",""palabra"":""términos""}]"
2026-06-01 21:48:20.885249+00,anotador_257,3498,3,Extraños los nombres de jerarquia,,buenos_aires_amba,"[{""pos"":10,""source"":""prem"",""palabra"":""director""},{""pos"":12,""source"":""prem"",""palabra"":""inteligencia""},{""pos"":11,""source"":""prem"",""palabra"":""de""},{""pos"":13,""source"":""prem"",""palabra"":""nacional""},{""pos"":14,""source"":""prem"",""palabra"":""adjunto,""},{""pos"":17,""source"":""prem"",""palabra"":""ejecutivo""},{""pos"":18,""source"":""prem"",""palabra"":""de""},{""pos"":19,""source"":""prem"",""palabra"":""nivel""},{""pos"":20,""source"":""prem"",""palabra"":""II,""}]"
2026-06-01 21:48:48.91302+00,anotador_257,4764,4,,,buenos_aires_amba,"[{""pos"":9,""source"":""prem"",""palabra"":""mendicidad""}]"
2026-06-01 21:49:09.447516+00,anotador_257,2772,5,,,buenos_aires_amba,[]
2026-06-01 21:49:13.698161+00,anotador_257,6121,4,,,buenos_aires_amba,[]
2026-06-01 21:49:19.13491+00,anotador_257,1402,5,,,buenos_aires_amba,[]
2026-06-01 21:49:32.696572+00,anotador_257,3481,3,,,buenos_aires_amba,"[{""pos"":21,""source"":""prem"",""palabra"":""antes""},{""pos"":22,""source"":""prem"",""palabra"":""de""},{""pos"":23,""source"":""prem"",""palabra"":""que""},{""pos"":13,""source"":""prem"",""palabra"":""abordar""},{""pos"":24,""source"":""prem"",""palabra"":""dicho""},{""pos"":25,""source"":""prem"",""palabra"":""peligro""},{""pos"":26,""source"":""prem"",""palabra"":""haya""},{""pos"":27,""source"":""prem"",""palabra"":""ocurrido,""}]"
2026-06-01 21:49:59.815263+00,anotador_257,3467,5,,,buenos_aires_amba,"[{""pos"":4,""source"":""hyp"",""palabra"":""Alcalde""},{""pos"":3,""source"":""prem"",""palabra"":""alcalde""}]"
2026-06-01 21:50:11.25316+00,anotador_257,3493,5,,,buenos_aires_amba,[]
2026-06-01 21:50:17.669137+00,anotador_257,2729,5,,,buenos_aires_amba,[]
2026-06-01 21:50:23.610363+00,anotador_257,5679,5,,,buenos_aires_amba,[]
2026-06-01 21:59:47.635892+00,anotador_062,3995,4,,,,[]
2026-06-01 22:00:09.299406+00,anotador_062,7001,4,Emular,,,[]
2026-06-01 22:00:17.951721+00,anotador_062,4392,4,,,,[]
2026-06-01 22:00:39.217573+00,anotador_062,1319,4,,,,[]
2026-06-01 22:00:48.451497+00,anotador_062,5440,4,,,,[]
2026-06-01 22:01:10.484416+00,anotador_062,5695,4,,,,[]
2026-06-01 22:01:10.780446+00,anotador_062,5694,4,,,,[]
2026-06-01 22:01:34.668058+00,anotador_062,2229,4,Capturar ,,,[]
2026-06-01 22:01:55.096335+00,anotador_062,2389,4,,,,[]
2026-06-01 22:02:06.286872+00,anotador_062,4383,4,,,,[]
2026-06-01 22:02:31.524673+00,anotador_062,3811,4,Membresía ,,,[]
2026-06-01 22:02:48.823368+00,anotador_062,2308,4,,,,[]
2026-06-01 22:02:59.675366+00,anotador_062,4047,4,,,,[]
2026-06-01 22:03:16.825929+00,anotador_062,24,4,,,,[]
2026-06-01 22:20:04.240043+00,anotador_275,9999,1,,,buenos_aires_amba,"[{""pos"":1,""source"":""hyp"",""palabra"":""Kettering,""},{""pos"":1,""source"":""prem"",""palabra"":""chaval""}]"
2026-06-01 22:20:17.558571+00,anotador_275,5544,5,,,buenos_aires_amba,[]
2026-06-01 22:20:25.723775+00,anotador_275,1890,5,,,buenos_aires_amba,[]
2026-06-01 22:20:35.322421+00,anotador_275,890,5,,,buenos_aires_amba,[]
2026-06-01 22:20:45.427905+00,anotador_275,4911,5,,,buenos_aires_amba,[]
2026-06-01 22:20:51.044417+00,anotador_275,3408,5,,,buenos_aires_amba,[]
2026-06-01 22:20:57.80667+00,anotador_275,1451,4,,,buenos_aires_amba,"[{""pos"":14,""source"":""prem"",""palabra"":""púrpura""}]"
2026-06-01 22:21:04.730352+00,anotador_275,1596,4,,,buenos_aires_amba,[]
2026-06-01 22:21:32.766925+00,anotador_275,3011,5,,,buenos_aires_amba,[]
2026-06-01 22:21:40.091271+00,anotador_275,6480,5,,,buenos_aires_amba,[]
2026-06-01 22:21:49.241637+00,anotador_275,6463,5,,,buenos_aires_amba,[]
2026-06-01 22:21:58.976728+00,anotador_275,7371,5,,,buenos_aires_amba,[]
2026-06-01 22:22:04.953743+00,anotador_275,6315,5,,,buenos_aires_amba,[]
2026-06-01 22:22:15.313991+00,anotador_275,643,5,,,buenos_aires_amba,[]
2026-06-01 22:22:26.479625+00,anotador_275,3331,5,,,buenos_aires_amba,[]
2026-06-01 22:22:29.548477+00,anotador_275,2143,,,,,"[{""pos"":1,""source"":""prem"",""palabra"":""te""}]"
2026-06-01 22:22:30.010452+00,anotador_275,2143,3,,,buenos_aires_amba,"[{""pos"":1,""source"":""prem"",""palabra"":""te""},{""pos"":2,""source"":""prem"",""palabra"":""has""},{""pos"":3,""source"":""prem"",""palabra"":""convertido""}]"
2026-06-01 22:22:50.694499+00,anotador_275,3271,4,,,buenos_aires_amba,[]
2026-06-01 22:23:07.10209+00,anotador_275,2228,5,,,buenos_aires_amba,[]
2026-06-01 22:23:15.817021+00,anotador_275,7488,5,,,buenos_aires_amba,[]
2026-06-01 22:23:18.93387+00,anotador_275,5231,5,,,buenos_aires_amba,[]
2026-06-01 22:24:45.664809+00,anotador_117,9999,5,,,,[]
2026-06-01 22:24:51.915802+00,anotador_117,3554,5,,,,[]
2026-06-01 22:24:52.980962+00,anotador_117,3754,5,,,,[]
2026-06-01 22:24:54.409768+00,anotador_117,5936,5,,,,[]
2026-06-01 22:24:55.835195+00,anotador_117,1845,5,,,,[]
2026-06-01 22:24:57.071396+00,anotador_117,2084,5,,,,[]
2026-06-01 22:24:58.165972+00,anotador_117,7018,5,,,,[]
2026-06-01 22:24:59.892584+00,anotador_117,5658,5,,,,[]
2026-06-01 22:25:00.709836+00,anotador_117,4112,5,,,,[]
2026-06-01 22:25:01.546069+00,anotador_117,3372,5,,,,[]
2026-06-01 22:32:00.954676+00,anotador_097,9999,,,,,"[{""pos"":1,""source"":""prem"",""palabra"":""chaval""}]"
2026-06-01 22:32:01.90612+00,anotador_097,9999,1,,,buenos_aires_amba,"[{""pos"":1,""source"":""prem"",""palabra"":""chaval""},{""pos"":2,""source"":""prem"",""palabra"":""cogió""},{""pos"":4,""source"":""prem"",""palabra"":""móvil""},{""pos"":8,""source"":""prem"",""palabra"":""piso""},{""pos"":1,""source"":""hyp"",""palabra"":""Kettering,""},{""pos"":3,""source"":""hyp"",""palabra"":""Wollongong""},{""pos"":4,""source"":""hyp"",""palabra"":""Bears""},{""pos"":7,""source"":""hyp"",""palabra"":""Tournament""},{""pos"":9,""source"":""hyp"",""palabra"":""Kilimsworth""}]"
2026-06-01 22:32:51.955372+00,anotador_097,4275,3,,,buenos_aires_amba,"[{""pos"":15,""source"":""hyp"",""palabra"":""recinto""}]"
2026-06-01 22:33:10.810511+00,anotador_097,893,5,,,buenos_aires_amba,[]
2026-06-01 22:33:20.682077+00,anotador_097,3307,5,,,buenos_aires_amba,[]
2026-06-01 22:33:28.297742+00,anotador_097,2780,5,,,buenos_aires_amba,[]
2026-06-01 22:33:39.405778+00,anotador_097,7301,5,,,buenos_aires_amba,[]
2026-06-01 22:33:45.466416+00,anotador_097,4760,5,,,buenos_aires_amba,[]
2026-06-01 22:33:50.705608+00,anotador_097,1264,,,,,"[{""pos"":8,""source"":""prem"",""palabra"":""Vincent""}]"
2026-06-01 22:33:50.9363+00,anotador_097,1264,2,,,buenos_aires_amba,"[{""pos"":8,""source"":""prem"",""palabra"":""Vincent""},{""pos"":9,""source"":""prem"",""palabra"":""Scully""},{""pos"":14,""source"":""prem"",""palabra"":""hoplitas""},{""pos"":18,""source"":""prem"",""palabra"":""falange.""}]"
2026-06-01 22:34:08.710515+00,anotador_097,7471,5,,,buenos_aires_amba,[]
2026-06-01 22:34:19.006845+00,anotador_097,3077,5,,,buenos_aires_amba,[]
2026-06-01 22:34:28.451045+00,anotador_097,2565,5,,,buenos_aires_amba,[]
2026-06-01 22:34:33.721877+00,anotador_097,1521,5,,,buenos_aires_amba,[]
2026-06-01 22:34:39.343805+00,anotador_097,2125,5,,,buenos_aires_amba,[]
2026-06-01 22:34:43.551041+00,anotador_097,4655,5,,,buenos_aires_amba,[]
2026-06-01 22:34:48.811805+00,anotador_097,6698,4,,,buenos_aires_amba,[]
2026-06-01 22:34:55.327975+00,anotador_097,4058,5,,,buenos_aires_amba,[]
2026-06-01 22:34:59.678366+00,anotador_097,6742,5,,,buenos_aires_amba,[]
2026-06-01 22:35:07.624999+00,anotador_097,1780,4,,,buenos_aires_amba,[]
2026-06-01 22:35:16.52607+00,anotador_097,4052,4,,,,[]
2026-06-01 22:35:17.652881+00,anotador_097,4052,3,,,buenos_aires_amba,[]
2026-06-01 22:35:24.823322+00,anotador_097,5457,5,,,buenos_aires_amba,[]
2026-06-01 22:35:49.115361+00,anotador_014,9999,2,,,,"[{""pos"":1,""source"":""prem"",""palabra"":""chaval""},{""pos"":2,""source"":""prem"",""palabra"":""cogió""},{""pos"":4,""source"":""prem"",""palabra"":""móvil""}]"
2026-06-01 22:36:52.485701+00,anotador_014,1651,4,,,,[]
2026-06-01 22:36:59.682223+00,anotador_014,5157,,,,,"[{""pos"":7,""source"":""prem"",""palabra"":""suburbios""}]"
2026-06-01 22:51:02.544506+00,anotador_150,9999,1,,,buenos_aires_amba,"[{""pos"":0,""source"":""prem"",""palabra"":""El""},{""pos"":1,""source"":""prem"",""palabra"":""chaval""},{""pos"":2,""source"":""prem"",""palabra"":""cogió""},{""pos"":3,""source"":""prem"",""palabra"":""el""},{""pos"":4,""source"":""prem"",""palabra"":""móvil""}]"
2026-06-01 22:51:35.51016+00,anotador_150,703,3,,,buenos_aires_amba,"[{""pos"":4,""source"":""prem"",""palabra"":""forjado,""},{""pos"":3,""source"":""prem"",""palabra"":""aluminio""}]"
2026-06-01 22:51:56.798289+00,anotador_150,5311,3,,,buenos_aires_amba,"[{""pos"":5,""source"":""hyp"",""palabra"":""obtenemos.""},{""pos"":3,""source"":""hyp"",""palabra"":""beneficio""},{""pos"":4,""source"":""hyp"",""palabra"":""que""},{""pos"":0,""source"":""hyp"",""palabra"":""Viajar""},{""pos"":1,""source"":""hyp"",""palabra"":""es""},{""pos"":2,""source"":""hyp"",""palabra"":""un""}]"
2026-06-01 22:52:14.211174+00,anotador_150,6927,2,,,buenos_aires_amba,"[{""pos"":0,""source"":""prem"",""palabra"":""Muy""},{""pos"":1,""source"":""prem"",""palabra"":""pronto,""},{""pos"":2,""source"":""prem"",""palabra"":""un""},{""pos"":3,""source"":""prem"",""palabra"":""amigo""},{""pos"":4,""source"":""prem"",""palabra"":""del""},{""pos"":5,""source"":""prem"",""palabra"":""IRT""},{""pos"":6,""source"":""prem"",""palabra"":""lo""},{""pos"":7,""source"":""prem"",""palabra"":""llamará""},{""pos"":8,""source"":""prem"",""palabra"":""para""},{""pos"":9,""source"":""prem"",""palabra"":""que""},{""pos"":10,""source"":""prem"",""palabra"":""haga""},{""pos"":12,""source"":""prem"",""palabra"":""promesa""},{""pos"":11,""source"":""prem"",""palabra"":""su""},{""pos"":13,""source"":""prem"",""palabra"":""por""},{""pos"":14,""source"":""prem"",""palabra"":""teléfono.""},{""pos"":1,""source"":""hyp"",""palabra"":""hacemos""},{""pos"":2,""source"":""hyp"",""palabra"":""campañas""},{""pos"":3,""source"":""hyp"",""palabra"":""telefónicas""},{""pos"":0,""source"":""hyp"",""palabra"":""No""}]"
2026-06-01 22:52:46.771763+00,anotador_150,5506,5,,,buenos_aires_amba,"[{""pos"":14,""source"":""prem"",""palabra"":""para""},{""pos"":15,""source"":""prem"",""palabra"":""que""},{""pos"":16,""source"":""prem"",""palabra"":""deje""},{""pos"":17,""source"":""prem"",""palabra"":""de""},{""pos"":18,""source"":""prem"",""palabra"":""construir""},{""pos"":19,""source"":""prem"",""palabra"":""porque""},{""pos"":20,""source"":""prem"",""palabra"":""se""},{""pos"":21,""source"":""prem"",""palabra"":""obtuvo""},{""pos"":22,""source"":""prem"",""palabra"":""de""},{""pos"":23,""source"":""prem"",""palabra"":""forma""},{""pos"":24,""source"":""prem"",""palabra"":""fraudulenta""},{""pos"":26,""source"":""prem"",""palabra"":""algo""},{""pos"":25,""source"":""prem"",""palabra"":""o""},{""pos"":27,""source"":""prem"",""palabra"":""parecido,""},{""pos"":28,""source"":""prem"",""palabra"":""como""},{""pos"":29,""source"":""prem"",""palabra"":""sabés""}]"
2026-06-01 22:53:07.703645+00,anotador_150,6292,4,,,buenos_aires_amba,"[{""pos"":1,""source"":""hyp"",""palabra"":""hay""},{""pos"":0,""source"":""hyp"",""palabra"":""No""},{""pos"":2,""source"":""hyp"",""palabra"":""suficientes""},{""pos"":3,""source"":""hyp"",""palabra"":""trabajadores""},{""pos"":5,""source"":""hyp"",""palabra"":""TI""},{""pos"":4,""source"":""hyp"",""palabra"":""de""},{""pos"":6,""source"":""hyp"",""palabra"":""porque""},{""pos"":7,""source"":""hyp"",""palabra"":""todos""},{""pos"":12,""source"":""hyp"",""palabra"":""India.""},{""pos"":10,""source"":""hyp"",""palabra"":""a""},{""pos"":11,""source"":""hyp"",""palabra"":""la""},{""pos"":8,""source"":""hyp"",""palabra"":""se""},{""pos"":9,""source"":""hyp"",""palabra"":""fueron""}]"
2026-06-01 22:53:22.197178+00,anotador_150,7474,1,,,buenos_aires_amba,"[{""pos"":0,""source"":""hyp"",""palabra"":""Aullamos""},{""pos"":1,""source"":""hyp"",""palabra"":""de""},{""pos"":2,""source"":""hyp"",""palabra"":""risa""}]"
2026-06-01 22:53:34.03755+00,anotador_150,2644,2,,,buenos_aires_amba,"[{""pos"":5,""source"":""prem"",""palabra"":""y""},{""pos"":6,""source"":""prem"",""palabra"":""dar""},{""pos"":8,""source"":""prem"",""palabra"":""el""},{""pos"":9,""source"":""prem"",""palabra"":""blanco""},{""pos"":7,""source"":""prem"",""palabra"":""en""},{""pos"":10,""source"":""prem"",""palabra"":""más""},{""pos"":11,""source"":""prem"",""palabra"":""a""},{""pos"":12,""source"":""prem"",""palabra"":""menudo.""},{""pos"":4,""source"":""hyp"",""palabra"":""objetivo""},{""pos"":3,""source"":""hyp"",""palabra"":""el""},{""pos"":2,""source"":""hyp"",""palabra"":""alcanzar""},{""pos"":5,""source"":""hyp"",""palabra"":""mucho.""},{""pos"":0,""source"":""hyp"",""palabra"":""Trataremos""},{""pos"":1,""source"":""hyp"",""palabra"":""de""}]"
2026-06-01 22:53:55.703685+00,anotador_150,5221,,,,,"[{""pos"":0,""source"":""prem"",""palabra"":""Y,""}]"
2026-06-01 22:53:55.893876+00,anotador_150,5221,4,,,buenos_aires_amba,"[{""pos"":0,""source"":""prem"",""palabra"":""Y,""},{""pos"":1,""source"":""prem"",""palabra"":""eh,""},{""pos"":2,""source"":""prem"",""palabra"":""si""},{""pos"":4,""source"":""prem"",""palabra"":""elevase""},{""pos"":3,""source"":""prem"",""palabra"":""se""},{""pos"":6,""source"":""prem"",""palabra"":""siguiera""},{""pos"":5,""source"":""prem"",""palabra"":""y""},{""pos"":7,""source"":""prem"",""palabra"":""elevándose,""},{""pos"":8,""source"":""prem"",""palabra"":""haría""},{""pos"":9,""source"":""prem"",""palabra"":""«güis»""},{""pos"":11,""source"":""prem"",""palabra"":""como""},{""pos"":10,""source"":""prem"",""palabra"":""y""},{""pos"":13,""source"":""prem"",""palabra"":""te""},{""pos"":12,""source"":""prem"",""palabra"":""se""},{""pos"":14,""source"":""prem"",""palabra"":""arrancara""},{""pos"":15,""source"":""prem"",""palabra"":""la""},{""pos"":16,""source"":""prem"",""palabra"":""cabeza.""}]"
2026-06-01 22:54:12.887111+00,anotador_150,5804,5,,,buenos_aires_amba,"[{""pos"":0,""source"":""prem"",""palabra"":""¿Por""},{""pos"":1,""source"":""prem"",""palabra"":""qué""},{""pos"":2,""source"":""prem"",""palabra"":""corrés,""},{""pos"":3,""source"":""prem"",""palabra"":""entonces?""},{""pos"":6,""source"":""hyp"",""palabra"":""¿Por""},{""pos"":7,""source"":""hyp"",""palabra"":""qué""},{""pos"":8,""source"":""hyp"",""palabra"":""corrés,""},{""pos"":9,""source"":""hyp"",""palabra"":""entonces?.""}]"
2026-06-01 22:54:37.011002+00,anotador_150,5832,3,,,buenos_aires_amba,"[{""pos"":8,""source"":""prem"",""palabra"":""Veré""},{""pos"":10,""source"":""prem"",""palabra"":""coronel""},{""pos"":9,""source"":""prem"",""palabra"":""al""},{""pos"":11,""source"":""prem"",""palabra"":""Rodríguez""},{""pos"":14,""source"":""prem"",""palabra"":""infierno""},{""pos"":16,""source"":""prem"",""palabra"":""si""},{""pos"":13,""source"":""prem"",""palabra"":""el""},{""pos"":15,""source"":""prem"",""palabra"":""o""},{""pos"":17,""source"":""prem"",""palabra"":""alguna""},{""pos"":18,""source"":""prem"",""palabra"":""vez""},{""pos"":19,""source"":""prem"",""palabra"":""miento""},{""pos"":21,""source"":""prem"",""palabra"":""él.""}]"
2026-06-01 22:54:55.79513+00,anotador_150,7320,3,,,buenos_aires_amba,[]
2026-06-01 22:55:10.289103+00,anotador_150,7180,2,,,buenos_aires_amba,[]
2026-06-01 22:55:19.663581+00,anotador_150,7391,3,,,buenos_aires_amba,[]
2026-06-01 22:55:31.096045+00,anotador_150,6245,4,,,buenos_aires_amba,[]
2026-06-01 22:55:38.248635+00,anotador_150,3434,3,,,buenos_aires_amba,[]
2026-06-01 22:55:44.935751+00,anotador_150,2947,3,,,buenos_aires_amba,[]
2026-06-01 22:55:50.825148+00,anotador_150,6718,2,,,buenos_aires_amba,"[{""pos"":2,""source"":""prem"",""palabra"":""montadas""},{""pos"":3,""source"":""prem"",""palabra"":""en""},{""pos"":4,""source"":""prem"",""palabra"":""el""},{""pos"":5,""source"":""prem"",""palabra"":""túnel""},{""pos"":6,""source"":""prem"",""palabra"":""de""},{""pos"":7,""source"":""prem"",""palabra"":""Brooklyn-Battery,""},{""pos"":8,""source"":""prem"",""palabra"":""véase""},{""pos"":9,""source"":""prem"",""palabra"":""ibíd.""}]"
2026-06-01 22:56:08.573958+00,anotador_150,6477,3,,,buenos_aires_amba,[]
2026-06-01 22:56:12.940822+00,anotador_150,2984,4,,,buenos_aires_amba,[]
2026-06-01 22:56:54.848481+00,anotador_150,3398,3,,,buenos_aires_amba,[]
2026-06-01 22:57:01.954605+00,anotador_150,5321,,,,buenos_aires_amba,"[{""pos"":3,""source"":""prem"",""palabra"":""nos""}]"
2026-06-01 22:57:02.273888+00,anotador_150,5321,4,,,buenos_aires_amba,"[{""pos"":3,""source"":""prem"",""palabra"":""nos""},{""pos"":4,""source"":""prem"",""palabra"":""encontramos""},{""pos"":5,""source"":""prem"",""palabra"":""en""},{""pos"":6,""source"":""prem"",""palabra"":""la""},{""pos"":7,""source"":""prem"",""palabra"":""cabaña""},{""pos"":8,""source"":""prem"",""palabra"":""de""},{""pos"":10,""source"":""prem"",""palabra"":""tío""},{""pos"":9,""source"":""prem"",""palabra"":""mi""},{""pos"":11,""source"":""prem"",""palabra"":""en""},{""pos"":13,""source"":""prem"",""palabra"":""lago""},{""pos"":16,""source"":""prem"",""palabra"":""quedamos""},{""pos"":17,""source"":""prem"",""palabra"":""un""},{""pos"":19,""source"":""prem"",""palabra"":""de""},{""pos"":20,""source"":""prem"",""palabra"":""días""},{""pos"":18,""source"":""prem"",""palabra"":""par""},{""pos"":21,""source"":""prem"",""palabra"":""ahí.""}]"
2026-06-01 22:57:19.228691+00,anotador_150,3330,3,,,buenos_aires_amba,[]
2026-06-01 22:57:26.686467+00,anotador_150,4511,3,,,buenos_aires_amba,[]
2026-06-01 22:57:30.812365+00,anotador_150,2557,3,,,buenos_aires_amba,[]
2026-06-01 22:57:43.06232+00,anotador_150,3136,2,,,buenos_aires_amba,"[{""pos"":6,""source"":""prem"",""palabra"":""Hage""},{""pos"":7,""source"":""prem"",""palabra"":""fue""},{""pos"":8,""source"":""prem"",""palabra"":""recibido""},{""pos"":9,""source"":""prem"",""palabra"":""en""},{""pos"":10,""source"":""prem"",""palabra"":""el""},{""pos"":11,""source"":""prem"",""palabra"":""aeropuerto""},{""pos"":12,""source"":""prem"",""palabra"":""por""},{""pos"":13,""source"":""prem"",""palabra"":""agentes""},{""pos"":14,""source"":""prem"",""palabra"":""del""},{""pos"":15,""source"":""prem"",""palabra"":""FBI,""}]"
2026-06-01 22:57:59.649095+00,anotador_150,6308,3,,,buenos_aires_amba,[]
2026-06-01 22:58:07.594487+00,anotador_150,2394,3,,,buenos_aires_amba,[]
2026-06-01 22:58:19.045604+00,anotador_150,2382,3,,,buenos_aires_amba,[]
2026-06-01 22:58:31.034053+00,anotador_150,5603,4,,,buenos_aires_amba,"[{""pos"":0,""source"":""prem"",""palabra"":""Comienzo""},{""pos"":1,""source"":""hyp"",""palabra"":""fruta""},{""pos"":2,""source"":""hyp"",""palabra"":""me""},{""pos"":4,""source"":""hyp"",""palabra"":""dio""},{""pos"":5,""source"":""hyp"",""palabra"":""mi""},{""pos"":6,""source"":""hyp"",""palabra"":""papá.""},{""pos"":3,""source"":""hyp"",""palabra"":""la""}]"
2026-06-01 22:58:43.386645+00,anotador_150,1710,4,,,buenos_aires_amba,"[{""pos"":0,""source"":""hyp"",""palabra"":""No""},{""pos"":1,""source"":""hyp"",""palabra"":""soñé""},{""pos"":4,""source"":""hyp"",""palabra"":""pasado.""},{""pos"":2,""source"":""hyp"",""palabra"":""el""},{""pos"":3,""source"":""hyp"",""palabra"":""viernes""}]"
2026-06-01 22:58:56.300842+00,anotador_150,2317,3,,,buenos_aires_amba,[]
2026-06-01 22:59:03.424109+00,anotador_150,5362,2,,,buenos_aires_amba,"[{""pos"":3,""source"":""prem"",""palabra"":""pero""},{""pos"":4,""source"":""prem"",""palabra"":""sí""},{""pos"":5,""source"":""prem"",""palabra"":""tienen""},{""pos"":6,""source"":""prem"",""palabra"":""carreras""},{""pos"":7,""source"":""prem"",""palabra"":""de""},{""pos"":8,""source"":""prem"",""palabra"":""heno""},{""pos"":9,""source"":""prem"",""palabra"":""en""},{""pos"":10,""source"":""prem"",""palabra"":""las""},{""pos"":11,""source"":""prem"",""palabra"":""pistas""},{""pos"":12,""source"":""prem"",""palabra"":""de""},{""pos"":13,""source"":""prem"",""palabra"":""Oaklawn""},{""pos"":1,""source"":""hyp"",""palabra"":""carreras""},{""pos"":2,""source"":""hyp"",""palabra"":""de""},{""pos"":0,""source"":""hyp"",""palabra"":""Hay""},{""pos"":3,""source"":""hyp"",""palabra"":""caballos""},{""pos"":4,""source"":""hyp"",""palabra"":""de""},{""pos"":5,""source"":""hyp"",""palabra"":""heno""}]"
2026-06-01 22:59:26.387063+00,anotador_150,6624,4,,,buenos_aires_amba,[]
2026-06-01 22:59:38.056587+00,anotador_150,383,5,,,buenos_aires_amba,[]
2026-06-01 22:59:44.609695+00,anotador_150,2132,4,,,buenos_aires_amba,[]
2026-06-01 22:59:50.844943+00,anotador_150,1429,3,,,buenos_aires_amba,[]
2026-06-01 22:59:58.331688+00,anotador_150,3202,3,,,buenos_aires_amba,[]
2026-06-01 23:00:03.584152+00,anotador_150,3078,2,,,buenos_aires_amba,[]
2026-06-01 23:00:11.263633+00,anotador_150,6456,4,,,buenos_aires_amba,[]
2026-06-01 23:00:38.870246+00,anotador_150,6093,3,,,buenos_aires_amba,[]
2026-06-01 23:00:43.20375+00,anotador_150,5234,4,,,buenos_aires_amba,[]
2026-06-01 23:00:46.505801+00,anotador_150,2320,4,,,buenos_aires_amba,[]
2026-06-01 23:00:51.495183+00,anotador_150,6587,3,,,buenos_aires_amba,[]
2026-06-01 23:00:56.464755+00,anotador_150,6481,3,,,buenos_aires_amba,[]
2026-06-01 23:01:03.731703+00,anotador_150,3173,2,,,buenos_aires_amba,"[{""pos"":8,""source"":""prem"",""palabra"":""Estoy""},{""pos"":9,""source"":""prem"",""palabra"":""cansado""},{""pos"":10,""source"":""prem"",""palabra"":""de""},{""pos"":11,""source"":""prem"",""palabra"":""golpear""},{""pos"":13,""source"":""prem"",""palabra"":""las""},{""pos"":12,""source"":""prem"",""palabra"":""a""},{""pos"":14,""source"":""prem"",""palabra"":""moscas.""}]"
2026-06-01 23:01:11.739015+00,anotador_150,2999,3,,,buenos_aires_amba,[]
2026-06-01 23:01:21.939863+00,anotador_150,4851,2,,,buenos_aires_amba,"[{""pos"":4,""source"":""prem"",""palabra"":""abolladuras""},{""pos"":3,""source"":""prem"",""palabra"":""las""},{""pos"":5,""source"":""prem"",""palabra"":""se""},{""pos"":7,""source"":""prem"",""palabra"":""golpecitos,""},{""pos"":6,""source"":""prem"",""palabra"":""denominan""},{""pos"":8,""source"":""prem"",""palabra"":""y""},{""pos"":9,""source"":""prem"",""palabra"":""las""},{""pos"":10,""source"":""prem"",""palabra"":""abolladuras""},{""pos"":11,""source"":""prem"",""palabra"":""mayores--""},{""pos"":20,""source"":""prem"",""palabra"":""son""},{""pos"":21,""source"":""prem"",""palabra"":""golpazos.""},{""pos"":6,""source"":""hyp"",""palabra"":""bonitos""},{""pos"":5,""source"":""hyp"",""palabra"":""nombres""},{""pos"":3,""source"":""hyp"",""palabra"":""abolladuras""}]"
2026-06-01 23:01:36.288993+00,anotador_150,6566,2,,,buenos_aires_amba,[]
2026-06-01 23:01:43.744409+00,anotador_150,5442,5,,,buenos_aires_amba,[]
2026-06-01 23:01:49.128046+00,anotador_150,676,2,,,buenos_aires_amba,[]
2026-06-01 23:01:53.341149+00,anotador_150,7227,5,,,buenos_aires_amba,[]
2026-06-01 23:02:00.224227+00,anotador_150,6907,3,,,buenos_aires_amba,[]
2026-06-01 23:02:06.66873+00,anotador_150,5597,5,,,buenos_aires_amba,[]
2026-06-01 23:02:15.654003+00,anotador_150,1369,3,,,buenos_aires_amba,[]
2026-06-01 23:02:20.347774+00,anotador_150,5898,3,,,buenos_aires_amba,[]
2026-06-01 23:02:24.871943+00,anotador_150,3140,3,,,buenos_aires_amba,[]
2026-06-01 23:02:32.045426+00,anotador_150,6215,3,,,buenos_aires_amba,[]
2026-06-01 23:02:39.100475+00,anotador_150,6909,2,,,buenos_aires_amba,[]
2026-06-01 23:02:46.581578+00,anotador_150,4542,2,,,buenos_aires_amba,[]
2026-06-01 23:34:06.804502+00,anotador_034,9999,,,,,"[{""pos"":3,""source"":""hyp"",""palabra"":""Wollongong""}]"
2026-06-01 23:57:19.976483+00,anotador_308,9999,2,,,,"[{""pos"":1,""source"":""hyp"",""palabra"":""Kettering,""},{""pos"":1,""source"":""prem"",""palabra"":""chaval""},{""pos"":2,""source"":""prem"",""palabra"":""cogió""},{""pos"":4,""source"":""prem"",""palabra"":""móvil""},{""pos"":7,""source"":""hyp"",""palabra"":""Tournament""},{""pos"":8,""source"":""hyp"",""palabra"":""of""}]"
2026-06-01 23:58:09.206147+00,anotador_308,5783,4,,,,[]
2026-06-02 00:10:52.152672+00,anotador_274,9999,,,,,"[{""pos"":2,""source"":""prem"",""palabra"":""cogió""}]"
2026-06-02 00:10:53.192656+00,anotador_274,9999,1,,,,"[{""pos"":2,""source"":""prem"",""palabra"":""cogió""},{""pos"":1,""source"":""prem"",""palabra"":""chaval""},{""pos"":4,""source"":""prem"",""palabra"":""móvil""},{""pos"":8,""source"":""prem"",""palabra"":""piso""},{""pos"":7,""source"":""hyp"",""palabra"":""Tournament""},{""pos"":8,""source"":""hyp"",""palabra"":""of""}]"
2026-06-02 00:12:18.827085+00,anotador_274,3677,4,,,,[]
2026-06-02 00:30:12.620041+00,anotador_157,9999,,,,,"[{""pos"":1,""source"":""hyp"",""palabra"":""Kettering,""}]"
2026-06-02 00:30:13.177508+00,anotador_157,9999,2,,,buenos_aires_amba,"[{""pos"":1,""source"":""hyp"",""palabra"":""Kettering,""},{""pos"":1,""source"":""prem"",""palabra"":""chaval""},{""pos"":7,""source"":""prem"",""palabra"":""el""},{""pos"":11,""source"":""prem"",""palabra"":""luego""}]"
2026-06-02 00:30:23.008001+00,anotador_164,9999,1,,,buenos_aires_amba,[]
2026-06-02 00:30:47.736664+00,anotador_157,5041,4,,,buenos_aires_amba,[]
2026-06-02 00:30:55.089621+00,anotador_164,6395,5,,,buenos_aires_amba,[]
2026-06-02 00:31:03.880919+00,anotador_157,7356,4,,,buenos_aires_amba,[]
2026-06-02 00:31:12.660311+00,anotador_157,1421,5,,,buenos_aires_amba,[]
2026-06-02 00:31:23.165129+00,anotador_164,4191,3,,,buenos_aires_amba,[]
2026-06-02 00:31:42.340008+00,anotador_157,5767,3,,,buenos_aires_amba,"[{""pos"":9,""source"":""prem"",""palabra"":""quitándose""}]"
2026-06-02 00:31:44.685481+00,anotador_164,2552,2,,,buenos_aires_amba,[]
2026-06-02 00:32:00.434977+00,anotador_164,4176,2,,,buenos_aires_amba,[]
2026-06-02 00:32:12.866768+00,anotador_157,1575,3,,,buenos_aires_amba,[]
2026-06-02 00:32:15.413915+00,anotador_164,756,2,,,buenos_aires_amba,[]
2026-06-02 00:32:30.603442+00,anotador_157,1350,3,"""Los demás"" en vez de ""los otros""",,buenos_aires_amba,"[{""pos"":39,""source"":""prem"",""palabra"":""niños.""},{""pos"":38,""source"":""prem"",""palabra"":""otros""},{""pos"":37,""source"":""prem"",""palabra"":""los""}]"
2026-06-02 00:32:33.122805+00,anotador_164,4575,4,,,buenos_aires_amba,[]
2026-06-02 00:32:57.693809+00,anotador_164,625,3,,,buenos_aires_amba,[]
2026-06-02 00:33:07.22209+00,anotador_164,4546,4,,,buenos_aires_amba,[]
2026-06-02 00:33:34.579396+00,anotador_157,4834,5,,,buenos_aires_amba,[]
2026-06-02 00:33:37.000425+00,anotador_164,2429,3,,,buenos_aires_amba,[]
2026-06-02 00:33:54.824157+00,anotador_164,2841,2,,,buenos_aires_amba,[]
2026-06-02 00:34:08.596508+00,anotador_164,4670,4,,,buenos_aires_amba,[]
2026-06-02 00:34:20.437496+00,anotador_164,4627,2,,,buenos_aires_amba,[]
2026-06-02 00:34:20.562789+00,anotador_157,2044,4,,,buenos_aires_amba,[]
2026-06-02 00:34:26.725569+00,anotador_157,667,5,,,buenos_aires_amba,"[{""pos"":1,""source"":""hyp"",""palabra"":""hecho""},{""pos"":0,""source"":""hyp"",""palabra"":""De""}]"
2026-06-02 00:34:43.913373+00,anotador_164,6591,3,,,buenos_aires_amba,[]
2026-06-02 00:34:45.666627+00,anotador_157,5657,3,,,buenos_aires_amba,"[{""pos"":16,""source"":""prem"",""palabra"":""estantería.""}]"
2026-06-02 00:35:08.596151+00,anotador_157,1864,4,,,buenos_aires_amba,[]
2026-06-02 00:35:11.676206+00,anotador_164,718,3,,,buenos_aires_amba,[]
2026-06-02 00:35:17.1775+00,anotador_157,6899,5,,,buenos_aires_amba,[]
2026-06-02 00:35:26.730754+00,anotador_157,2852,5,,,buenos_aires_amba,[]
2026-06-02 00:35:29.453018+00,anotador_164,3019,4,,,buenos_aires_amba,[]
2026-06-02 00:35:37.4333+00,anotador_157,1320,4,Distintas me parece más argentino que diferentes,,buenos_aires_amba,[]
2026-06-02 00:35:46.294776+00,anotador_164,4800,4,,,buenos_aires_amba,[]
2026-06-02 00:35:57.427428+00,anotador_164,5326,4,,,buenos_aires_amba,[]
2026-06-02 00:36:09.374707+00,anotador_157,6621,4,,,buenos_aires_amba,"[{""pos"":1,""source"":""prem"",""palabra"":""empleó""}]"
2026-06-02 00:36:12.129082+00,anotador_164,6707,4,,,buenos_aires_amba,[]
2026-06-02 00:36:27.78267+00,anotador_164,5191,3,,,buenos_aires_amba,[]
2026-06-02 00:36:33.141577+00,anotador_157,4581,5,,,buenos_aires_amba,[]
2026-06-02 00:36:45.242096+00,anotador_157,5719,4,,,buenos_aires_amba,[]
2026-06-02 00:36:55.111081+00,anotador_157,4825,3,,,buenos_aires_amba,[]
2026-06-02 00:37:02.78889+00,anotador_157,2433,4,,,buenos_aires_amba,[]
2026-06-02 00:52:59.857472+00,anotador_039,3999,3,,,buenos_aires_amba,"[{""pos"":4,""source"":""hyp"",""palabra"":""necesitan""}]"
2026-06-02 00:54:54.19319+00,anotador_039,6425,2,,,buenos_aires_amba,[]
2026-06-02 00:55:34.936037+00,anotador_039,3242,2,,,buenos_aires_amba,[]
2026-06-02 00:56:42.925987+00,anotador_039,3516,4,,,buenos_aires_amba,[]
2026-06-02 00:59:09.936118+00,anotador_039,7114,2,,,buenos_aires_amba,[]
2026-06-02 00:59:28.903347+00,anotador_039,4388,4,,,buenos_aires_amba,[]
2026-06-02 01:00:12.07128+00,anotador_039,6047,2,,,buenos_aires_amba,[]
2026-06-02 01:00:53.64954+00,anotador_039,4624,3,,,buenos_aires_amba,[]
2026-06-02 01:01:11.180951+00,anotador_039,5879,3,,,buenos_aires_amba,[]
2026-06-02 01:01:21.144718+00,anotador_039,2970,4,,,buenos_aires_amba,[]
2026-06-02 01:01:32.705419+00,anotador_039,1930,2,,,buenos_aires_amba,[]
2026-06-02 01:01:48.941541+00,anotador_039,3664,3,,,buenos_aires_amba,[]
2026-06-02 01:01:57.237424+00,anotador_039,1854,1,,,buenos_aires_amba,[]
2026-06-02 01:02:19.571063+00,anotador_039,5834,2,,,buenos_aires_amba,[]
2026-06-02 01:03:05.254295+00,anotador_039,2879,2,,,buenos_aires_amba,[]
2026-06-02 01:03:25.76468+00,anotador_039,6464,4,,,buenos_aires_amba,[]
2026-06-02 01:03:35.753466+00,anotador_039,1607,1,,,buenos_aires_amba,[]
2026-06-02 01:03:50.523619+00,anotador_039,4051,1,,,buenos_aires_amba,[]
2026-06-02 01:03:58.209423+00,anotador_039,4940,1,,,buenos_aires_amba,[]
2026-06-02 01:04:20.375818+00,anotador_039,6801,2,,,buenos_aires_amba,[]
2026-06-02 01:19:33.156029+00,anotador_273,9999,3,Chaval cogio el movil,,buenos_aires_amba,"[{""pos"":13,""source"":""hyp"",""palabra"":""fans.""}]"
2026-06-02 01:20:22.559832+00,anotador_273,1525,3,,,buenos_aires_amba,"[{""pos"":5,""source"":""hyp"",""palabra"":""barco""},{""pos"":6,""source"":""hyp"",""palabra"":""grande.""},{""pos"":0,""source"":""hyp"",""palabra"":""Viajé""},{""pos"":2,""source"":""hyp"",""palabra"":""Jamaica""},{""pos"":1,""source"":""hyp"",""palabra"":""a""},{""pos"":3,""source"":""hyp"",""palabra"":""en""},{""pos"":4,""source"":""hyp"",""palabra"":""un""}]"
2026-06-02 01:20:55.866709+00,anotador_273,4558,4,,,buenos_aires_amba,"[{""pos"":0,""source"":""prem"",""palabra"":""Finalmente,""},{""pos"":3,""source"":""prem"",""palabra"":""desconfiar""},{""pos"":11,""source"":""prem"",""palabra"":""claramente""},{""pos"":12,""source"":""prem"",""palabra"":""diferente.""},{""pos"":10,""source"":""prem"",""palabra"":""significado""},{""pos"":4,""source"":""hyp"",""palabra"":""gran""}]"
2026-06-02 01:21:39.89481+00,anotador_273,6506,3,,,buenos_aires_amba,[]
2026-06-02 01:22:28.67844+00,anotador_273,6561,3,Fletados,,buenos_aires_amba,[]
2026-06-02 01:22:56.842968+00,anotador_273,2824,3,Coste ,,buenos_aires_amba,[]
2026-06-02 01:23:50.04987+00,anotador_273,6903,4,Partidarios como Usted,,buenos_aires_amba,"[{""pos"":1,""source"":""hyp"",""palabra"":""nos""},{""pos"":0,""source"":""hyp"",""palabra"":""Nadie""},{""pos"":2,""source"":""hyp"",""palabra"":""da""},{""pos"":3,""source"":""hyp"",""palabra"":""nada,""},{""pos"":4,""source"":""hyp"",""palabra"":""pero""},{""pos"":5,""source"":""hyp"",""palabra"":""tenemos""},{""pos"":7,""source"":""hyp"",""palabra"":""plata,""},{""pos"":6,""source"":""hyp"",""palabra"":""suficiente""},{""pos"":9,""source"":""hyp"",""palabra"":""que""},{""pos"":8,""source"":""hyp"",""palabra"":""así""},{""pos"":10,""source"":""hyp"",""palabra"":""está""},{""pos"":11,""source"":""hyp"",""palabra"":""bien.""}]"
2026-06-02 01:24:15.89625+00,anotador_273,4454,4,Usted,,buenos_aires_amba,"[{""pos"":0,""source"":""prem"",""palabra"":""ahí,""},{""pos"":1,""source"":""prem"",""palabra"":""hacé""},{""pos"":4,""source"":""prem"",""palabra"":""Actriz.""},{""pos"":2,""source"":""prem"",""palabra"":""clic""},{""pos"":3,""source"":""prem"",""palabra"":""en""},{""pos"":5,""source"":""prem"",""palabra"":""Deberías""},{""pos"":6,""source"":""prem"",""palabra"":""encontrarte...""}]"
2026-06-02 01:24:49.418479+00,anotador_273,7378,4,,,buenos_aires_amba,"[{""pos"":0,""source"":""prem"",""palabra"":""buscarle""},{""pos"":3,""source"":""prem"",""palabra"":""pata""},{""pos"":1,""source"":""prem"",""palabra"":""la""},{""pos"":2,""source"":""prem"",""palabra"":""quinta""},{""pos"":19,""source"":""prem"",""palabra"":""problemas'.""},{""pos"":18,""source"":""prem"",""palabra"":""`buscar""},{""pos"":5,""source"":""prem"",""palabra"":""gato""},{""pos"":4,""source"":""prem"",""palabra"":""al""}]"
2026-06-02 01:25:43.002192+00,anotador_273,3568,4,Costes ,,buenos_aires_amba,"[{""pos"":1,""source"":""hyp"",""palabra"":""facultad""},{""pos"":2,""source"":""hyp"",""palabra"":""de""},{""pos"":3,""source"":""hyp"",""palabra"":""derecho""},{""pos"":0,""source"":""hyp"",""palabra"":""La""},{""pos"":4,""source"":""hyp"",""palabra"":""tiene""},{""pos"":5,""source"":""hyp"",""palabra"":""computadoras,""},{""pos"":6,""source"":""hyp"",""palabra"":""además""},{""pos"":8,""source"":""hyp"",""palabra"":""una""},{""pos"":7,""source"":""hyp"",""palabra"":""de""},{""pos"":9,""source"":""hyp"",""palabra"":""biblioteca.""}]"
2026-06-02 01:26:26.386063+00,anotador_273,6336,2,Penetracion,,buenos_aires_amba,[]
2026-06-02 01:27:05.112339+00,anotador_273,2117,3,,,buenos_aires_amba,"[{""pos"":1,""source"":""hyp"",""palabra"":""gente""},{""pos"":0,""source"":""hyp"",""palabra"":""La""},{""pos"":2,""source"":""hyp"",""palabra"":""tira""},{""pos"":3,""source"":""hyp"",""palabra"":""monedas""},{""pos"":5,""source"":""hyp"",""palabra"":""agua.""},{""pos"":4,""source"":""hyp"",""palabra"":""al""}]"
2026-06-02 01:27:50.268296+00,anotador_273,5681,2,,,buenos_aires_amba,[]
2026-06-02 01:28:31.24943+00,anotador_273,2769,1,Como aun,,buenos_aires_amba,[]
2026-06-02 01:29:16.636582+00,anotador_273,2610,2,,,buenos_aires_amba,[]
2026-06-02 01:29:30.20567+00,anotador_273,385,3,,,buenos_aires_amba,[]
2026-06-02 01:29:50.517367+00,anotador_273,1736,2,,,buenos_aires_amba,[]
2026-06-02 01:30:13.995091+00,anotador_273,2494,1,,,buenos_aires_amba,[]
2026-06-02 01:30:41.505655+00,anotador_273,5761,2,,,buenos_aires_amba,[]
2026-06-02 01:31:02.400623+00,anotador_273,2073,3,,,buenos_aires_amba,"[{""pos"":1,""source"":""hyp"",""palabra"":""parque""},{""pos"":2,""source"":""hyp"",""palabra"":""nacional""},{""pos"":4,""source"":""hyp"",""palabra"":""Kinabalu""},{""pos"":3,""source"":""hyp"",""palabra"":""de""},{""pos"":10,""source"":""hyp"",""palabra"":""rinocerontes.""},{""pos"":5,""source"":""hyp"",""palabra"":""tiene""},{""pos"":6,""source"":""hyp"",""palabra"":""diez""},{""pos"":7,""source"":""hyp"",""palabra"":""elefantes""},{""pos"":0,""source"":""hyp"",""palabra"":""El""},{""pos"":8,""source"":""hyp"",""palabra"":""y""},{""pos"":9,""source"":""hyp"",""palabra"":""seis""}]"
2026-06-02 01:48:53.546024+00,anotador_278,9999,1,,,buenos_aires_amba,"[{""pos"":1,""source"":""prem"",""palabra"":""chaval""},{""pos"":2,""source"":""prem"",""palabra"":""cogió""},{""pos"":4,""source"":""prem"",""palabra"":""móvil""},{""pos"":8,""source"":""prem"",""palabra"":""piso""},{""pos"":7,""source"":""hyp"",""palabra"":""Tournament""},{""pos"":9,""source"":""hyp"",""palabra"":""Kilimsworth""}]"
2026-06-02 01:49:26.196036+00,anotador_278,5611,4,,,buenos_aires_amba,"[{""pos"":22,""source"":""prem"",""palabra"":""sido""},{""pos"":21,""source"":""prem"",""palabra"":""han""}]"
2026-06-02 01:49:44.966345+00,anotador_278,3220,5,,,buenos_aires_amba,[]
2026-06-02 01:50:00.858247+00,anotador_278,1209,3,,,buenos_aires_amba,"[{""pos"":8,""source"":""prem"",""palabra"":""criatura,""},{""pos"":11,""source"":""hyp"",""palabra"":""criatura.""}]"
2026-06-02 01:50:12.275522+00,anotador_278,4799,4,,,buenos_aires_amba,"[{""pos"":9,""source"":""prem"",""palabra"":""espumaron""}]"
2026-06-02 01:50:27.535603+00,anotador_278,6019,4,,,buenos_aires_amba,[]
2026-06-02 01:50:36.745996+00,anotador_278,3702,4,,,buenos_aires_amba,[]
2026-06-02 01:50:44.256273+00,anotador_278,2013,5,,,buenos_aires_amba,[]
2026-06-02 01:50:52.583454+00,anotador_278,6406,5,,,buenos_aires_amba,[]
2026-06-02 01:51:01.709504+00,anotador_278,5522,5,,,buenos_aires_amba,[]
2026-06-02 01:51:08.214824+00,anotador_278,7088,5,,,buenos_aires_amba,[]
2026-06-02 01:51:18.928242+00,anotador_278,6072,4,,,buenos_aires_amba,[]
2026-06-02 01:51:30.40136+00,anotador_278,4659,5,,,buenos_aires_amba,[]
2026-06-02 01:51:41.239034+00,anotador_278,6025,5,,,buenos_aires_amba,[]
2026-06-02 01:51:52.561276+00,anotador_278,1618,5,,,buenos_aires_amba,[]
2026-06-02 01:51:57.404712+00,anotador_278,1555,5,,,buenos_aires_amba,[]
2026-06-02 01:52:03.580684+00,anotador_278,4135,5,,,buenos_aires_amba,[]
2026-06-02 01:52:11.568035+00,anotador_278,2851,5,,,buenos_aires_amba,[]
2026-06-02 01:52:17.964732+00,anotador_278,1484,5,,,buenos_aires_amba,[]
2026-06-02 01:52:29.198898+00,anotador_278,3526,5,,,buenos_aires_amba,[]
2026-06-02 02:32:27.808235+00,anotador_146,3966,5,,,buenos_aires_amba,[]
2026-06-02 02:32:47.167836+00,anotador_146,5661,5,,,buenos_aires_amba,[]
2026-06-02 02:32:56.023637+00,anotador_146,1457,3,,,buenos_aires_amba,"[{""pos"":4,""source"":""prem"",""palabra"":""erale""},{""pos"":8,""source"":""prem"",""palabra"":""sucediendo""},{""pos"":0,""source"":""hyp"",""palabra"":""Erale""}]"
2026-06-02 02:33:56.604276+00,anotador_146,2809,5,,,buenos_aires_amba,[]
2026-06-02 02:33:58.968397+00,anotador_146,3494,4,,,buenos_aires_amba,[]
2026-06-02 02:34:54.846869+00,anotador_146,5799,4,,,buenos_aires_amba,[]
2026-06-02 02:35:09.329077+00,anotador_146,6773,5,,,buenos_aires_amba,[]
2026-06-02 02:35:16.069803+00,anotador_146,1678,5,,,buenos_aires_amba,[]
2026-06-02 02:35:21.726367+00,anotador_146,1916,,,,,"[{""pos"":2,""source"":""prem"",""palabra"":""hayas""}]"
2026-06-02 02:35:21.977029+00,anotador_146,1916,3,,,buenos_aires_amba,"[{""pos"":3,""source"":""prem"",""palabra"":""oído""},{""pos"":2,""source"":""prem"",""palabra"":""hayas""}]"
2026-06-02 02:35:51.156322+00,anotador_146,3232,5,,,buenos_aires_amba,[]
2026-06-02 02:36:05.957458+00,anotador_146,1982,3,,,buenos_aires_amba,"[{""pos"":1,""source"":""prem"",""palabra"":""bebedor""},{""pos"":2,""source"":""hyp"",""palabra"":""bebe""}]"
2026-06-02 02:36:41.917781+00,anotador_146,529,5,,,buenos_aires_amba,[]
2026-06-02 02:37:28.388411+00,anotador_146,4253,4,,,buenos_aires_amba,"[{""pos"":19,""source"":""prem"",""palabra"":""sucede""}]"
2026-06-02 02:38:00.200912+00,anotador_146,3973,4,,,buenos_aires_amba,[]
2026-06-02 02:38:14.613533+00,anotador_146,2437,4,,,buenos_aires_amba,"[{""pos"":11,""source"":""prem"",""palabra"":""buques""},{""pos"":8,""source"":""hyp"",""palabra"":""buques""}]"
2026-06-02 02:38:48.304276+00,anotador_146,2387,5,,,buenos_aires_amba,[]
2026-06-02 02:39:00.110321+00,anotador_146,4456,4,,,buenos_aires_amba,[]
2026-06-02 02:39:18.510436+00,anotador_146,1857,5,,,buenos_aires_amba,[]
2026-06-02 02:39:28.273457+00,anotador_146,6301,5,,,buenos_aires_amba,[]
2026-06-02 02:39:55.607008+00,anotador_146,7042,4,,,buenos_aires_amba,[]
2026-06-02 02:50:25.819935+00,anotador_156,6234,4,,,buenos_aires_amba,[]
2026-06-02 02:51:44.040572+00,anotador_106,9999,1,,,,"[{""pos"":1,""source"":""prem"",""palabra"":""chaval""},{""pos"":1,""source"":""hyp"",""palabra"":""Kettering,""},{""pos"":3,""source"":""hyp"",""palabra"":""Wollongong""},{""pos"":4,""source"":""hyp"",""palabra"":""Bears""},{""pos"":9,""source"":""hyp"",""palabra"":""Kilimsworth""},{""pos"":7,""source"":""hyp"",""palabra"":""Tournament""},{""pos"":8,""source"":""hyp"",""palabra"":""of""},{""pos"":2,""source"":""prem"",""palabra"":""cogió""},{""pos"":8,""source"":""prem"",""palabra"":""piso""},{""pos"":4,""source"":""prem"",""palabra"":""móvil""}]"
2026-06-02 02:52:17.714267+00,anotador_106,5753,3,,,,[]
2026-06-02 02:52:28.903122+00,anotador_106,2556,3,,,,[]
2026-06-02 02:52:43.501283+00,anotador_106,6408,3,,,,[]
2026-06-02 02:52:52.038587+00,anotador_106,4977,3,,,,[]
2026-06-02 02:52:59.600431+00,anotador_106,5882,3,,,,[]
2026-06-02 02:53:05.059729+00,anotador_106,4769,3,,,,[]
2026-06-02 02:53:08.958808+00,anotador_106,549,3,,,,[]
2026-06-02 02:53:17.783597+00,anotador_106,4489,3,,,,[]
2026-06-02 02:53:25.321553+00,anotador_106,2163,3,,,,[]
2026-06-02 02:53:46.827195+00,anotador_106,1611,3,,,,[]
2026-06-02 12:45:53.354978+00,anotador_123,9999,1,,,,"[{""pos"":1,""source"":""prem"",""palabra"":""chaval""},{""pos"":2,""source"":""prem"",""palabra"":""cogió""},{""pos"":1,""source"":""hyp"",""palabra"":""Kettering,""},{""pos"":3,""source"":""hyp"",""palabra"":""Wollongong""},{""pos"":7,""source"":""hyp"",""palabra"":""Tournament""},{""pos"":4,""source"":""hyp"",""palabra"":""Bears""}]"
2026-06-02 12:58:32.843448+00,anotador_156,3021,2,,,buenos_aires_amba,"[{""pos"":0,""source"":""prem"",""palabra"":""Khallad""},{""pos"":13,""source"":""prem"",""palabra"":""Karachi.""},{""pos"":0,""source"":""hyp"",""palabra"":""Khallad""}]"
2026-06-02 17:03:19.181198+00,anotador_156,4652,5,,,buenos_aires_amba,[]
2026-06-02 17:05:22.919884+00,anotador_126,9999,1,,,,"[{""pos"":1,""source"":""prem"",""palabra"":""chaval""},{""pos"":2,""source"":""prem"",""palabra"":""cogió""},{""pos"":4,""source"":""prem"",""palabra"":""móvil""},{""pos"":11,""source"":""prem"",""palabra"":""luego""}]"
2026-06-02 17:05:42.951648+00,anotador_126,6038,1,,,,[]
2026-06-02 17:05:48.325268+00,anotador_126,5739,1,,,,[]
2026-06-02 17:05:54.636556+00,anotador_126,1635,1,,,,"[{""pos"":13,""source"":""hyp"",""palabra"":""yerma""},{""pos"":14,""source"":""hyp"",""palabra"":""carente""}]"
2026-06-02 18:30:40.027144+00,anotador_261,6942,2,,,buenos_aires_amba,"[{""pos"":8,""source"":""prem"",""palabra"":""Indiana""},{""pos"":0,""source"":""hyp"",""palabra"":""Indiana""}]"
2026-06-02 18:38:43.537329+00,anotador_334,9999,1,,,buenos_aires_interior,[]
2026-06-02 18:39:07.808231+00,anotador_334,4718,1,,,buenos_aires_interior,[]
2026-06-02 18:39:25.345213+00,anotador_334,3459,2,,,buenos_aires_interior,[]
2026-06-02 18:39:41.117977+00,anotador_334,6643,4,,,buenos_aires_interior,[]
2026-06-02 18:39:50.701192+00,anotador_334,679,3,,,buenos_aires_interior,[]
2026-06-02 18:40:04.283759+00,anotador_334,1648,3,,,buenos_aires_interior,[]
2026-06-02 18:40:13.644274+00,anotador_334,5210,3,,,buenos_aires_interior,[]
2026-06-02 18:40:24.347223+00,anotador_334,3903,4,,,buenos_aires_interior,[]
2026-06-02 18:40:36.04102+00,anotador_334,2705,4,,,buenos_aires_interior,[]
2026-06-02 18:40:45.657907+00,anotador_334,2365,2,,,buenos_aires_interior,[]
2026-06-02 18:40:57.639511+00,anotador_334,4157,3,,,buenos_aires_interior,[]
2026-06-02 18:41:07.266728+00,anotador_334,6381,4,,,buenos_aires_interior,[]
2026-06-02 18:41:16.525644+00,anotador_334,6161,3,,,buenos_aires_interior,[]
2026-06-02 18:41:23.313127+00,anotador_334,1698,3,,,buenos_aires_interior,[]
2026-06-02 18:41:34.449973+00,anotador_334,3499,4,,,buenos_aires_interior,[]
2026-06-02 18:41:47.317073+00,anotador_334,6353,4,,,buenos_aires_interior,[]
2026-06-02 18:41:59.916672+00,anotador_334,3722,3,,,buenos_aires_interior,[]
2026-06-02 18:42:11.618121+00,anotador_334,6804,4,,,buenos_aires_interior,[]
2026-06-02 18:42:24.690609+00,anotador_334,1754,3,,,buenos_aires_interior,[]
2026-06-02 18:42:31.331515+00,anotador_334,6694,3,,,buenos_aires_interior,[]
2026-06-02 19:57:43.633166+00,anotador_163,9999,1,,,,"[{""pos"":1,""source"":""prem"",""palabra"":""chaval""},{""pos"":2,""source"":""prem"",""palabra"":""cogió""},{""pos"":4,""source"":""prem"",""palabra"":""móvil""},{""pos"":8,""source"":""prem"",""palabra"":""piso""},{""pos"":1,""source"":""hyp"",""palabra"":""Kettering,""},{""pos"":3,""source"":""hyp"",""palabra"":""Wollongong""},{""pos"":4,""source"":""hyp"",""palabra"":""Bears""},{""pos"":7,""source"":""hyp"",""palabra"":""Tournament""},{""pos"":8,""source"":""hyp"",""palabra"":""of""},{""pos"":9,""source"":""hyp"",""palabra"":""Kilimsworth""}]"
2026-06-02 19:59:19.712481+00,anotador_163,2645,3,"Futuro compuesto con verbo ""ir"", expresión ""más seguido"", ""embocarle""",,,"[{""pos"":0,""source"":""hyp"",""palabra"":""trataremos""},{""pos"":11,""source"":""prem"",""palabra"":""a""},{""pos"":12,""source"":""prem"",""palabra"":""menudo.""},{""pos"":6,""source"":""prem"",""palabra"":""dar""},{""pos"":7,""source"":""prem"",""palabra"":""en""},{""pos"":8,""source"":""prem"",""palabra"":""el""},{""pos"":9,""source"":""prem"",""palabra"":""blanco""}]"
2026-06-02 20:01:13.483121+00,anotador_163,7403,3,,,,"[{""pos"":17,""source"":""prem"",""palabra"":""incluirá""},{""pos"":7,""source"":""hyp"",""palabra"":""necesitará""},{""pos"":15,""source"":""prem"",""palabra"":""se""},{""pos"":16,""source"":""prem"",""palabra"":""espera,""}]"
2026-06-02 20:02:20.024173+00,anotador_163,5732,2,,,,"[{""pos"":5,""source"":""hyp"",""palabra"":""escucharemos""},{""pos"":8,""source"":""prem"",""palabra"":""ha""},{""pos"":9,""source"":""prem"",""palabra"":""usado""},{""pos"":17,""source"":""prem"",""palabra"":""entremos""},{""pos"":19,""source"":""prem"",""palabra"":""acción.""},{""pos"":18,""source"":""prem"",""palabra"":""en""}]"
2026-06-02 20:02:55.799856+00,anotador_163,5965,2,La forma en que describe el saludo,,,"[{""pos"":15,""source"":""prem"",""palabra"":""malhumorados""},{""pos"":16,""source"":""prem"",""palabra"":""gruñidos.""},{""pos"":13,""source"":""prem"",""palabra"":""vagos""},{""pos"":14,""source"":""prem"",""palabra"":""pero""}]"
2026-06-02 20:04:04.014962+00,anotador_163,2672,,,,,"[{""pos"":4,""source"":""prem"",""palabra"":""dispositivo""}]"
2026-06-02 20:17:16.821811+00,anotador_031,9999,1,,,buenos_aires_amba,"[{""pos"":1,""source"":""prem"",""palabra"":""chaval""},{""pos"":2,""source"":""prem"",""palabra"":""cogió""},{""pos"":4,""source"":""prem"",""palabra"":""móvil""},{""pos"":13,""source"":""hyp"",""palabra"":""fans.""}]"
2026-06-02 20:18:04.792595+00,anotador_031,5659,4,,,buenos_aires_amba,"[{""pos"":11,""source"":""prem"",""palabra"":""puzle""}]"
2026-06-02 20:18:24.829161+00,anotador_031,1646,5,,,buenos_aires_amba,[]
2026-06-02 20:18:32.000779+00,anotador_031,4397,3,,,buenos_aires_amba,"[{""pos"":4,""source"":""prem"",""palabra"":""motel""},{""pos"":8,""source"":""hyp"",""palabra"":""motel.""}]"
2026-06-02 20:18:49.634549+00,anotador_031,5351,5,,,buenos_aires_amba,[]
2026-06-02 20:19:08.349116+00,anotador_031,2409,5,,,buenos_aires_amba,[]
2026-06-02 20:19:17.979289+00,anotador_031,6134,3,,,buenos_aires_amba,"[{""pos"":0,""source"":""prem"",""palabra"":""Echa""},{""pos"":3,""source"":""prem"",""palabra"":""vistazo""},{""pos"":16,""source"":""prem"",""palabra"":""ferri""}]"
2026-06-02 20:20:18.202993+00,anotador_031,3740,3,,,buenos_aires_amba,"[{""pos"":7,""source"":""hyp"",""palabra"":""refrigerios""}]"
2026-06-02 20:20:49.430488+00,anotador_031,3814,3,,,buenos_aires_amba,[]
2026-06-02 20:21:07.370433+00,anotador_031,5016,4,,,buenos_aires_amba,[]
2026-06-02 20:21:21.478658+00,anotador_031,6940,4,,,buenos_aires_amba,[]
2026-06-02 20:21:28.615661+00,anotador_031,7221,1,Hablar de jonrones,,buenos_aires_amba,"[{""pos"":12,""source"":""prem"",""palabra"":""jonrones.""},{""pos"":18,""source"":""hyp"",""palabra"":""jonrones.""}]"
2026-06-02 20:22:02.109579+00,anotador_031,4273,5,,,buenos_aires_amba,[]
2026-06-02 20:22:13.579323+00,anotador_031,4116,5,,,buenos_aires_amba,[]
2026-06-02 20:22:27.879562+00,anotador_031,4469,4,"Diría ""notaron""
",,buenos_aires_amba,[]
2026-06-02 20:22:54.258252+00,anotador_039,4184,3,,,,[]
2026-06-02 20:22:56.198847+00,anotador_031,3774,4,,,buenos_aires_amba,[]
2026-06-02 20:23:09.524673+00,anotador_031,3497,2,,,buenos_aires_amba,[]
2026-06-02 20:23:17.939887+00,anotador_031,5447,3,,,buenos_aires_amba,"[{""pos"":3,""source"":""prem"",""palabra"":""adiós""}]"
2026-06-02 20:23:29.923416+00,anotador_039,2189,3,,,,"[{""pos"":7,""source"":""prem"",""palabra"":""carriles""},{""pos"":10,""source"":""prem"",""palabra"":""pistas""}]"
2026-06-02 20:23:34.27623+00,anotador_031,2039,4,,,buenos_aires_amba,[]
2026-06-02 20:23:49.477884+00,anotador_031,4717,3,,,buenos_aires_amba,[]
2026-06-02 20:25:03.777323+00,anotador_039,6549,,,,,"[{""pos"":10,""source"":""prem"",""palabra"":""evento""}]"
2026-06-02 20:28:01.532131+00,anotador_293,9999,,,,,"[{""pos"":1,""source"":""prem"",""palabra"":""chaval""}]"
2026-06-02 20:28:02.31181+00,anotador_293,9999,1,,,buenos_aires_interior,"[{""pos"":1,""source"":""prem"",""palabra"":""chaval""},{""pos"":2,""source"":""prem"",""palabra"":""cogió""},{""pos"":4,""source"":""prem"",""palabra"":""móvil""},{""pos"":8,""source"":""prem"",""palabra"":""piso""},{""pos"":1,""source"":""hyp"",""palabra"":""Kettering,""},{""pos"":3,""source"":""hyp"",""palabra"":""Wollongong""},{""pos"":7,""source"":""hyp"",""palabra"":""Tournament""},{""pos"":9,""source"":""hyp"",""palabra"":""Kilimsworth""},{""pos"":11,""source"":""hyp"",""palabra"":""miles""},{""pos"":4,""source"":""hyp"",""palabra"":""Bears""}]"
2026-06-02 20:28:33.9463+00,anotador_293,1443,1,,,buenos_aires_interior,"[{""pos"":2,""source"":""prem"",""palabra"":""cálido""},{""pos"":19,""source"":""prem"",""palabra"":""recalcitrantes""},{""pos"":21,""source"":""prem"",""palabra"":""internalizar""},{""pos"":23,""source"":""prem"",""palabra"":""estándares""}]"
2026-06-02 20:29:27.779063+00,anotador_293,5756,2,,,buenos_aires_interior,[]
2026-06-02 20:29:59.411957+00,anotador_293,7329,2,,,buenos_aires_interior,[]
2026-06-02 20:30:41.500704+00,anotador_293,3073,2,,,buenos_aires_interior,[]
2026-06-02 20:30:55.564246+00,anotador_293,2855,2,,,buenos_aires_interior,[]
2026-06-02 20:31:16.824578+00,anotador_293,3380,2,,,buenos_aires_interior,[]
2026-06-02 20:31:30.250148+00,anotador_293,1793,3,,,buenos_aires_interior,[]
2026-06-02 20:31:40.18703+00,anotador_293,7093,2,,,buenos_aires_interior,"[{""pos"":9,""source"":""hyp"",""palabra"":""masca""}]"
2026-06-02 20:31:55.991587+00,anotador_293,6568,3,,,buenos_aires_interior,[]
2026-06-02 20:32:09.968503+00,anotador_293,5443,4,,,buenos_aires_interior,"[{""pos"":8,""source"":""hyp"",""palabra"":""familiares""}]"
2026-06-02 20:32:19.28857+00,anotador_293,5400,3,,,buenos_aires_interior,[]
2026-06-02 20:32:36.136806+00,anotador_293,4207,3,,,buenos_aires_interior,[]
2026-06-02 20:32:41.908519+00,anotador_293,6148,3,,,buenos_aires_interior,[]
2026-06-02 20:32:48.651896+00,anotador_293,5494,3,,,buenos_aires_interior,[]
2026-06-02 20:32:59.241734+00,anotador_293,4551,3,,,buenos_aires_interior,[]
2026-06-02 20:33:15.217753+00,anotador_293,4533,3,,,buenos_aires_interior,[]
2026-06-02 20:33:25.566787+00,anotador_293,3667,2,,,buenos_aires_interior,[]
2026-06-02 20:33:37.062789+00,anotador_293,5147,1,,,buenos_aires_interior,"[{""pos"":7,""source"":""prem"",""palabra"":""universidad,""},{""pos"":2,""source"":""hyp"",""palabra"":""Universidad""}]"
2026-06-02 20:33:51.443236+00,anotador_293,6553,3,,,buenos_aires_interior,[]
2026-06-02 22:47:00.883726+00,anotador_036,9999,2,,,,"[{""pos"":1,""source"":""prem"",""palabra"":""chaval""},{""pos"":2,""source"":""prem"",""palabra"":""cogió""},{""pos"":4,""source"":""prem"",""palabra"":""móvil""},{""pos"":8,""source"":""prem"",""palabra"":""piso""},{""pos"":11,""source"":""prem"",""palabra"":""luego""}]"
2026-06-02 22:47:54.770306+00,anotador_036,6622,3,,,,[]
2026-06-02 22:48:26.764721+00,anotador_036,3023,4,,,,"[{""pos"":5,""source"":""prem"",""palabra"":""es""},{""pos"":6,""source"":""prem"",""palabra"":""decir,""},{""pos"":12,""source"":""hyp"",""palabra"":""fuesen""}]"
2026-06-02 22:48:48.163245+00,anotador_036,2874,2,,,,"[{""pos"":13,""source"":""prem"",""palabra"":""caldera""},{""pos"":16,""source"":""prem"",""palabra"":""han""},{""pos"":17,""source"":""prem"",""palabra"":""de""},{""pos"":18,""source"":""prem"",""palabra"":""tomar""}]"
2026-06-02 22:49:26.526772+00,anotador_036,2119,4,,,,[]
2026-06-02 22:49:31.2628+00,anotador_036,6184,3,,,,"[{""pos"":18,""source"":""prem"",""palabra"":""su""},{""pos"":19,""source"":""prem"",""palabra"":""disfrute.""},{""pos"":17,""source"":""prem"",""palabra"":""para""},{""pos"":11,""source"":""hyp"",""palabra"":""pasteles""},{""pos"":3,""source"":""prem"",""palabra"":""pasteles""},{""pos"":2,""source"":""prem"",""palabra"":""comprarían""}]"
2026-06-02 22:50:17.185861+00,anotador_036,4364,3,,,,"[{""pos"":3,""source"":""prem"",""palabra"":""del""}]"
2026-06-02 22:50:28.640258+00,anotador_036,5372,5,,,,[]
2026-06-03 00:50:54.635677+00,anotador_297,9999,1,,,buenos_aires_amba,[]
2026-06-03 00:51:03.547639+00,anotador_297,2652,5,,,buenos_aires_amba,[]
2026-06-03 00:51:15.989602+00,anotador_297,3918,5,,,buenos_aires_amba,[]
2026-06-03 00:51:25.029663+00,anotador_297,5260,2,,,buenos_aires_amba,[]
2026-06-03 00:51:42.073096+00,anotador_297,4181,5,,,buenos_aires_amba,[]
2026-06-03 00:51:59.930065+00,anotador_297,6604,5,,,buenos_aires_amba,[]
2026-06-03 00:52:05.609377+00,anotador_297,3571,5,,,buenos_aires_amba,[]
2026-06-03 00:52:11.550397+00,anotador_297,6942,5,,,buenos_aires_amba,[]
2026-06-03 00:52:14.76537+00,anotador_297,6817,5,,,buenos_aires_amba,[]
2026-06-03 00:52:15.741789+00,anotador_297,4145,5,,,buenos_aires_amba,[]
2026-06-03 00:52:16.542437+00,anotador_297,4185,5,,,buenos_aires_amba,[]
2026-06-03 00:52:17.689699+00,anotador_297,4797,5,,,buenos_aires_amba,[]
2026-06-03 00:52:22.817885+00,anotador_297,4089,5,,,buenos_aires_amba,[]
2026-06-03 00:52:23.749414+00,anotador_297,4346,5,,,buenos_aires_amba,[]
2026-06-03 00:52:25.060714+00,anotador_297,7165,5,,,buenos_aires_amba,[]
2026-06-03 00:52:25.903429+00,anotador_297,4608,5,,,buenos_aires_amba,[]
2026-06-03 00:52:26.801759+00,anotador_297,4720,5,,,buenos_aires_amba,[]
2026-06-03 00:52:27.807373+00,anotador_297,5228,5,,,buenos_aires_amba,[]
2026-06-03 00:52:30.086092+00,anotador_297,6209,5,,,buenos_aires_amba,[]
2026-06-03 00:52:31.003751+00,anotador_297,761,5,,,buenos_aires_amba,[]
2026-06-03 02:05:18.997098+00,anotador_061,9999,2,,,buenos_aires_amba,"[{""pos"":1,""source"":""prem"",""palabra"":""chaval""},{""pos"":2,""source"":""prem"",""palabra"":""cogió""},{""pos"":8,""source"":""prem"",""palabra"":""piso""},{""pos"":1,""source"":""hyp"",""palabra"":""Kettering,""},{""pos"":7,""source"":""hyp"",""palabra"":""Tournament""},{""pos"":8,""source"":""hyp"",""palabra"":""of""},{""pos"":9,""source"":""hyp"",""palabra"":""Kilimsworth""}]"
2026-06-03 02:05:50.559807+00,anotador_061,7255,,,,,"[{""pos"":12,""source"":""prem"",""palabra"":""de""}]"
2026-06-03 02:05:50.799087+00,anotador_061,7255,4,,,buenos_aires_amba,[]
2026-06-03 02:06:59.132495+00,anotador_061,3503,5,,,buenos_aires_amba,[]
2026-06-03 02:07:14.636943+00,anotador_061,5179,3,,,buenos_aires_amba,[]
2026-06-03 02:07:19.908363+00,anotador_061,7275,3,,,buenos_aires_amba,"[{""pos"":1,""source"":""prem"",""palabra"":""caballero""},{""pos"":6,""source"":""prem"",""palabra"":""corcel""}]"
2026-06-03 02:07:43.07622+00,anotador_061,6287,4,,,buenos_aires_amba,[]
2026-06-03 02:07:46.252182+00,anotador_061,2358,,,,,"[{""pos"":2,""source"":""prem"",""palabra"":""pórtico""}]"
2026-06-03 02:07:46.601796+00,anotador_061,2358,4,,,buenos_aires_amba,[]
2026-06-03 02:08:03.112181+00,anotador_061,1213,3,,,buenos_aires_amba,"[{""pos"":23,""source"":""prem"",""palabra"":""más""},{""pos"":24,""source"":""prem"",""palabra"":""probada""}]"
2026-06-03 02:08:23.262217+00,anotador_061,2364,4,,,buenos_aires_amba,[]
2026-06-03 02:08:32.510766+00,anotador_061,6190,3,,,buenos_aires_amba,"[{""pos"":5,""source"":""hyp"",""palabra"":""lo""}]"
2026-06-03 02:08:47.110749+00,anotador_061,7390,4,,,buenos_aires_amba,[]
2026-06-03 02:08:55.910631+00,anotador_061,5850,4,,,buenos_aires_amba,"[{""pos"":1,""source"":""hyp"",""palabra"":""oído""}]"
2026-06-03 02:09:08.200957+00,anotador_061,6714,5,,,buenos_aires_amba,[]
2026-06-03 02:09:13.447049+00,anotador_061,7246,5,,,buenos_aires_amba,[]
2026-06-03 02:09:23.464335+00,anotador_061,6881,5,,,buenos_aires_amba,[]
2026-06-03 02:09:31.109183+00,anotador_061,3377,4,,,buenos_aires_amba,[]
2026-06-03 02:09:48.332493+00,anotador_061,4886,4,,,buenos_aires_amba,[]
2026-06-03 02:09:56.136538+00,anotador_061,6447,5,,,buenos_aires_amba,[]
2026-06-03 02:10:01.710249+00,anotador_061,1215,5,,,buenos_aires_amba,[]
2026-06-03 02:10:06.244261+00,anotador_061,1900,4,,,buenos_aires_amba,[]
2026-06-03 02:19:29.40754+00,anotador_138,9999,1,,,,"[{""pos"":1,""source"":""prem"",""palabra"":""chaval""},{""pos"":2,""source"":""prem"",""palabra"":""cogió""},{""pos"":4,""source"":""prem"",""palabra"":""móvil""}]"
2026-06-03 02:20:03.797863+00,anotador_138,674,3,,,,[]
2026-06-03 02:20:20.08513+00,anotador_138,3315,4,,,,[]
2026-06-03 02:20:34.184316+00,anotador_138,2283,3,,,,[]
2026-06-03 02:20:48.987891+00,anotador_138,6507,3,,,,[]
2026-06-03 10:53:09.93969+00,anotador_145,9999,2,,,,"[{""pos"":1,""source"":""prem"",""palabra"":""chaval""},{""pos"":2,""source"":""prem"",""palabra"":""cogió""},{""pos"":4,""source"":""prem"",""palabra"":""móvil""},{""pos"":8,""source"":""prem"",""palabra"":""piso""}]"
2026-06-03 10:53:40.288702+00,anotador_145,4983,3,,,,"[{""pos"":6,""source"":""hyp"",""palabra"":""orina""}]"
2026-06-03 10:54:25.976372+00,anotador_145,4257,3,,,,"[{""pos"":3,""source"":""hyp"",""palabra"":""ha""},{""pos"":4,""source"":""hyp"",""palabra"":""mencionado""}]"
2026-06-03 10:54:59.33321+00,anotador_145,2518,4,,,,[]
2026-06-03 10:55:06.213289+00,anotador_145,1924,3,,,,"[{""pos"":0,""source"":""prem"",""palabra"":""Conseguiré""},{""pos"":9,""source"":""prem"",""palabra"":""desembarcaré""}]"
2026-06-03 11:02:09.957895+00,anotador_332,9999,1,"Chaval no usamos, cogió esta relacionado a algo sexual en argentinal. Al movil le decimos telefono/celular. Y el piso para los argentinos es el suelo, no un departamento.

y decir que ganaron el Tournament parece spanglish",,buenos_aires_amba,"[{""pos"":1,""source"":""prem"",""palabra"":""chaval""},{""pos"":2,""source"":""prem"",""palabra"":""cogió""},{""pos"":4,""source"":""prem"",""palabra"":""móvil""},{""pos"":8,""source"":""prem"",""palabra"":""piso""},{""pos"":7,""source"":""hyp"",""palabra"":""Tournament""}]"
2026-06-03 11:04:08.363668+00,anotador_332,6668,5,,,buenos_aires_amba,[]
2026-06-03 11:04:29.746357+00,anotador_332,6182,5,"buen uso de la palabra chica, en vez de pequeña como seria en español españa",,buenos_aires_amba,[]
2026-06-03 11:05:17.774299+00,anotador_332,2529,5,,,buenos_aires_amba,[]
2026-06-03 11:05:28.016532+00,anotador_332,3043,5,,,buenos_aires_amba,[]
2026-06-03 11:05:40.207781+00,anotador_332,1318,3,"en la premisa dijo mundo lego y en la hipotesis dijo lego world, confundio ingles con español",,buenos_aires_amba,"[{""pos"":0,""source"":""hyp"",""palabra"":""Lego""},{""pos"":1,""source"":""hyp"",""palabra"":""World""}]"
2026-06-03 11:06:41.46061+00,anotador_332,1730,4,la acentuación estaria en la silaba men lo que haria a la palabra grave y no llevaria tilde,,buenos_aires_amba,"[{""pos"":3,""source"":""hyp"",""palabra"":""rápidamente""}]"
2026-06-03 11:07:38.477222+00,anotador_332,7142,,,,,"[{""pos"":4,""source"":""prem"",""palabra"":""de""}]"
2026-06-03 11:07:43.407185+00,anotador_332,7142,4,"en vez de ""de inmediato"" mas argentino sonaria ""ya mismo""",,buenos_aires_amba,"[{""pos"":4,""source"":""prem"",""palabra"":""de""},{""pos"":5,""source"":""prem"",""palabra"":""inmediato""}]"
2026-06-03 11:08:06.330365+00,anotador_332,3317,5,,,buenos_aires_amba,[]
2026-06-03 11:08:46.586884+00,anotador_332,3410,4,"en español rioplatense seria un telefono publico, no un telefono de pago. En la hipotesis esta bien hecho",,buenos_aires_amba,"[{""pos"":11,""source"":""prem"",""palabra"":""teléfono""},{""pos"":12,""source"":""prem"",""palabra"":""de""},{""pos"":13,""source"":""prem"",""palabra"":""pago""}]"
2026-06-03 11:11:50.701504+00,anotador_332,633,4,"""suelo"" español españa
""piso"" español rioplatense",,buenos_aires_amba,"[{""pos"":4,""source"":""hyp"",""palabra"":""suelo,""}]"
2026-06-03 11:12:19.120398+00,anotador_332,1206,5,,,buenos_aires_amba,[]
2026-06-03 11:12:37.285342+00,anotador_332,5673,5,,,buenos_aires_amba,[]
2026-06-03 11:12:42.856159+00,anotador_332,5194,5,,,buenos_aires_amba,[]
2026-06-03 11:12:57.358507+00,anotador_332,3605,4,"""se una"" español españa
""te unas"" español rioplatense",,buenos_aires_amba,"[{""pos"":3,""source"":""prem"",""palabra"":""se""},{""pos"":4,""source"":""prem"",""palabra"":""una""}]"
2026-06-03 11:13:39.126251+00,anotador_332,4693,5,,,buenos_aires_amba,[]
2026-06-03 11:13:51.940623+00,anotador_332,4082,5,,,buenos_aires_amba,[]
2026-06-03 11:14:04.638134+00,anotador_332,2384,5,,,buenos_aires_amba,[]
2026-06-03 11:14:11.618958+00,anotador_332,4871,5,,,buenos_aires_amba,[]
2026-06-03 11:14:15.355289+00,anotador_332,17,5,,,buenos_aires_amba,[]
2026-06-03 12:46:36.651463+00,anotador_084,9999,1,,,,[]
2026-06-03 12:47:00.812506+00,anotador_084,1236,4,,,,[]
2026-06-03 12:56:23.725908+00,anotador_335,9999,2,,,buenos_aires_amba,"[{""pos"":1,""source"":""prem"",""palabra"":""chaval""},{""pos"":2,""source"":""prem"",""palabra"":""cogió""},{""pos"":4,""source"":""prem"",""palabra"":""móvil""},{""pos"":8,""source"":""prem"",""palabra"":""piso""},{""pos"":7,""source"":""hyp"",""palabra"":""Tournament""}]"
2026-06-03 12:56:58.841349+00,anotador_335,1181,3,,,buenos_aires_amba,"[{""pos"":7,""source"":""prem"",""palabra"":""les""},{""pos"":1,""source"":""prem"",""palabra"":""menudo,""},{""pos"":0,""source"":""prem"",""palabra"":""A""}]"
2026-06-03 12:57:55.909089+00,anotador_335,1339,5,,,buenos_aires_amba,[]
2026-06-03 12:58:14.805078+00,anotador_335,1647,5,,,buenos_aires_amba,[]
2026-06-03 12:58:32.079452+00,anotador_335,2657,5,,,buenos_aires_amba,[]
2026-06-03 12:58:57.636708+00,anotador_335,2877,5,,,buenos_aires_amba,[]
2026-06-03 12:59:25.587712+00,anotador_335,1275,4,,,buenos_aires_amba,"[{""pos"":7,""source"":""prem"",""palabra"":""bajo""}]"
2026-06-03 12:59:42.134737+00,anotador_335,6879,5,,,buenos_aires_amba,[]
2026-06-03 13:00:05.232989+00,anotador_335,6995,5,,,buenos_aires_amba,"[{""pos"":4,""source"":""hyp"",""palabra"":""Indy""}]"
2026-06-03 13:00:24.897126+00,anotador_335,3784,5,,,buenos_aires_amba,[]
2026-06-03 13:00:41.582113+00,anotador_335,650,5,,,buenos_aires_amba,[]
2026-06-03 13:01:00.698376+00,anotador_335,3296,5,,,buenos_aires_amba,[]
2026-06-03 13:01:13.106677+00,anotador_335,6293,5,,,buenos_aires_amba,[]
2026-06-03 13:01:23.420078+00,anotador_335,1605,4,,,buenos_aires_amba,"[{""pos"":24,""source"":""prem"",""palabra"":""ochavona.""},{""pos"":1,""source"":""hyp"",""palabra"":""señorita""}]"
2026-06-03 13:01:42.717705+00,anotador_335,2609,5,,,buenos_aires_amba,[]
2026-06-03 13:01:52.626651+00,anotador_335,6090,5,,,buenos_aires_amba,[]
2026-06-03 13:02:03.918063+00,anotador_335,1934,5,,,buenos_aires_amba,[]
2026-06-03 13:02:22.14336+00,anotador_335,4196,5,,,buenos_aires_amba,[]
2026-06-03 13:02:33.896305+00,anotador_335,5132,4,,,buenos_aires_amba,"[{""pos"":14,""source"":""prem"",""palabra"":""acabar…""},{""pos"":2,""source"":""prem"",""palabra"":""devolví""}]"
2026-06-03 13:02:53.751197+00,anotador_335,4778,5,,,buenos_aires_amba,[]
2026-06-03 13:34:21.258236+00,anotador_191,9999,1,,,buenos_aires_amba,"[{""pos"":1,""source"":""prem"",""palabra"":""chaval""},{""pos"":2,""source"":""prem"",""palabra"":""cogió""},{""pos"":4,""source"":""prem"",""palabra"":""móvil""}]"
2026-06-03 13:35:54.777208+00,anotador_191,1882,1,,,buenos_aires_amba,[]
2026-06-03 13:36:01.575369+00,anotador_191,1305,3,,,buenos_aires_amba,"[{""pos"":4,""source"":""prem"",""palabra"":""desconcertante""}]"
2026-06-03 13:36:25.221296+00,anotador_191,7222,2,,,buenos_aires_amba,"[{""pos"":12,""source"":""prem"",""palabra"":""jonrones.""}]"
2026-06-03 13:36:46.775864+00,anotador_191,2884,4,,,buenos_aires_amba,[]
2026-06-03 13:38:07.936251+00,anotador_191,6945,4,,,buenos_aires_amba,[]
2026-06-03 13:38:18.748477+00,anotador_191,3799,5,,,buenos_aires_amba,[]
2026-06-03 13:38:37.027878+00,anotador_191,2812,5,,,buenos_aires_amba,"[{""pos"":25,""source"":""prem"",""palabra"":""ha""},{""pos"":26,""source"":""prem"",""palabra"":""cruzado""}]"
2026-06-03 13:38:54.318199+00,anotador_191,5717,5,,,buenos_aires_amba,[]
2026-06-03 13:40:19.965653+00,anotador_191,5961,4,,,buenos_aires_amba,[]
2026-06-03 13:40:23.056704+00,anotador_191,5227,3,,,buenos_aires_amba,"[{""pos"":1,""source"":""prem"",""palabra"":""volveré""},{""pos"":2,""source"":""hyp"",""palabra"":""devolvería""}]"
2026-06-03 13:40:57.44737+00,anotador_191,3150,5,,,buenos_aires_amba,[]
2026-06-03 14:18:48.304486+00,anotador_191,2881,5,,,buenos_aires_amba,[]
2026-06-03 14:18:57.674667+00,anotador_191,2798,5,,,buenos_aires_amba,[]
2026-06-03 14:19:11.326979+00,anotador_191,6679,5,,,buenos_aires_amba,[]
2026-06-03 14:19:19.073108+00,anotador_191,6931,5,,,buenos_aires_amba,[]
2026-06-03 14:19:33.339348+00,anotador_191,4244,3,,,buenos_aires_amba,[]
2026-06-03 14:19:38.805862+00,anotador_191,550,5,,,buenos_aires_amba,[]
2026-06-03 14:19:49.173094+00,anotador_191,6094,5,,,buenos_aires_amba,[]
2026-06-03 14:20:13.41258+00,anotador_191,5328,3,,,buenos_aires_amba,[]
2026-06-03 14:51:51.706837+00,anotador_189,9999,2,,,buenos_aires_amba,"[{""pos"":1,""source"":""prem"",""palabra"":""chaval""},{""pos"":2,""source"":""prem"",""palabra"":""cogió""},{""pos"":7,""source"":""hyp"",""palabra"":""Tournament""},{""pos"":9,""source"":""hyp"",""palabra"":""Kilimsworth""},{""pos"":1,""source"":""hyp"",""palabra"":""Kettering,""},{""pos"":3,""source"":""hyp"",""palabra"":""Wollongong""},{""pos"":4,""source"":""hyp"",""palabra"":""Bears""}]"
2026-06-03 14:52:32.462693+00,anotador_189,5083,3,,,buenos_aires_amba,"[{""pos"":1,""source"":""hyp"",""palabra"":""he""},{""pos"":2,""source"":""hyp"",""palabra"":""tenido""}]"
2026-06-03 14:52:59.480686+00,anotador_189,1300,4,,,buenos_aires_amba,[]
2026-06-03 14:53:10.09982+00,anotador_189,6880,4,,,buenos_aires_amba,"[{""pos"":0,""source"":""hyp"",""palabra"":""Usted""},{""pos"":1,""source"":""hyp"",""palabra"":""donó""}]"
2026-06-03 14:53:29.299724+00,anotador_189,2614,3,,,buenos_aires_amba,[]
2026-06-03 14:53:51.062237+00,anotador_189,7031,4,,,buenos_aires_amba,[]
2026-06-03 14:54:01.604116+00,anotador_189,3960,4,,,buenos_aires_amba,[]
2026-06-03 14:54:16.584723+00,anotador_189,5394,3,,,buenos_aires_amba,"[{""pos"":2,""source"":""prem"",""palabra"":""te""},{""pos"":3,""source"":""prem"",""palabra"":""dirán""},{""pos"":6,""source"":""prem"",""palabra"":""te""},{""pos"":7,""source"":""prem"",""palabra"":""dirán""},{""pos"":11,""source"":""prem"",""palabra"":""tendrás""}]"
2026-06-03 14:54:31.133963+00,anotador_189,5140,3,,,buenos_aires_amba,"[{""pos"":4,""source"":""hyp"",""palabra"":""filmación""},{""pos"":2,""source"":""hyp"",""palabra"":""guardó""},{""pos"":3,""source"":""hyp"",""palabra"":""la""}]"
2026-06-03 14:54:37.792709+00,anotador_189,1603,3,,,buenos_aires_amba,"[{""pos"":3,""source"":""hyp"",""palabra"":""estado""},{""pos"":2,""source"":""hyp"",""palabra"":""he""},{""pos"":4,""source"":""hyp"",""palabra"":""siguiendo""}]"
2026-06-03 14:54:49.468347+00,anotador_189,7100,4,,,buenos_aires_amba,[]
2026-06-03 14:54:55.314811+00,anotador_189,2363,4,,,buenos_aires_amba,[]
2026-06-03 14:55:02.182679+00,anotador_189,3786,3,,,buenos_aires_amba,[]
2026-06-03 14:55:14.617256+00,anotador_189,1472,3,,,buenos_aires_amba,[]
2026-06-03 14:55:22.482913+00,anotador_189,3157,4,,,buenos_aires_amba,[]
2026-06-03 14:56:04.405996+00,anotador_189,6379,4,,,buenos_aires_amba,[]
2026-06-03 14:56:12.304936+00,anotador_189,4574,4,,,buenos_aires_amba,[]
2026-06-03 14:56:21.981703+00,anotador_189,5803,4,,,buenos_aires_amba,[]
2026-06-03 14:56:28.453931+00,anotador_189,5648,4,,,buenos_aires_amba,[]
2026-06-03 14:56:34.690802+00,anotador_189,3643,4,,,buenos_aires_amba,[]
2026-06-03 15:02:52.892082+00,anotador_261,2745,4,,,buenos_aires_amba,"[{""pos"":14,""source"":""prem"",""palabra"":""incumbencia""}]"
2026-06-03 15:07:41.114229+00,anotador_319,9999,2,,,,[]
2026-06-03 15:07:55.403504+00,anotador_319,5482,2,,,,[]
2026-06-03 15:08:08.795666+00,anotador_319,6228,1,,,,[]
2026-06-03 15:08:19.92745+00,anotador_319,6603,4,,,,[]
2026-06-03 15:08:32.021366+00,anotador_319,2862,3,,,,[]
2026-06-03 15:08:46.302022+00,anotador_319,1167,3,,,,[]
2026-06-03 15:08:55.056707+00,anotador_319,1426,4,,,,[]
2026-06-03 15:09:02.395639+00,anotador_319,7247,3,,,,[]
2026-06-03 15:09:06.742257+00,anotador_319,6884,4,,,,[]
2026-06-03 15:09:17.722009+00,anotador_319,7028,2,,,,[]
2026-06-03 15:09:26.308772+00,anotador_319,4960,4,,,,[]
2026-06-03 15:09:33.646517+00,anotador_319,3867,4,,,,[]
2026-06-03 15:09:41.089703+00,anotador_319,4761,3,,,,[]
2026-06-03 15:09:49.123525+00,anotador_319,2395,1,,,,[]
2026-06-03 15:09:56.595416+00,anotador_319,7076,2,,,,[]
2026-06-03 15:11:46.155532+00,anotador_065,9999,2,,,,"[{""pos"":1,""source"":""prem"",""palabra"":""chaval""},{""pos"":2,""source"":""prem"",""palabra"":""cogió""},{""pos"":4,""source"":""prem"",""palabra"":""móvil""},{""pos"":9,""source"":""hyp"",""palabra"":""Kilimsworth""},{""pos"":1,""source"":""hyp"",""palabra"":""Kettering,""},{""pos"":8,""source"":""hyp"",""palabra"":""of""},{""pos"":7,""source"":""hyp"",""palabra"":""Tournament""},{""pos"":3,""source"":""hyp"",""palabra"":""Wollongong""},{""pos"":4,""source"":""hyp"",""palabra"":""Bears""},{""pos"":11,""source"":""hyp"",""palabra"":""miles""},{""pos"":13,""source"":""hyp"",""palabra"":""fans.""}]"
2026-06-03 15:12:20.199937+00,anotador_065,412,4,,,,"[{""pos"":8,""source"":""hyp"",""palabra"":""recesos.""},{""pos"":2,""source"":""hyp"",""palabra"":""el""}]"
2026-06-03 15:12:31.778837+00,anotador_065,1888,5,,,,[]
2026-06-03 15:12:42.668315+00,anotador_065,5019,3,,,,[]
2026-06-03 15:12:43.855748+00,anotador_065,4667,2,,,,[]
2026-06-03 15:26:26.611667+00,anotador_320,9999,2,,,buenos_aires_amba,"[{""pos"":2,""source"":""prem"",""palabra"":""cogió""},{""pos"":1,""source"":""prem"",""palabra"":""chaval""},{""pos"":4,""source"":""prem"",""palabra"":""móvil""}]"
2026-06-03 15:26:50.311958+00,anotador_320,5188,5,,,buenos_aires_amba,[]
2026-06-03 15:26:53.508366+00,anotador_320,7277,4,,,buenos_aires_amba,"[{""pos"":6,""source"":""prem"",""palabra"":""corcel""},{""pos"":1,""source"":""prem"",""palabra"":""caballero""}]"
2026-06-03 15:27:05.982508+00,anotador_320,7468,5,,,buenos_aires_amba,[]
2026-06-03 15:27:14.77753+00,anotador_320,3334,4,,,buenos_aires_amba,[]
2026-06-03 15:27:24.170002+00,anotador_320,4250,4,,,buenos_aires_amba,[]
2026-06-03 15:27:32.208711+00,anotador_320,6795,3,,,buenos_aires_amba,"[{""pos"":7,""source"":""prem"",""palabra"":""atuendos,""}]"
2026-06-03 15:27:40.977251+00,anotador_320,5991,4,,,buenos_aires_amba,"[{""pos"":10,""source"":""hyp"",""palabra"":""pasaje""}]"
2026-06-03 15:27:53.666828+00,anotador_320,3945,5,,,buenos_aires_amba,[]
2026-06-03 15:28:00.947796+00,anotador_320,5138,5,,,buenos_aires_amba,[]
2026-06-03 15:28:03.607944+00,anotador_320,1454,3,,,buenos_aires_amba,"[{""pos"":9,""source"":""prem"",""palabra"":""cuerda""}]"
2026-06-03 15:28:12.394254+00,anotador_320,6393,4,,,buenos_aires_amba,[]
2026-06-03 15:28:17.548487+00,anotador_320,2502,5,,,buenos_aires_amba,[]
2026-06-03 15:28:23.162613+00,anotador_320,2081,4,,,buenos_aires_amba,[]
2026-06-03 15:28:27.603608+00,anotador_320,1374,5,,,buenos_aires_amba,[]
2026-06-03 15:28:30.895875+00,anotador_320,1653,5,,,buenos_aires_amba,[]
2026-06-03 15:28:39.870005+00,anotador_320,1273,5,,,buenos_aires_amba,[]
2026-06-03 15:28:43.469787+00,anotador_320,1707,3,,,buenos_aires_amba,[]
2026-06-03 15:28:47.228571+00,anotador_320,2299,4,,,buenos_aires_amba,[]
2026-06-03 15:28:49.720029+00,anotador_320,5149,5,,,buenos_aires_amba,[]
2026-06-03 16:18:12.569916+00,anotador_206,9999,2,,,entre_rios,"[{""pos"":1,""source"":""prem"",""palabra"":""chaval""},{""pos"":2,""source"":""prem"",""palabra"":""cogió""},{""pos"":4,""source"":""prem"",""palabra"":""móvil""}]"
2026-06-03 16:18:53.743224+00,anotador_206,4812,4,,,entre_rios,[]
2026-06-03 16:19:01.40275+00,anotador_206,6238,4,,,entre_rios,[]
2026-06-03 16:19:08.913753+00,anotador_206,5111,4,,,entre_rios,[]
2026-06-03 16:19:27.638893+00,anotador_206,2878,4,,,entre_rios,[]
2026-06-03 16:19:37.256262+00,anotador_206,5158,5,,,entre_rios,[]
2026-06-03 16:19:44.085323+00,anotador_206,3955,4,,,entre_rios,[]
2026-06-03 16:19:46.72941+00,anotador_206,4915,1,,,entre_rios,"[{""pos"":10,""source"":""hyp"",""palabra"":""sabés.""},{""pos"":9,""source"":""hyp"",""palabra"":""ya""},{""pos"":6,""source"":""prem"",""palabra"":""ya""},{""pos"":7,""source"":""prem"",""palabra"":""sabés.""}]"
2026-06-03 16:20:12.721432+00,anotador_206,6205,3,,,entre_rios,[]
2026-06-03 16:20:17.39221+00,anotador_206,5070,2,,,entre_rios,"[{""pos"":2,""source"":""hyp"",""palabra"":""lidiar""},{""pos"":4,""source"":""hyp"",""palabra"":""eso.""}]"
2026-06-03 16:20:26.14287+00,anotador_206,6647,4,,,entre_rios,[]
2026-06-03 16:20:35.843522+00,anotador_206,3252,4,,,entre_rios,[]
2026-06-03 16:20:42.811674+00,anotador_206,1795,2,,,entre_rios,"[{""pos"":6,""source"":""prem"",""palabra"":""deje""}]"
2026-06-03 16:20:53.114788+00,anotador_206,7075,3,,,entre_rios,[]
2026-06-03 16:20:58.992569+00,anotador_206,1827,3,,,entre_rios,[]
2026-06-03 16:21:03.089412+00,anotador_206,7268,4,,,entre_rios,[]
2026-06-03 16:21:10.02245+00,anotador_206,2546,4,,,entre_rios,[]
2026-06-03 16:21:20.745434+00,anotador_206,4625,4,,,entre_rios,[]
2026-06-03 16:21:28.270752+00,anotador_206,2868,4,,,entre_rios,[]
2026-06-03 16:21:43.426554+00,anotador_206,3455,3,,,entre_rios,[]
2026-06-03 17:20:06.016272+00,anotador_261,1377,5,,,buenos_aires_amba,[]
2026-06-03 17:30:28.403624+00,anotador_179,5640,3,,,buenos_aires_amba,[]
2026-06-03 17:30:36.574018+00,anotador_179,7406,4,,,buenos_aires_amba,[]
2026-06-03 17:30:40.181619+00,anotador_179,3097,2,,,buenos_aires_amba,[]
2026-06-03 17:30:51.972819+00,anotador_179,6172,3,,,buenos_aires_amba,"[{""pos"":26,""source"":""prem"",""palabra"":""silvestres.""}]"
2026-06-03 17:31:01.259817+00,anotador_179,5285,4,,,buenos_aires_amba,[]
2026-06-03 17:31:06.364539+00,anotador_179,5045,4,,,buenos_aires_amba,[]
2026-06-03 17:31:12.4049+00,anotador_179,6850,2,,,buenos_aires_amba,[]
2026-06-03 17:33:07.499591+00,anotador_179,6326,3,,,,[]
2026-06-03 17:33:07.711446+00,anotador_179,6326,2,,,buenos_aires_amba,[]
2026-06-03 17:33:14.850933+00,anotador_179,3184,3,,,buenos_aires_amba,[]
2026-06-03 17:33:16.780307+00,anotador_179,2260,2,,,buenos_aires_amba,[]
2026-06-03 17:33:38.901288+00,anotador_179,2622,3,,,buenos_aires_amba,[]
2026-06-03 17:35:11.917329+00,anotador_179,1597,3,,,buenos_aires_amba,[]
2026-06-03 17:35:21.819077+00,anotador_179,1675,3,,,buenos_aires_amba,[]
2026-06-03 17:35:27.085459+00,anotador_179,2377,2,,,buenos_aires_amba,"[{""pos"":17,""source"":""prem"",""palabra"":""comercial""},{""pos"":16,""source"":""prem"",""palabra"":""centro""}]"
2026-06-03 17:35:40.964689+00,anotador_179,3466,2,,,buenos_aires_amba,"[{""pos"":4,""source"":""hyp"",""palabra"":""comisionado""},{""pos"":1,""source"":""hyp"",""palabra"":""alcalde""},{""pos"":3,""source"":""prem"",""palabra"":""alcalde""},{""pos"":6,""source"":""prem"",""palabra"":""comisionado""},{""pos"":7,""source"":""prem"",""palabra"":""de""},{""pos"":8,""source"":""prem"",""palabra"":""policía""}]"
2026-06-03 17:35:59.596317+00,anotador_179,6631,2,,,buenos_aires_amba,"[{""pos"":7,""source"":""prem"",""palabra"":""Trade""},{""pos"":8,""source"":""prem"",""palabra"":""Center.""},{""pos"":3,""source"":""hyp"",""palabra"":""Centro""},{""pos"":4,""source"":""hyp"",""palabra"":""Comercial.""}]"
2026-06-03 17:36:21.376521+00,anotador_179,1550,4,,,buenos_aires_amba,[]
2026-06-03 17:36:25.517972+00,anotador_179,5306,2,,,buenos_aires_amba,"[{""pos"":9,""source"":""hyp"",""palabra"":""corporativo.""}]"
2026-06-03 17:37:21.787099+00,anotador_179,3803,3,,,buenos_aires_amba,[]
2026-06-03 17:37:34.207552+00,anotador_179,5203,3,,,buenos_aires_amba,[]
2026-06-03 17:38:02.030991+00,anotador_179,1896,4,,,buenos_aires_amba,[]
2026-06-03 17:38:05.197769+00,anotador_179,5279,2,,,buenos_aires_amba,"[{""pos"":8,""source"":""hyp"",""palabra"":""cable""},{""pos"":9,""source"":""hyp"",""palabra"":""opcional.""}]"
2026-06-03 17:38:13.941137+00,anotador_179,355,3,,,buenos_aires_amba,[]
2026-06-03 17:38:18.631313+00,anotador_179,4381,3,,,buenos_aires_amba,[]
2026-06-03 17:38:24.342882+00,anotador_179,2165,2,,,buenos_aires_amba,[]
2026-06-03 17:38:26.681492+00,anotador_179,5077,2,,,buenos_aires_amba,"[{""pos"":1,""source"":""prem"",""palabra"":""rasgaba""}]"
2026-06-03 17:38:34.486827+00,anotador_261,4888,2,,,buenos_aires_amba,"[{""pos"":22,""source"":""prem"",""palabra"":""yiddish.""},{""pos"":13,""source"":""hyp"",""palabra"":""yiddish.""}]"
2026-06-03 17:38:39.142454+00,anotador_179,2950,3,,,buenos_aires_amba,[]
2026-06-03 17:38:45.570594+00,anotador_179,1493,3,,,buenos_aires_amba,[]
2026-06-03 17:41:54.251698+00,anotador_179,7006,3,,,buenos_aires_amba,[]
2026-06-03 17:42:05.110003+00,anotador_179,7143,3,,,buenos_aires_amba,[]
2026-06-03 17:42:12.022958+00,anotador_179,6472,3,,,buenos_aires_amba,[]
2026-06-03 17:42:19.154888+00,anotador_179,5720,3,,,buenos_aires_amba,[]
2026-06-03 17:42:22.981738+00,anotador_179,627,4,,,buenos_aires_amba,[]
2026-06-03 17:42:30.448417+00,anotador_179,5297,2,,,buenos_aires_amba,"[{""pos"":3,""source"":""prem"",""palabra"":""sitio""},{""pos"":1,""source"":""hyp"",""palabra"":""bonito""}]"
2026-06-03 17:42:40.614523+00,anotador_179,3443,2,,,buenos_aires_amba,[]
2026-06-03 17:42:48.5431+00,anotador_179,5189,3,,,buenos_aires_amba,[]
2026-06-03 17:42:58.040921+00,anotador_179,2663,2,,,buenos_aires_amba,[]
2026-06-03 17:43:04.927722+00,anotador_179,659,3,,,buenos_aires_amba,"[{""pos"":5,""source"":""prem"",""palabra"":""artículo,""}]"
2026-06-03 17:43:18.163097+00,anotador_179,4162,3,,,buenos_aires_amba,[]
2026-06-03 17:43:23.482332+00,anotador_179,1819,2,,,buenos_aires_amba,"[{""pos"":29,""source"":""prem"",""palabra"":""servirle""}]"
2026-06-03 17:43:57.355154+00,anotador_179,4107,3,,,,[]
2026-06-03 17:44:07.108364+00,anotador_179,2309,3,,,,[]
2026-06-03 17:44:13.27004+00,anotador_179,6870,2,,,,[]
2026-06-03 17:44:18.678468+00,anotador_179,2908,2,,,,[]
2026-06-03 17:44:29.143062+00,anotador_179,7051,3,,,,[]
2026-06-03 17:44:35.808933+00,anotador_179,7216,3,,,,[]
2026-06-03 17:44:36.00295+00,anotador_179,7215,3,,,,[]
2026-06-03 17:44:40.411617+00,anotador_179,769,2,,,,"[{""pos"":5,""source"":""prem"",""palabra"":""oí""}]"
2026-06-03 17:57:22.633094+00,anotador_192,3413,4,,,salta,"[{""pos"":19,""source"":""prem"",""palabra"":""World""},{""pos"":20,""source"":""prem"",""palabra"":""Trade""},{""pos"":21,""source"":""prem"",""palabra"":""Center""}]"
2026-06-03 17:57:35.75936+00,anotador_192,5970,4,,,salta,"[{""pos"":9,""source"":""hyp"",""palabra"":""gustara""},{""pos"":8,""source"":""hyp"",""palabra"":""no""}]"
2026-06-03 17:57:45.532199+00,anotador_192,5749,4,,,salta,"[{""pos"":1,""source"":""prem"",""palabra"":""disputas""},{""pos"":2,""source"":""prem"",""palabra"":""tomaron""},{""pos"":3,""source"":""prem"",""palabra"":""el""},{""pos"":4,""source"":""prem"",""palabra"":""tono""}]"
2026-06-03 17:58:08.493627+00,anotador_192,5337,4,,,salta,"[{""pos"":28,""source"":""prem"",""palabra"":""ya""},{""pos"":29,""source"":""prem"",""palabra"":""sabés""},{""pos"":4,""source"":""hyp"",""palabra"":""tienen""}]"
2026-06-03 17:58:15.203422+00,anotador_192,6436,5,,,salta,[]
2026-06-03 17:58:33.476887+00,anotador_192,4379,5,,,salta,[]
2026-06-03 17:58:41.860601+00,anotador_192,5802,2,,,salta,[]
2026-06-03 17:58:47.553955+00,anotador_192,1654,5,,,salta,[]
2026-06-03 17:58:56.68186+00,anotador_192,4583,4,,,salta,"[{""pos"":19,""source"":""prem"",""palabra"":""agravando""}]"
2026-06-03 17:58:57.845261+00,anotador_285,9999,2,,,,"[{""pos"":1,""source"":""prem"",""palabra"":""chaval""},{""pos"":4,""source"":""prem"",""palabra"":""móvil""},{""pos"":11,""source"":""prem"",""palabra"":""luego""},{""pos"":8,""source"":""prem"",""palabra"":""piso""},{""pos"":10,""source"":""hyp"",""palabra"":""ante""}]"
2026-06-03 17:59:04.281225+00,anotador_192,1743,3,,,salta,"[{""pos"":19,""source"":""prem"",""palabra"":""azote.""},{""pos"":0,""source"":""hyp"",""palabra"":""Bouchard""},{""pos"":0,""source"":""prem"",""palabra"":""Bouchard""}]"
2026-06-03 17:59:11.50132+00,anotador_192,5439,5,,,salta,[]
2026-06-03 17:59:17.907319+00,anotador_192,3572,5,,,salta,[]
2026-06-03 17:59:26.227149+00,anotador_192,6954,4,,,salta,"[{""pos"":25,""source"":""prem"",""palabra"":""de""},{""pos"":24,""source"":""prem"",""palabra"":""estado""},{""pos"":26,""source"":""prem"",""palabra"":""Indiana.""},{""pos"":4,""source"":""hyp"",""palabra"":""han""},{""pos"":5,""source"":""hyp"",""palabra"":""ayudado""}]"
2026-06-03 17:59:37.297771+00,anotador_285,1533,2,,,,"[{""pos"":4,""source"":""prem"",""palabra"":""diré.""},{""pos"":4,""source"":""hyp"",""palabra"":""contaré.""}]"
2026-06-03 17:59:43.867446+00,anotador_192,3326,3,,,salta,"[{""pos"":23,""source"":""prem"",""palabra"":""alcalde""},{""pos"":21,""source"":""prem"",""palabra"":""directiva""},{""pos"":22,""source"":""prem"",""palabra"":""del""},{""pos"":25,""source"":""prem"",""palabra"":""habría""},{""pos"":26,""source"":""prem"",""palabra"":""requerido.""}]"
2026-06-03 17:59:57.795469+00,anotador_192,4676,5,,,salta,[]
2026-06-03 18:00:01.534434+00,anotador_285,2040,4,,,,[]
2026-06-03 18:00:02.126585+00,anotador_192,3124,3,,,salta,"[{""pos"":3,""source"":""prem"",""palabra"":""Hellfire""},{""pos"":6,""source"":""prem"",""palabra"":""Predator""},{""pos"":2,""source"":""hyp"",""palabra"":""Hellfire""},{""pos"":10,""source"":""hyp"",""palabra"":""Predator""}]"
2026-06-03 18:00:08.336578+00,anotador_285,4326,4,,,,"[{""pos"":12,""source"":""prem"",""palabra"":""temo,""}]"
2026-06-03 18:00:09.84473+00,anotador_192,6248,3,,,salta,"[{""pos"":9,""source"":""prem"",""palabra"":""Star""},{""pos"":10,""source"":""prem"",""palabra"":""Ferry,""},{""pos"":11,""source"":""prem"",""palabra"":""llegará""},{""pos"":13,""source"":""prem"",""palabra"":""ayuntamiento.""},{""pos"":1,""source"":""hyp"",""palabra"":""ayuntamiento""}]"
2026-06-03 18:00:29.567037+00,anotador_192,6778,5,,,salta,[]
2026-06-03 18:00:41.263909+00,anotador_285,4586,4,,,,"[{""pos"":9,""source"":""hyp"",""palabra"":""rancho.""}]"
2026-06-03 18:00:41.712922+00,anotador_192,2969,5,,,salta,[]
2026-06-03 18:00:47.950795+00,anotador_192,7414,5,,,salta,[]
2026-06-03 18:01:03.9352+00,anotador_285,6426,5,,,,[]
2026-06-03 18:01:14.826107+00,anotador_285,1729,4,,,,"[{""pos"":2,""source"":""hyp"",""palabra"":""decidido""}]"
2026-06-03 18:01:41.638367+00,anotador_285,4635,4,,,,"[{""pos"":18,""source"":""prem"",""palabra"":""seguirá""},{""pos"":19,""source"":""prem"",""palabra"":""existiendo,""}]"
2026-06-03 18:02:05.624519+00,anotador_285,4493,4,,,,[]
2026-06-03 18:02:30.21544+00,anotador_285,4938,4,,,,[]
2026-06-03 18:02:37.072718+00,anotador_285,3718,4,,,,"[{""pos"":16,""source"":""prem"",""palabra"":""utiliza""}]"
2026-06-03 18:02:55.180462+00,anotador_285,5795,4,,,,"[{""pos"":2,""source"":""prem"",""palabra"":""no""},{""pos"":3,""source"":""prem"",""palabra"":""le""},{""pos"":4,""source"":""prem"",""palabra"":""habían""},{""pos"":5,""source"":""prem"",""palabra"":""ido""},{""pos"":8,""source"":""hyp"",""palabra"":""prestigioso""}]"
2026-06-03 18:24:18.645071+00,anotador_295,9999,2,,,,[]
2026-06-03 18:24:33.615234+00,anotador_295,4617,3,,,,[]
2026-06-03 18:24:45.894343+00,anotador_295,2671,3,,,,[]
2026-06-03 18:24:55.131529+00,anotador_295,2458,4,,,,[]
2026-06-03 18:24:57.477898+00,anotador_295,7270,3,,,,[]
2026-06-03 18:25:54.163448+00,anotador_261,5388,5,,,buenos_aires_amba,[]
2026-06-03 18:29:02.152972+00,anotador_030,9999,1,,,buenos_aires_amba,"[{""pos"":1,""source"":""prem"",""palabra"":""chaval""},{""pos"":2,""source"":""prem"",""palabra"":""cogió""},{""pos"":4,""source"":""prem"",""palabra"":""móvil""}]"
2026-06-03 18:29:03.908147+00,anotador_144,9999,1,,,buenos_aires_interior,"[{""pos"":1,""source"":""prem"",""palabra"":""chaval""},{""pos"":2,""source"":""prem"",""palabra"":""cogió""},{""pos"":4,""source"":""prem"",""palabra"":""móvil""}]"
2026-06-03 18:29:33.651784+00,anotador_030,6469,5,,,buenos_aires_amba,[]
2026-06-03 18:29:35.448775+00,anotador_144,5528,5,,,buenos_aires_interior,[]
2026-06-03 18:29:47.9163+00,anotador_030,4817,3,,,buenos_aires_amba,[]
2026-06-03 18:29:55.367418+00,anotador_144,3133,3,,,buenos_aires_interior,"[{""pos"":13,""source"":""prem"",""palabra"":""ocupantes""},{""pos"":8,""source"":""hyp"",""palabra"":""descender""}]"
2026-06-03 18:29:56.718289+00,anotador_030,5565,3,,,buenos_aires_amba,"[{""pos"":8,""source"":""prem"",""palabra"":""machos,""},{""pos"":30,""source"":""prem"",""palabra"":""bromear""}]"
2026-06-03 18:30:15.005237+00,anotador_144,2355,5,,,buenos_aires_interior,[]
2026-06-03 18:30:29.888454+00,anotador_030,792,5,,,buenos_aires_amba,[]
2026-06-03 18:30:31.287954+00,anotador_144,2994,5,,,buenos_aires_interior,[]
2026-06-03 18:30:38.503957+00,anotador_030,4630,4,,,buenos_aires_amba,[]
2026-06-03 18:30:50.204518+00,anotador_144,6435,5,,,buenos_aires_interior,[]
2026-06-03 18:30:51.75401+00,anotador_030,1438,4,,,buenos_aires_amba,[]
2026-06-03 18:30:57.17275+00,anotador_030,4733,3,,,buenos_aires_amba,"[{""pos"":12,""source"":""prem"",""palabra"":""cojones,""},{""pos"":2,""source"":""hyp"",""palabra"":""cojones.""}]"
2026-06-03 18:31:12.648757+00,anotador_030,4644,3,,,buenos_aires_amba,"[{""pos"":1,""source"":""prem"",""palabra"":""curioso""}]"
2026-06-03 18:31:27.257318+00,anotador_144,2500,4,,,buenos_aires_interior,[]
2026-06-03 18:31:36.529157+00,anotador_144,1576,4,,,buenos_aires_interior,[]
2026-06-03 18:31:36.60815+00,anotador_030,3154,4,,,buenos_aires_amba,"[{""pos"":21,""source"":""prem"",""palabra"":""modo""},{""pos"":20,""source"":""prem"",""palabra"":""de""}]"
2026-06-03 18:31:41.259243+00,anotador_144,4857,4,,,buenos_aires_interior,"[{""pos"":2,""source"":""prem"",""palabra"":""léxico,""}]"
2026-06-03 18:31:48.436626+00,anotador_282,9999,1,,,,"[{""pos"":1,""source"":""prem"",""palabra"":""chaval""},{""pos"":1,""source"":""hyp"",""palabra"":""Kettering,""},{""pos"":2,""source"":""prem"",""palabra"":""cogió""},{""pos"":3,""source"":""hyp"",""palabra"":""Wollongong""},{""pos"":4,""source"":""hyp"",""palabra"":""Bears""},{""pos"":4,""source"":""prem"",""palabra"":""móvil""},{""pos"":8,""source"":""prem"",""palabra"":""piso""},{""pos"":11,""source"":""prem"",""palabra"":""luego""},{""pos"":7,""source"":""hyp"",""palabra"":""Tournament""},{""pos"":9,""source"":""hyp"",""palabra"":""Kilimsworth""}]"
2026-06-03 18:31:50.380954+00,anotador_030,4285,2,,,buenos_aires_amba,"[{""pos"":1,""source"":""hyp"",""palabra"":""no""},{""pos"":2,""source"":""hyp"",""palabra"":""se""},{""pos"":3,""source"":""hyp"",""palabra"":""encuentra""},{""pos"":4,""source"":""hyp"",""palabra"":""por""},{""pos"":5,""source"":""hyp"",""palabra"":""ningún""},{""pos"":6,""source"":""hyp"",""palabra"":""lado""}]"
2026-06-03 18:32:00.169115+00,anotador_030,7344,3,,,buenos_aires_amba,"[{""pos"":1,""source"":""prem"",""palabra"":""extraordinario""},{""pos"":6,""source"":""prem"",""palabra"":""persista,""},{""pos"":5,""source"":""prem"",""palabra"":""aún""}]"
2026-06-03 18:32:02.231112+00,anotador_144,6416,5,,,buenos_aires_interior,[]
2026-06-03 18:32:11.495762+00,anotador_030,78,5,,,buenos_aires_amba,[]
2026-06-03 18:32:15.335866+00,anotador_144,3697,4,,,buenos_aires_interior,[]
2026-06-03 18:32:21.667013+00,anotador_030,6391,4,,,buenos_aires_amba,"[{""pos"":5,""source"":""prem"",""palabra"":""obstante,""},{""pos"":4,""source"":""prem"",""palabra"":""no""}]"
2026-06-03 18:32:23.325731+00,anotador_144,3120,4,,,buenos_aires_interior,"[{""pos"":20,""source"":""prem"",""palabra"":""automovilístico""}]"
2026-06-03 18:32:38.577928+00,anotador_030,3550,5,,,buenos_aires_amba,[]
2026-06-03 18:32:41.994351+00,anotador_282,5778,2,,,,"[{""pos"":8,""source"":""prem"",""palabra"":""truculento.""},{""pos"":3,""source"":""prem"",""palabra"":""tengo""},{""pos"":4,""source"":""prem"",""palabra"":""entendido,""},{""pos"":2,""source"":""hyp"",""palabra"":""brindó""},{""pos"":6,""source"":""hyp"",""palabra"":""acogedor""}]"
2026-06-03 18:32:42.526446+00,anotador_144,2736,5,,,buenos_aires_interior,[]
2026-06-03 18:32:44.888711+00,anotador_030,1452,4,,,buenos_aires_amba,"[{""pos"":9,""source"":""prem"",""palabra"":""cuerda""}]"
2026-06-03 18:32:52.821276+00,anotador_144,2677,4,,,buenos_aires_interior,[]
2026-06-03 18:33:02.235024+00,anotador_030,2049,4,,,buenos_aires_amba,"[{""pos"":24,""source"":""prem"",""palabra"":""acaudalado""}]"
2026-06-03 18:33:04.579175+00,anotador_144,3217,5,,,buenos_aires_interior,[]
2026-06-03 18:33:07.537282+00,anotador_282,6555,3,,,,[]
2026-06-03 18:33:12.914057+00,anotador_030,3382,5,,,buenos_aires_amba,[]
2026-06-03 18:33:16.982723+00,anotador_144,1235,4,,,buenos_aires_interior,[]
2026-06-03 18:33:22.037918+00,anotador_030,3853,4,,,buenos_aires_amba,"[{""pos"":1,""source"":""hyp"",""palabra"":""ha""},{""pos"":2,""source"":""hyp"",""palabra"":""trasplantado""}]"
2026-06-03 18:33:25.421371+00,anotador_144,3687,5,,,buenos_aires_interior,[]
2026-06-03 18:33:31.75809+00,anotador_030,3695,5,,,buenos_aires_amba,[]
2026-06-03 18:33:33.450369+00,anotador_144,2298,5,,,buenos_aires_interior,[]
2026-06-03 18:33:43.23706+00,anotador_144,788,3,,,buenos_aires_interior,[]
2026-06-03 18:33:51.633297+00,anotador_144,3341,5,,,buenos_aires_interior,[]
2026-06-03 18:33:55.522217+00,anotador_282,1195,4,,,,[]
2026-06-03 18:33:55.643551+00,anotador_011,9999,1,,,salta,"[{""pos"":1,""source"":""prem"",""palabra"":""chaval""},{""pos"":2,""source"":""prem"",""palabra"":""cogió""},{""pos"":8,""source"":""prem"",""palabra"":""piso""}]"
2026-06-03 18:34:02.604864+00,anotador_282,3646,3,,,,"[{""pos"":7,""source"":""prem"",""palabra"":""capellán,""}]"
2026-06-03 18:34:18.877+00,anotador_282,3898,2,,,,"[{""pos"":15,""source"":""prem"",""palabra"":""insto""}]"
2026-06-03 18:34:34.856575+00,anotador_011,2679,3,,,salta,"[{""pos"":31,""source"":""prem"",""palabra"":""reclamaciones.""},{""pos"":10,""source"":""prem"",""palabra"":""cupón""}]"
2026-06-03 18:34:55.268034+00,anotador_121,9999,2,,,,"[{""pos"":1,""source"":""prem"",""palabra"":""chaval""},{""pos"":4,""source"":""prem"",""palabra"":""móvil""},{""pos"":11,""source"":""prem"",""palabra"":""luego""}]"
2026-06-03 18:34:59.998849+00,anotador_298,9999,2,,,salta,"[{""pos"":1,""source"":""prem"",""palabra"":""chaval""},{""pos"":2,""source"":""prem"",""palabra"":""cogió""},{""pos"":7,""source"":""hyp"",""palabra"":""Tournament""}]"
2026-06-03 18:35:05.775938+00,anotador_011,3191,5,,,salta,[]
2026-06-03 18:35:23.908312+00,anotador_011,4658,5,,,salta,[]
2026-06-03 18:35:25.813342+00,anotador_298,6740,3,,,salta,"[{""pos"":1,""source"":""prem"",""palabra"":""oficial""}]"
2026-06-03 18:35:32.532713+00,anotador_011,1945,1,,,salta,"[{""pos"":3,""source"":""prem"",""palabra"":""enseñarte.Pensativo,""},{""pos"":6,""source"":""prem"",""palabra"":""montó""},{""pos"":3,""source"":""hyp"",""palabra"":""montado""}]"
2026-06-03 18:35:48.17116+00,anotador_121,3545,5,,,,[]
2026-06-03 18:35:51.941524+00,anotador_298,5793,3,,,salta,[]
2026-06-03 18:35:53.104698+00,anotador_011,3196,5,,,salta,[]
2026-06-03 18:36:00.326173+00,anotador_011,3878,5,,,salta,[]
2026-06-03 18:36:02.993525+00,anotador_121,5094,4,,,,[]
2026-06-03 18:36:07.887786+00,anotador_121,939,4,,,,[]
2026-06-03 18:36:10.467235+00,anotador_298,2440,2,,,salta,[]
2026-06-03 18:36:11.432286+00,anotador_011,1226,4,,,salta,[]
2026-06-03 18:36:17.252369+00,anotador_011,3505,4,,,salta,"[{""pos"":9,""source"":""prem"",""palabra"":""vibrantes,""}]"
2026-06-03 18:36:21.666741+00,anotador_298,6075,3,,,salta,"[{""pos"":2,""source"":""prem"",""palabra"":""centro""},{""pos"":20,""source"":""prem"",""palabra"":""lugareños""},{""pos"":26,""source"":""prem"",""palabra"":""bola""}]"
2026-06-03 18:36:38.009969+00,anotador_011,6759,3,,,salta,"[{""pos"":15,""source"":""hyp"",""palabra"":""parque.""},{""pos"":8,""source"":""prem"",""palabra"":""asistir""},{""pos"":11,""source"":""prem"",""palabra"":""representación""}]"
2026-06-03 18:36:46.102742+00,anotador_298,3227,3,,,salta,"[{""pos"":2,""source"":""prem"",""palabra"":""oír""}]"
2026-06-03 18:36:51.542811+00,anotador_121,6503,5,,,,[]
2026-06-03 18:37:02.986099+00,anotador_121,2341,5,,,,[]
2026-06-03 18:37:03.778915+00,anotador_298,2514,4,,,salta,"[{""pos"":3,""source"":""prem"",""palabra"":""establecer""}]"
2026-06-03 18:37:23.184002+00,anotador_121,5100,5,,,,[]
2026-06-03 18:37:29.552326+00,anotador_298,4409,2,,,salta,"[{""pos"":22,""source"":""prem"",""palabra"":""parejas""},{""pos"":6,""source"":""hyp"",""palabra"":""cometas.""}]"
2026-06-03 18:37:39.195662+00,anotador_121,3285,5,,,,[]
2026-06-03 18:37:41.382369+00,anotador_298,2391,3,,,salta,"[{""pos"":4,""source"":""prem"",""palabra"":""cubiertas""}]"
2026-06-03 18:37:55.166251+00,anotador_121,2856,5,,,,[]
2026-06-03 18:38:01.186302+00,anotador_298,1383,4,,,salta,[]
2026-06-03 18:38:03.703078+00,anotador_121,2490,4,,,,"[{""pos"":0,""source"":""prem"",""palabra"":""Podrás""}]"
2026-06-03 18:38:11.0703+00,anotador_298,2136,5,,,salta,[]
2026-06-03 18:38:18.432598+00,anotador_298,3139,4,,,salta,[]
2026-06-03 18:38:19.790007+00,anotador_255,9999,1,“Chaval” “cogió el móvil”,,,[]
2026-06-03 18:38:28.670572+00,anotador_298,2322,5,,,salta,[]
2026-06-03 18:38:43.465331+00,anotador_121,7273,4,,,,"[{""pos"":9,""source"":""hyp"",""palabra"":""periódicos.""}]"
2026-06-03 18:38:46.18764+00,anotador_298,5567,3,,,salta,"[{""pos"":30,""source"":""prem"",""palabra"":""bromear""}]"
2026-06-03 18:38:58.954148+00,anotador_255,2637,5,,,,[]
2026-06-03 18:39:04.288603+00,anotador_183,9999,1,,,buenos_aires_interior,[]
2026-06-03 18:39:06.524314+00,anotador_121,4422,3,,,,[]
2026-06-03 18:39:08.143849+00,anotador_298,5738,3,,,salta,[]
2026-06-03 18:39:19.577091+00,anotador_121,691,5,,,,[]
2026-06-03 18:39:21.05414+00,anotador_298,7172,4,,,salta,[]
2026-06-03 18:39:29.24494+00,anotador_183,6682,2,,,buenos_aires_interior,[]
2026-06-03 18:39:32.56957+00,anotador_298,548,5,,,salta,[]
2026-06-03 18:39:33.287318+00,anotador_121,6938,5,,,,[]
2026-06-03 18:39:34.8498+00,anotador_011,4339,3,,,salta,"[{""pos"":7,""source"":""prem"",""palabra"":""alarmante""},{""pos"":5,""source"":""prem"",""palabra"":""más""},{""pos"":6,""source"":""prem"",""palabra"":""bien""},{""pos"":14,""source"":""prem"",""palabra"":""reciente""}]"
2026-06-03 18:39:38.404031+00,anotador_298,4916,5,,,salta,[]
2026-06-03 18:39:44.277377+00,anotador_183,1580,2,,,buenos_aires_interior,[]
2026-06-03 18:39:47.649822+00,anotador_121,4653,5,,,,[]
2026-06-03 18:39:48.292147+00,anotador_298,1477,4,,,salta,[]
2026-06-03 18:39:51.271607+00,anotador_011,6889,5,,,salta,[]
2026-06-03 18:39:51.966924+00,anotador_298,5216,3,,,salta,"[{""pos"":2,""source"":""prem"",""palabra"":""modos,""},{""pos"":1,""source"":""prem"",""palabra"":""todos""},{""pos"":0,""source"":""prem"",""palabra"":""De""},{""pos"":6,""source"":""hyp"",""palabra"":""lidiando""}]"
2026-06-03 18:39:53.296617+00,anotador_121,5481,5,,,,[]
2026-06-03 18:39:56.649932+00,anotador_011,5784,4,,,salta,"[{""pos"":6,""source"":""prem"",""palabra"":""granuja""},{""pos"":18,""source"":""prem"",""palabra"":""impidió.""}]"
2026-06-03 18:39:57.41416+00,anotador_255,5810,5,,,,[]
2026-06-03 18:39:59.183274+00,anotador_183,4340,3,,,buenos_aires_interior,[]
2026-06-03 18:40:03.076714+00,anotador_121,2350,5,,,,[]
2026-06-03 18:40:07.089573+00,anotador_183,6650,3,,,buenos_aires_interior,[]
2026-06-03 18:40:07.990177+00,anotador_255,6214,5,,,,[]
2026-06-03 18:40:13.412962+00,anotador_011,4531,5,,,salta,[]
2026-06-03 18:40:16.574087+00,anotador_183,4838,3,,,buenos_aires_interior,[]
2026-06-03 18:40:18.804618+00,anotador_121,1488,5,,,,[]
2026-06-03 18:40:19.651081+00,anotador_255,2254,5,,,,[]
2026-06-03 18:40:20.148432+00,anotador_011,6244,4,,,salta,"[{""pos"":10,""source"":""prem"",""palabra"":""impartió""}]"
2026-06-03 18:40:26.740265+00,anotador_121,1840,5,,,,[]
2026-06-03 18:40:37.109138+00,anotador_011,4606,4,,,salta,"[{""pos"":7,""source"":""prem"",""palabra"":""bons""},{""pos"":8,""source"":""prem"",""palabra"":""mots.""}]"
2026-06-03 18:40:38.219172+00,anotador_183,2692,2,,,buenos_aires_interior,[]
2026-06-03 18:40:41.64923+00,anotador_121,1259,5,,,,[]
2026-06-03 18:40:48.820217+00,anotador_183,7479,2,,,buenos_aires_interior,[]
2026-06-03 18:40:52.355119+00,anotador_166,2996,5,,,buenos_aires_amba,[]
2026-06-03 18:40:54.406921+00,anotador_011,5127,5,,,salta,[]
2026-06-03 18:40:55.349156+00,anotador_183,4133,3,,,buenos_aires_interior,[]
2026-06-03 18:41:02.696102+00,anotador_069,9999,2,,,buenos_aires_amba,"[{""pos"":1,""source"":""prem"",""palabra"":""chaval""},{""pos"":2,""source"":""prem"",""palabra"":""cogió""},{""pos"":4,""source"":""prem"",""palabra"":""móvil""},{""pos"":11,""source"":""prem"",""palabra"":""luego""},{""pos"":7,""source"":""hyp"",""palabra"":""Tournament""},{""pos"":8,""source"":""hyp"",""palabra"":""of""}]"
2026-06-03 18:41:03.709356+00,anotador_166,2146,5,,,buenos_aires_amba,[]
2026-06-03 18:41:06.53177+00,anotador_011,3208,5,,,salta,"[{""pos"":6,""source"":""hyp"",""palabra"":""comandadas""}]"
2026-06-03 18:41:07.261139+00,anotador_166,5653,5,,,buenos_aires_amba,[]
2026-06-03 18:41:09.190992+00,anotador_166,5762,5,,,buenos_aires_amba,[]
2026-06-03 18:41:16.832741+00,anotador_183,1361,2,,,buenos_aires_interior,[]
2026-06-03 18:41:17.586476+00,anotador_166,1334,4,,,buenos_aires_amba,"[{""pos"":3,""source"":""prem"",""palabra"":""Mexican""},{""pos"":4,""source"":""prem"",""palabra"":""Village,""},{""pos"":2,""source"":""hyp"",""palabra"":""Mexican""},{""pos"":3,""source"":""hyp"",""palabra"":""Village.""}]"
2026-06-03 18:41:19.270367+00,anotador_011,1223,5,,,salta,[]
2026-06-03 18:41:26.46871+00,anotador_011,6645,5,,,salta,[]
2026-06-03 18:41:27.887262+00,anotador_166,4697,4,,,buenos_aires_amba,"[{""pos"":5,""source"":""prem"",""palabra"":""Honey""},{""pos"":4,""source"":""hyp"",""palabra"":""Honey""}]"
2026-06-03 18:41:30.737023+00,anotador_183,5429,3,,,buenos_aires_interior,[]
2026-06-03 18:41:33.860635+00,anotador_166,4187,4,,,buenos_aires_amba,"[{""pos"":10,""source"":""prem"",""palabra"":""Littleton""},{""pos"":4,""source"":""hyp"",""palabra"":""Littleton""}]"
2026-06-03 18:41:38.723765+00,anotador_166,4427,4,,,buenos_aires_amba,"[{""pos"":6,""source"":""prem"",""palabra"":""SAT.""},{""pos"":7,""source"":""hyp"",""palabra"":""SAT.""}]"
2026-06-03 18:41:39.851045+00,anotador_183,5072,5,,,buenos_aires_interior,[]
2026-06-03 18:41:42.613203+00,anotador_166,3283,5,,,buenos_aires_amba,[]
2026-06-03 18:41:47.116538+00,anotador_183,1769,3,,,buenos_aires_interior,[]
2026-06-03 18:41:47.499365+00,anotador_166,2058,4,,,buenos_aires_amba,"[{""pos"":5,""source"":""hyp"",""palabra"":""Montserrat""},{""pos"":12,""source"":""prem"",""palabra"":""Montserrat.""},{""pos"":8,""source"":""prem"",""palabra"":""Cataluña,""}]"
2026-06-03 18:41:53.884584+00,anotador_166,5175,5,,,buenos_aires_amba,[]
2026-06-03 18:41:54.284609+00,anotador_183,3168,5,,,buenos_aires_interior,[]
2026-06-03 18:42:00.280724+00,anotador_183,3839,5,,,buenos_aires_interior,[]
2026-06-03 18:42:00.807109+00,anotador_166,5812,5,,,buenos_aires_amba,[]
2026-06-03 18:42:05.512122+00,anotador_166,2373,4,,,buenos_aires_amba,"[{""pos"":12,""source"":""prem"",""palabra"":""Laleli,""},{""pos"":1,""source"":""hyp"",""palabra"":""Laleli""},{""pos"":10,""source"":""hyp"",""palabra"":""boutiques""}]"
2026-06-03 18:42:06.592179+00,anotador_183,3539,5,,,buenos_aires_interior,[]
2026-06-03 18:42:08.021927+00,anotador_069,1441,5,,,buenos_aires_amba,[]
2026-06-03 18:42:11.216688+00,anotador_183,4164,3,,,buenos_aires_interior,[]
2026-06-03 18:42:15.971116+00,anotador_069,2103,,,,buenos_aires_amba,"[{""pos"":11,""source"":""prem"",""palabra"":""puñado""}]"
2026-06-03 18:42:17.432167+00,anotador_166,3515,5,,,buenos_aires_amba,[]
2026-06-03 18:42:19.136266+00,anotador_166,5123,4,,,buenos_aires_amba,"[{""pos"":7,""source"":""prem"",""palabra"":""artemisa""}]"
2026-06-03 18:42:21.001923+00,anotador_011,1958,5,,,salta,[]
2026-06-03 18:42:23.282428+00,anotador_183,4876,4,,,buenos_aires_interior,[]
2026-06-03 18:42:26.859082+00,anotador_166,1394,5,,,buenos_aires_amba,[]
2026-06-03 18:42:27.208263+00,anotador_011,5055,5,,,salta,[]
2026-06-03 18:42:29.401889+00,anotador_166,2388,4,,,buenos_aires_amba,"[{""pos"":2,""source"":""prem"",""palabra"":""Caldas""},{""pos"":4,""source"":""prem"",""palabra"":""Monchique""},{""pos"":0,""source"":""hyp"",""palabra"":""Caldas""},{""pos"":2,""source"":""hyp"",""palabra"":""Monchique""}]"
2026-06-03 18:42:30.061353+00,anotador_183,3347,4,,,buenos_aires_interior,[]
2026-06-03 18:42:32.320819+00,anotador_011,1705,5,,,salta,[]
2026-06-03 18:42:36.055441+00,anotador_166,3305,5,,,buenos_aires_amba,[]
2026-06-03 18:42:37.665537+00,anotador_183,3659,4,,,buenos_aires_interior,[]
2026-06-03 18:42:38.903+00,anotador_166,3763,5,,,buenos_aires_amba,[]
2026-06-03 18:42:41.821553+00,anotador_166,3609,5,,,buenos_aires_amba,[]
2026-06-03 18:42:43.864745+00,anotador_011,7037,5,,,salta,[]
2026-06-03 18:42:51.893226+00,anotador_011,4186,4,,,salta,"[{""pos"":8,""source"":""prem"",""palabra"":""comunitaria""}]"
2026-06-03 18:43:01.84047+00,anotador_069,4353,5,,,buenos_aires_amba,[]
2026-06-03 18:43:11.350059+00,anotador_011,7417,1,,,salta,[]
2026-06-03 18:43:21.557787+00,anotador_069,6623,4,,,buenos_aires_amba,[]
2026-06-03 18:43:22.895756+00,anotador_011,4488,5,,,salta,[]
2026-06-03 18:43:29.032593+00,anotador_011,5381,5,,,salta,[]
2026-06-03 18:43:38.061263+00,anotador_069,6485,5,,,buenos_aires_amba,[]
2026-06-03 18:43:38.933522+00,anotador_011,3896,5,,,salta,[]
2026-06-03 18:43:47.026161+00,anotador_011,3818,5,,,salta,[]
2026-06-03 18:43:51.015985+00,anotador_011,1428,3,,,salta,"[{""pos"":1,""source"":""prem"",""palabra"":""pachuco""},{""pos"":3,""source"":""prem"",""palabra"":""menospreciado""},{""pos"":12,""source"":""hyp"",""palabra"":""pachuco""}]"
2026-06-03 18:43:59.718656+00,anotador_069,2922,5,,,buenos_aires_amba,[]
2026-06-03 18:44:09.099041+00,anotador_011,4122,1,,,salta,[]
2026-06-03 18:44:13.012982+00,anotador_069,7199,5,,,buenos_aires_amba,[]
2026-06-03 18:44:14.764962+00,anotador_011,2446,5,,,salta,[]
2026-06-03 18:44:21.331989+00,anotador_011,60,5,,,salta,[]
2026-06-03 18:44:24.829952+00,anotador_069,5499,4,,,buenos_aires_amba,"[{""pos"":12,""source"":""prem"",""palabra"":""volvería""}]"
2026-06-03 18:44:31.647056+00,anotador_011,2178,5,,,salta,[]
2026-06-03 18:44:38.98612+00,anotador_011,3281,5,,,salta,[]
2026-06-03 18:44:46.048124+00,anotador_069,6780,5,,,buenos_aires_amba,[]
2026-06-03 18:44:52.800547+00,anotador_011,6384,5,,,salta,[]
2026-06-03 18:44:58.283673+00,anotador_069,2045,5,,,buenos_aires_amba,[]
2026-06-03 18:45:08.226313+00,anotador_011,4408,5,,,salta,[]
2026-06-03 18:45:13.637942+00,anotador_079,9999,1,,,buenos_aires_amba,"[{""pos"":1,""source"":""prem"",""palabra"":""chaval""},{""pos"":7,""source"":""hyp"",""palabra"":""Tournament""},{""pos"":8,""source"":""hyp"",""palabra"":""of""}]"
2026-06-03 18:45:16.256961+00,anotador_011,2998,5,,,salta,[]
2026-06-03 18:45:26.055832+00,anotador_011,7399,5,,,salta,[]
2026-06-03 18:45:57.618313+00,anotador_011,641,5,,,,[]
2026-06-03 18:46:01.848009+00,anotador_011,5153,5,,,,[]
2026-06-03 18:46:14.943451+00,anotador_079,2279,4,,,buenos_aires_amba,[]
2026-06-03 18:46:18.09266+00,anotador_011,6886,5,,,,[]
2026-06-03 18:46:21.420071+00,anotador_079,4445,4,,,buenos_aires_amba,[]
2026-06-03 18:46:26.991182+00,anotador_011,5355,5,,,,[]
2026-06-03 18:46:31.047222+00,anotador_079,1522,5,,,buenos_aires_amba,[]
2026-06-03 18:46:40.650953+00,anotador_079,4588,3,,,buenos_aires_amba,[]
2026-06-03 18:46:47.012569+00,anotador_079,5892,3,,,buenos_aires_amba,[]
2026-06-03 18:46:53.737421+00,anotador_079,3008,3,,,buenos_aires_amba,[]
2026-06-03 18:46:59.326117+00,anotador_079,2123,4,,,buenos_aires_amba,[]
2026-06-03 18:47:13.072764+00,anotador_079,2016,3,,,buenos_aires_amba,[]
2026-06-03 18:47:18.531675+00,anotador_079,5543,3,,,buenos_aires_amba,[]
2026-06-03 18:47:24.73604+00,anotador_079,3949,3,,,buenos_aires_amba,[]
2026-06-03 18:47:31.480551+00,anotador_079,2386,3,,,buenos_aires_amba,[]
2026-06-03 18:47:41.435952+00,anotador_079,4322,4,,,buenos_aires_amba,[]
2026-06-03 18:47:48.76507+00,anotador_079,2590,3,,,buenos_aires_amba,[]
2026-06-03 18:47:52.496187+00,anotador_079,1219,3,,,buenos_aires_amba,[]
2026-06-03 18:47:59.198418+00,anotador_079,1642,3,,,buenos_aires_amba,[]
2026-06-03 18:48:05.075126+00,anotador_079,4064,3,,,buenos_aires_amba,[]
2026-06-03 18:48:09.170743+00,anotador_079,7383,3,,,buenos_aires_amba,[]
2026-06-03 18:48:17.7005+00,anotador_079,4149,3,,,buenos_aires_amba,[]
2026-06-03 18:48:24.712998+00,anotador_079,7487,3,,,buenos_aires_amba,[]
2026-06-03 18:52:53.968073+00,anotador_180,9999,1,,,buenos_aires_amba,[]
2026-06-03 18:52:54.034322+00,anotador_072,9999,1,,,salta,[]
2026-06-03 18:53:09.851524+00,anotador_180,1356,5,,,buenos_aires_amba,[]
2026-06-03 18:53:19.351745+00,anotador_072,5092,5,,,salta,[]
2026-06-03 18:53:37.471317+00,anotador_072,3215,3,,,salta,[]
2026-06-03 18:53:48.588445+00,anotador_180,4554,2,Raro,,buenos_aires_amba,[]
2026-06-03 18:54:01.71833+00,anotador_180,4841,5,,,buenos_aires_amba,[]
2026-06-03 18:54:05.045007+00,anotador_072,4018,2,,,salta,[]
2026-06-03 18:54:13.195277+00,anotador_072,5938,2,,,salta,[]
2026-06-03 18:54:20.617354+00,anotador_180,1927,1,,,buenos_aires_amba,[]
2026-06-03 18:54:37.262518+00,anotador_072,4899,4,,,salta,[]
2026-06-03 18:54:45.499687+00,anotador_180,6319,1,,,buenos_aires_amba,[]
2026-06-03 18:54:51.833588+00,anotador_072,5737,4,,,salta,[]
2026-06-03 18:55:02.9702+00,anotador_180,3424,1,,,buenos_aires_amba,[]
2026-06-03 18:55:17.424356+00,anotador_072,760,5,,,salta,[]
2026-06-03 18:55:19.158202+00,anotador_180,1584,5,,,buenos_aires_amba,[]
2026-06-03 18:55:30.279961+00,anotador_072,7036,2,,,salta,[]
2026-06-03 18:55:37.798538+00,anotador_180,2111,1,,,buenos_aires_amba,[]
2026-06-03 18:55:48.366134+00,anotador_180,4669,5,,,buenos_aires_amba,[]
2026-06-03 18:55:50.548171+00,anotador_072,2259,4,,,salta,[]
2026-06-03 18:56:04.709563+00,anotador_180,6410,5,,,buenos_aires_amba,[]
2026-06-03 18:56:05.997692+00,anotador_072,6545,4,,,salta,[]
2026-06-03 18:56:16.206441+00,anotador_072,1625,5,,,salta,[]
2026-06-03 18:56:28.106575+00,anotador_180,3137,1,,,buenos_aires_amba,[]
2026-06-03 18:56:30.323402+00,anotador_137,9999,1,,,,"[{""pos"":2,""source"":""prem"",""palabra"":""cogió""},{""pos"":4,""source"":""prem"",""palabra"":""móvil""},{""pos"":1,""source"":""prem"",""palabra"":""chaval""},{""pos"":8,""source"":""prem"",""palabra"":""piso""}]"
2026-06-03 18:56:34.868181+00,anotador_072,6318,5,,,salta,[]
2026-06-03 18:56:43.630777+00,anotador_180,5639,1,,,buenos_aires_amba,[]
2026-06-03 18:56:49.848102+00,anotador_072,7110,5,,,salta,[]
2026-06-03 18:56:55.962535+00,anotador_180,3651,5,,,buenos_aires_amba,[]
2026-06-03 18:57:05.742871+00,anotador_072,6043,5,,,salta,[]
2026-06-03 18:57:11.116595+00,anotador_137,6057,3,,,,"[{""pos"":14,""source"":""prem"",""palabra"":""popularmente""},{""pos"":30,""source"":""prem"",""palabra"":""ajetreo""}]"
2026-06-03 18:57:12.231367+00,anotador_180,4639,5,,,buenos_aires_amba,[]
2026-06-03 18:57:22.516116+00,anotador_072,2548,5,,,salta,[]
2026-06-03 18:57:29.635058+00,anotador_072,1629,5,,,salta,[]
2026-06-03 18:57:32.027643+00,anotador_180,3367,4,,,buenos_aires_amba,[]
2026-06-03 18:57:47.91125+00,anotador_072,6263,5,,,salta,[]
2026-06-03 18:57:54.410009+00,anotador_180,3912,2,,,buenos_aires_amba,[]
2026-06-03 18:58:09.122997+00,anotador_072,3881,4,,,salta,[]
2026-06-03 18:58:10.575452+00,anotador_180,1676,5,,,buenos_aires_amba,[]
2026-06-03 18:58:22.568075+00,anotador_072,6912,5,,,salta,[]
2026-06-03 18:58:23.604203+00,anotador_180,6299,5,,,buenos_aires_amba,[]
2026-06-03 18:58:34.356751+00,anotador_180,5676,5,,,buenos_aires_amba,[]
2026-06-03 19:00:12.019777+00,anotador_072,7137,4,,,salta,[]
2026-06-03 19:00:32.672413+00,anotador_072,7177,4,,,salta,[]
2026-06-03 19:00:44.964828+00,anotador_072,2499,5,,,salta,[]
2026-06-03 19:01:12.281319+00,anotador_072,5630,3,,,salta,[]
2026-06-03 19:01:52.747848+00,anotador_072,1569,3,,,salta,[]
2026-06-03 19:02:28.165542+00,anotador_072,5576,2,,,salta,[]
2026-06-03 19:02:40.952626+00,anotador_072,3200,3,,,salta,[]
2026-06-03 19:02:55.36166+00,anotador_072,4042,5,,,salta,[]
2026-06-03 19:03:13.924506+00,anotador_072,4153,4,,,salta,[]
2026-06-03 19:03:47.783014+00,anotador_072,2468,2,,,salta,[]
2026-06-03 19:04:08.378527+00,anotador_072,7351,3,,,salta,[]
2026-06-03 19:04:21.819593+00,anotador_072,6449,5,,,salta,[]
2026-06-03 19:04:40.129252+00,anotador_072,4413,5,,,salta,[]
2026-06-03 19:04:49.430867+00,anotador_072,5244,5,,,salta,[]
2026-06-03 19:05:06.582542+00,anotador_072,5692,2,,,salta,[]
2026-06-03 19:05:27.702086+00,anotador_072,2171,1,,,salta,[]
2026-06-03 19:05:44.867861+00,anotador_072,6709,5,,,salta,[]
2026-06-03 19:05:58.434849+00,anotador_072,4618,1,,,salta,[]
2026-06-03 19:06:13.858871+00,anotador_072,637,1,,,salta,[]
2026-06-03 19:06:30.543829+00,anotador_072,7239,2,,,salta,[]
2026-06-03 19:08:26.399482+00,anotador_226,9999,2,,,buenos_aires_interior,"[{""pos"":1,""source"":""prem"",""palabra"":""chaval""},{""pos"":2,""source"":""prem"",""palabra"":""cogió""},{""pos"":4,""source"":""prem"",""palabra"":""móvil""},{""pos"":8,""source"":""prem"",""palabra"":""piso""}]"
2026-06-03 19:09:28.854561+00,anotador_226,3908,4,,,buenos_aires_interior,[]
2026-06-03 19:10:06.233508+00,anotador_226,7372,5,,,buenos_aires_interior,[]
2026-06-03 19:10:13.247109+00,anotador_226,2108,4,,,buenos_aires_interior,"[{""pos"":6,""source"":""prem"",""palabra"":""cestería""}]"
2026-06-03 19:10:38.15368+00,anotador_226,2850,5,,,buenos_aires_interior,[]
2026-06-03 19:10:48.964429+00,anotador_226,6676,5,,,buenos_aires_interior,[]
2026-06-03 19:10:57.447507+00,anotador_226,5937,4,,,buenos_aires_interior,[]
2026-06-03 19:11:10.855809+00,anotador_226,5765,3,,,buenos_aires_interior,"[{""pos"":7,""source"":""prem"",""palabra"":""barandilla""},{""pos"":9,""source"":""prem"",""palabra"":""alcázar,""}]"
2026-06-03 19:11:44.501819+00,anotador_226,4576,5,,,buenos_aires_interior,[]
2026-06-03 19:12:05.363026+00,anotador_226,6639,5,,,buenos_aires_interior,[]
2026-06-03 19:12:14.57094+00,anotador_226,3924,5,,,buenos_aires_interior,[]
2026-06-03 19:12:21.303922+00,anotador_226,5847,4,,,buenos_aires_interior,[]
2026-06-03 19:12:27.717884+00,anotador_226,4452,5,,,buenos_aires_interior,[]
2026-06-03 19:12:38.730536+00,anotador_226,1562,5,,,buenos_aires_interior,[]
2026-06-03 19:12:46.644656+00,anotador_226,3815,5,,,buenos_aires_interior,[]
2026-06-03 19:13:01.816625+00,anotador_226,6380,4,,,buenos_aires_interior,"[{""pos"":10,""source"":""prem"",""palabra"":""prima""}]"
2026-06-03 19:13:10.770988+00,anotador_226,3022,5,,,buenos_aires_interior,[]
2026-06-03 19:13:18.071786+00,anotador_226,5652,5,,,buenos_aires_interior,[]
2026-06-03 19:13:27.486757+00,anotador_226,1455,3,,,buenos_aires_interior,[]
2026-06-03 19:13:47.092641+00,anotador_226,5666,5,,,buenos_aires_interior,[]
2026-06-03 19:23:00.822324+00,anotador_017,9999,2,,,buenos_aires_interior,"[{""pos"":4,""source"":""prem"",""palabra"":""móvil""},{""pos"":13,""source"":""hyp"",""palabra"":""fans.""}]"
2026-06-03 19:23:24.944915+00,anotador_017,6572,4,,,buenos_aires_interior,"[{""pos"":1,""source"":""prem"",""palabra"":""tercera""}]"
2026-06-03 19:23:51.874071+00,anotador_017,6337,4,,,buenos_aires_interior,"[{""pos"":4,""source"":""prem"",""palabra"":""penetración""}]"
2026-06-03 19:24:09.716108+00,anotador_017,3704,5,,,buenos_aires_interior,[]
2026-06-03 19:24:22.864758+00,anotador_017,4030,4,,,buenos_aires_interior,[]
2026-06-03 19:24:40.066667+00,anotador_017,2185,4,,,buenos_aires_interior,"[{""pos"":10,""source"":""prem"",""palabra"":""(tel.""}]"
2026-06-03 19:24:53.405211+00,anotador_017,7374,2,,,buenos_aires_interior,"[{""pos"":22,""source"":""prem"",""palabra"":""preferirán""},{""pos"":25,""source"":""prem"",""palabra"":""odiosa""}]"
2026-06-03 19:25:11.981675+00,anotador_017,3840,3,,,buenos_aires_interior,"[{""pos"":14,""source"":""prem"",""palabra"":""permitirse""},{""pos"":3,""source"":""hyp"",""palabra"":""campistas""},{""pos"":7,""source"":""hyp"",""palabra"":""tarifa""},{""pos"":6,""source"":""hyp"",""palabra"":""la""}]"
2026-06-03 19:25:32.448148+00,anotador_017,4721,2,,,buenos_aires_interior,"[{""pos"":4,""source"":""prem"",""palabra"":""pandemonium;""},{""pos"":11,""source"":""prem"",""palabra"":""proliferan""},{""pos"":19,""source"":""prem"",""palabra"":""barbacoas""},{""pos"":37,""source"":""prem"",""palabra"":""neologismo.""}]"
2026-06-03 19:25:49.339188+00,anotador_017,4566,3,,,buenos_aires_interior,"[{""pos"":7,""source"":""prem"",""palabra"":""autodesprecio""}]"
2026-06-03 19:25:57.258325+00,anotador_017,4628,4,,,buenos_aires_interior,[]
2026-06-03 19:26:02.024588+00,anotador_017,4739,2,,,buenos_aires_interior,"[{""pos"":7,""source"":""prem"",""palabra"":""surname""},{""pos"":11,""source"":""prem"",""palabra"":""surnom""},{""pos"":6,""source"":""hyp"",""palabra"":""Surnom,""}]"
2026-06-03 19:26:14.39469+00,anotador_017,7295,3,,,buenos_aires_interior,"[{""pos"":4,""source"":""prem"",""palabra"":""germanismos""},{""pos"":1,""source"":""hyp"",""palabra"":""germanismos""}]"
2026-06-03 19:26:24.304742+00,anotador_017,5109,3,,,buenos_aires_interior,"[{""pos"":3,""source"":""hyp"",""palabra"":""menudo.""}]"
2026-06-03 19:26:36.610148+00,anotador_017,4832,2,,,buenos_aires_interior,"[{""pos"":37,""source"":""prem"",""palabra"":""he""},{""pos"":38,""source"":""prem"",""palabra"":""escuchado""}]"
2026-06-03 19:26:55.85892+00,anotador_017,6798,4,,,buenos_aires_interior,"[{""pos"":0,""source"":""prem"",""palabra"":""Trataremos""}]"
2026-06-03 19:27:09.298714+00,anotador_017,7061,5,,,buenos_aires_interior,[]
2026-06-03 19:27:22.962932+00,anotador_017,5251,5,,,buenos_aires_interior,[]
2026-06-03 19:27:32.437193+00,anotador_017,6231,4,,,buenos_aires_interior,[]
2026-06-03 19:27:40.295067+00,anotador_017,1242,5,,,buenos_aires_interior,[]
2026-06-03 19:29:20.18059+00,anotador_261,2313,5,,,,[]
2026-06-03 19:29:20.480674+00,anotador_261,2313,4,,,buenos_aires_amba,[]
2026-06-03 19:29:26.4181+00,anotador_069,3236,5,,,buenos_aires_amba,[]
2026-06-03 19:29:33.983667+00,anotador_069,5093,5,,,buenos_aires_amba,[]
2026-06-03 19:29:43.280279+00,anotador_069,1447,4,,,buenos_aires_amba,[]
2026-06-03 19:29:51.838596+00,anotador_069,2053,5,,,buenos_aires_amba,[]
2026-06-03 19:29:53.94146+00,anotador_069,6261,5,,,buenos_aires_amba,[]
2026-06-03 19:31:13.930533+00,anotador_069,1409,3,Chicos o nenes,,buenos_aires_amba,"[{""pos"":1,""source"":""hyp"",""palabra"":""niños""},{""pos"":9,""source"":""prem"",""palabra"":""niños""}]"
2026-06-03 19:32:26.72972+00,anotador_069,4525,4,El omite es medio raro,,buenos_aires_amba,"[{""pos"":11,""source"":""hyp"",""palabra"":""omite.""}]"
2026-06-03 19:33:05.982201+00,anotador_069,3216,5,,,buenos_aires_amba,[]
2026-06-03 19:33:26.998728+00,anotador_116,9999,1,,,buenos_aires_interior,[]
2026-06-03 19:33:44.478855+00,anotador_116,6101,3,,,buenos_aires_interior,[]
2026-06-03 19:34:00.548214+00,anotador_116,3101,4,,,buenos_aires_interior,[]
2026-06-03 19:34:13.832445+00,anotador_116,449,4,,,buenos_aires_interior,[]
2026-06-03 19:34:22.285987+00,anotador_116,6440,4,,,buenos_aires_interior,[]
2026-06-03 19:34:43.267684+00,anotador_116,1948,3,,,buenos_aires_interior,[]
2026-06-03 19:34:58.391992+00,anotador_116,7266,4,,,buenos_aires_interior,[]
2026-06-03 19:35:07.596027+00,anotador_116,3998,4,,,buenos_aires_interior,[]
2026-06-03 19:35:14.172633+00,anotador_116,7007,4,,,buenos_aires_interior,[]
2026-06-03 19:35:26.035121+00,anotador_116,1749,3,,,buenos_aires_interior,[]
2026-06-03 19:35:30.014867+00,anotador_116,7179,3,,,buenos_aires_interior,[]
2026-06-03 19:35:36.059761+00,anotador_116,7428,4,,,buenos_aires_interior,[]
2026-06-03 19:35:44.210187+00,anotador_116,2826,4,,,buenos_aires_interior,[]
2026-06-03 19:35:45.97935+00,anotador_116,2837,4,,,buenos_aires_interior,[]
2026-06-03 19:35:47.950666+00,anotador_116,2186,3,,,buenos_aires_interior,[]
2026-06-03 19:35:50.092711+00,anotador_116,6638,3,,,buenos_aires_interior,[]
2026-06-03 19:35:52.172516+00,anotador_116,4700,3,,,buenos_aires_interior,[]
2026-06-03 19:35:54.734887+00,anotador_116,4130,3,,,buenos_aires_interior,[]
2026-06-03 19:35:57.444497+00,anotador_116,4006,3,,,buenos_aires_interior,[]
2026-06-03 19:35:59.359404+00,anotador_116,2037,3,,,buenos_aires_interior,[]
2026-06-03 19:37:35.650321+00,anotador_200,9999,5,,,buenos_aires_interior,[]
2026-06-03 19:37:43.058828+00,anotador_200,1878,5,,,buenos_aires_interior,[]
2026-06-03 19:37:58.316304+00,anotador_200,6787,5,,,buenos_aires_interior,[]
2026-06-03 19:38:11.600095+00,anotador_200,4251,5,,,buenos_aires_interior,[]
2026-06-03 19:38:18.108315+00,anotador_200,4335,5,,,buenos_aires_interior,[]
2026-06-03 19:38:27.809842+00,anotador_200,1491,5,,,buenos_aires_interior,[]
2026-06-03 19:38:28.668418+00,anotador_261,3683,4,,,buenos_aires_amba,[]
2026-06-03 19:38:33.296913+00,anotador_200,1614,5,,,buenos_aires_interior,[]
2026-06-03 19:38:43.298071+00,anotador_200,5763,3,,,buenos_aires_interior,[]
2026-06-03 19:38:46.28408+00,anotador_288,9999,1,,,buenos_aires_interior,"[{""pos"":1,""source"":""prem"",""palabra"":""chaval""},{""pos"":2,""source"":""prem"",""palabra"":""cogió""},{""pos"":4,""source"":""prem"",""palabra"":""móvil""}]"
2026-06-03 19:38:53.781435+00,anotador_200,3980,5,,,buenos_aires_interior,[]
2026-06-03 19:39:04.37145+00,anotador_200,675,4,,,buenos_aires_interior,[]
2026-06-03 19:39:11.3952+00,anotador_200,4695,2,,,buenos_aires_interior,[]
2026-06-03 19:39:18.869015+00,anotador_200,4142,4,,,buenos_aires_interior,[]
2026-06-03 19:39:30.490904+00,anotador_288,4963,3,,,buenos_aires_interior,[]
2026-06-03 19:39:35.116596+00,anotador_200,2842,4,,,buenos_aires_interior,[]
2026-06-03 19:39:44.724816+00,anotador_200,5744,2,,,buenos_aires_interior,[]
2026-06-03 19:39:49.118223+00,anotador_288,2024,3,,,buenos_aires_interior,"[{""pos"":1,""source"":""prem"",""palabra"":""rascacielos""}]"
2026-06-03 19:39:58.922239+00,anotador_200,1637,2,,,buenos_aires_interior,[]
2026-06-03 19:40:10.842983+00,anotador_288,2586,4,,,buenos_aires_interior,[]
2026-06-03 19:40:14.894817+00,anotador_200,7063,4,,,buenos_aires_interior,[]
2026-06-03 19:40:23.67169+00,anotador_288,4432,4,,,buenos_aires_interior,[]
2026-06-03 19:40:29.83618+00,anotador_200,5128,2,,,buenos_aires_interior,[]
2026-06-03 19:40:31.796823+00,anotador_052,9999,1,,,buenos_aires_interior,[]
2026-06-03 19:40:34.958856+00,anotador_200,5051,5,,,buenos_aires_interior,[]
2026-06-03 19:40:36.508634+00,anotador_288,5390,3,,,buenos_aires_interior,[]
2026-06-03 19:40:42.502218+00,anotador_209,9999,1,,,buenos_aires_interior,"[{""pos"":1,""source"":""prem"",""palabra"":""chaval""},{""pos"":2,""source"":""prem"",""palabra"":""cogió""},{""pos"":4,""source"":""prem"",""palabra"":""móvil""},{""pos"":8,""source"":""prem"",""palabra"":""piso""},{""pos"":1,""source"":""hyp"",""palabra"":""Kettering,""},{""pos"":3,""source"":""hyp"",""palabra"":""Wollongong""},{""pos"":4,""source"":""hyp"",""palabra"":""Bears""},{""pos"":7,""source"":""hyp"",""palabra"":""Tournament""},{""pos"":8,""source"":""hyp"",""palabra"":""of""},{""pos"":9,""source"":""hyp"",""palabra"":""Kilimsworth""}]"
2026-06-03 19:40:47.170278+00,anotador_200,1337,5,,,buenos_aires_interior,[]
2026-06-03 19:40:50.961789+00,anotador_288,6200,4,,,buenos_aires_interior,[]
2026-06-03 19:40:53.526631+00,anotador_200,1520,3,,,buenos_aires_interior,[]
2026-06-03 19:41:03.509155+00,anotador_272,9999,4,,,buenos_aires_interior,[]
2026-06-03 19:41:12.485828+00,anotador_160,9999,,,,,"[{""pos"":3,""source"":""hyp"",""palabra"":""Wollongong""}]"
2026-06-03 19:41:13.337117+00,anotador_288,380,3,,,buenos_aires_interior,[]
2026-06-03 19:41:15.079491+00,anotador_052,7080,4,,,buenos_aires_interior,[]
2026-06-03 19:41:19.302518+00,anotador_272,2268,4,,,buenos_aires_interior,[]
2026-06-03 19:41:23.053072+00,anotador_087,9999,,,,buenos_aires_interior,"[{""pos"":1,""source"":""prem"",""palabra"":""chaval""},{""pos"":2,""source"":""prem"",""palabra"":""cogió""},{""pos"":9,""source"":""prem"",""palabra"":""en""},{""pos"":8,""source"":""prem"",""palabra"":""piso""}]"
2026-06-03 19:41:30.362913+00,anotador_272,5684,5,,,buenos_aires_interior,[]
2026-06-03 19:41:33.716752+00,anotador_288,6736,3,,,buenos_aires_interior,[]
2026-06-03 19:41:36.354915+00,anotador_209,4484,1,,,buenos_aires_interior,"[{""pos"":5,""source"":""prem"",""palabra"":""Dowd""},{""pos"":13,""source"":""prem"",""palabra"":""Flytrap""},{""pos"":20,""source"":""prem"",""palabra"":""Pulitzer""}]"
2026-06-03 19:41:38.158254+00,anotador_052,5707,3,,,buenos_aires_interior,[]
2026-06-03 19:41:42.055805+00,anotador_272,6059,2,,,buenos_aires_interior,[]
2026-06-03 19:41:49.342096+00,anotador_288,5818,4,,,buenos_aires_interior,[]
2026-06-03 19:41:54.119034+00,anotador_052,660,4,,,buenos_aires_interior,[]
2026-06-03 19:41:55.56512+00,anotador_272,1494,5,,,buenos_aires_interior,[]
2026-06-03 19:42:00.48493+00,anotador_288,5110,5,,,buenos_aires_interior,[]
2026-06-03 19:42:06.774829+00,anotador_272,3405,5,,,buenos_aires_interior,[]
2026-06-03 19:42:09.063792+00,anotador_052,3573,3,,,buenos_aires_interior,[]
2026-06-03 19:42:18.638984+00,anotador_272,2730,5,,,buenos_aires_interior,[]
2026-06-03 19:42:19.088893+00,anotador_288,5005,4,,,buenos_aires_interior,[]
2026-06-03 19:42:21.641136+00,anotador_209,4177,1,,,buenos_aires_interior,"[{""pos"":3,""source"":""prem"",""palabra"":""Lamar""},{""pos"":4,""source"":""prem"",""palabra"":""Alexander""},{""pos"":10,""source"":""hyp"",""palabra"":""Lamar""},{""pos"":11,""source"":""hyp"",""palabra"":""Alexander.""}]"
2026-06-03 19:42:26.72066+00,anotador_288,5954,5,,,buenos_aires_interior,[]
2026-06-03 19:42:28.614416+00,anotador_272,3824,5,,,buenos_aires_interior,[]
2026-06-03 19:42:33.860685+00,anotador_052,2133,5,,,buenos_aires_interior,[]
2026-06-03 19:42:34.388791+00,anotador_252,9999,2,,,buenos_aires_amba,"[{""pos"":1,""source"":""prem"",""palabra"":""chaval""},{""pos"":2,""source"":""prem"",""palabra"":""cogió""},{""pos"":4,""source"":""prem"",""palabra"":""móvil""},{""pos"":8,""source"":""prem"",""palabra"":""piso""},{""pos"":11,""source"":""prem"",""palabra"":""luego""}]"
2026-06-03 19:42:38.972234+00,anotador_272,6226,5,,,buenos_aires_interior,[]
2026-06-03 19:42:42.530084+00,anotador_288,697,5,,,buenos_aires_interior,[]
2026-06-03 19:42:52.892165+00,anotador_272,4665,3,,,buenos_aires_interior,[]
2026-06-03 19:42:54.878651+00,anotador_288,6678,5,,,buenos_aires_interior,[]
2026-06-03 19:42:55.586754+00,anotador_052,2710,3,,,buenos_aires_interior,[]
2026-06-03 19:43:00.543068+00,anotador_272,2919,4,,,buenos_aires_interior,[]
2026-06-03 19:43:02.652064+00,anotador_209,714,1,,,buenos_aires_interior,"[{""pos"":2,""source"":""prem"",""palabra"":""aparato""}]"
2026-06-03 19:43:04.376788+00,anotador_052,2161,5,,,buenos_aires_interior,[]
2026-06-03 19:43:10.268512+00,anotador_272,4971,4,,,buenos_aires_interior,[]
2026-06-03 19:43:14.790545+00,anotador_067,9999,1,,,buenos_aires_interior,[]
2026-06-03 19:43:19.206701+00,anotador_288,6388,5,,,buenos_aires_interior,[]
2026-06-03 19:43:19.871158+00,anotador_272,6141,5,,,buenos_aires_interior,[]
2026-06-03 19:43:23.172171+00,anotador_209,3061,1,,,buenos_aires_interior,"[{""pos"":10,""source"":""prem"",""palabra"":""World""},{""pos"":11,""source"":""prem"",""palabra"":""Trade""},{""pos"":12,""source"":""prem"",""palabra"":""Center,""},{""pos"":13,""source"":""prem"",""palabra"":""Pentagon""},{""pos"":16,""source"":""prem"",""palabra"":""condado""},{""pos"":18,""source"":""prem"",""palabra"":""Somerset,""},{""pos"":19,""source"":""prem"",""palabra"":""Pennsylvania,""},{""pos"":8,""source"":""hyp"",""palabra"":""World""},{""pos"":9,""source"":""hyp"",""palabra"":""Trade""},{""pos"":10,""source"":""hyp"",""palabra"":""Center""},{""pos"":3,""source"":""hyp"",""palabra"":""dificultades""}]"
2026-06-03 19:43:24.616439+00,anotador_052,4402,1,,,buenos_aires_interior,[]
2026-06-03 19:43:33.907122+00,anotador_052,6849,5,,,buenos_aires_interior,[]
2026-06-03 19:43:34.776819+00,anotador_067,122,3,,,buenos_aires_interior,[]
2026-06-03 19:43:35.643704+00,anotador_288,735,5,,,buenos_aires_interior,[]
2026-06-03 19:43:39.178165+00,anotador_272,3444,5,,,buenos_aires_interior,[]
2026-06-03 19:43:48.780484+00,anotador_067,2242,3,,,buenos_aires_interior,[]
2026-06-03 19:43:48.806097+00,anotador_052,4028,2,,,buenos_aires_interior,[]
2026-06-03 19:43:50.324757+00,anotador_288,1737,5,,,buenos_aires_interior,[]
2026-06-03 19:43:50.518448+00,anotador_272,4519,5,,,buenos_aires_interior,[]
2026-06-03 19:44:02.251433+00,anotador_087,6949,5,,,buenos_aires_interior,[]
2026-06-03 19:44:04.165512+00,anotador_272,6135,3,,,buenos_aires_interior,[]
2026-06-03 19:44:04.349608+00,anotador_067,3193,4,,,buenos_aires_interior,[]
2026-06-03 19:44:13.155689+00,anotador_052,5309,4,,,buenos_aires_interior,[]
2026-06-03 19:44:14.770226+00,anotador_067,3954,4,,,buenos_aires_interior,[]
2026-06-03 19:44:18.96386+00,anotador_272,3028,3,,,buenos_aires_interior,[]
2026-06-03 19:44:19.231293+00,anotador_209,681,3,,,buenos_aires_interior,[]
2026-06-03 19:44:19.310089+00,anotador_288,2087,5,,,buenos_aires_interior,[]
2026-06-03 19:44:26.342448+00,anotador_067,6882,4,,,buenos_aires_interior,[]
2026-06-03 19:44:27.222692+00,anotador_272,7396,4,,,buenos_aires_interior,[]
2026-06-03 19:44:28.325802+00,anotador_052,6996,5,,,buenos_aires_interior,[]
2026-06-03 19:44:30.964654+00,anotador_288,7060,5,,,buenos_aires_interior,[]
2026-06-03 19:44:32.179436+00,anotador_252,4801,5,,,buenos_aires_amba,[]
2026-06-03 19:44:34.708961+00,anotador_087,5764,2,,,buenos_aires_interior,[]
2026-06-03 19:44:34.972957+00,anotador_209,4062,2,,,buenos_aires_interior,"[{""pos"":0,""source"":""prem"",""palabra"":""Lamar""},{""pos"":1,""source"":""prem"",""palabra"":""Alexander""}]"
2026-06-03 19:44:37.246631+00,anotador_052,5650,1,,,buenos_aires_interior,[]
2026-06-03 19:44:39.014114+00,anotador_067,6098,1,,,buenos_aires_interior,[]
2026-06-03 19:44:42.127233+00,anotador_272,4168,2,,,buenos_aires_interior,[]
2026-06-03 19:44:44.90576+00,anotador_052,647,1,,,buenos_aires_interior,[]
2026-06-03 19:44:46.81014+00,anotador_067,7330,1,,,buenos_aires_interior,[]
2026-06-03 19:44:49.172571+00,anotador_252,1775,5,,,buenos_aires_amba,[]
2026-06-03 19:44:53.66192+00,anotador_272,2867,4,,,buenos_aires_interior,[]
2026-06-03 19:44:56.5901+00,anotador_052,2724,4,,,buenos_aires_interior,[]
2026-06-03 19:44:56.799342+00,anotador_067,3352,2,,,buenos_aires_interior,[]
2026-06-03 19:45:03.615013+00,anotador_087,6142,5,,,buenos_aires_interior,[]
2026-06-03 19:45:05.41818+00,anotador_252,2169,4,,,buenos_aires_amba,"[{""pos"":2,""source"":""hyp"",""palabra"":""adquirió""}]"
2026-06-03 19:45:07.268802+00,anotador_052,5510,2,,,buenos_aires_interior,[]
2026-06-03 19:45:12.533796+00,anotador_067,6423,2,,,buenos_aires_interior,[]
2026-06-03 19:45:17.27058+00,anotador_052,1964,1,,,buenos_aires_interior,[]
2026-06-03 19:45:20.368237+00,anotador_209,7090,1,,,buenos_aires_interior,"[{""pos"":15,""source"":""prem"",""palabra"":""Ames""},{""pos"":18,""source"":""prem"",""palabra"":""soviéticos?""}]"
2026-06-03 19:45:21.265925+00,anotador_087,1757,4,,,buenos_aires_interior,[]
2026-06-03 19:45:25.45083+00,anotador_067,7450,2,,,buenos_aires_interior,[]
2026-06-03 19:45:25.58726+00,anotador_052,5049,4,,,buenos_aires_interior,[]
2026-06-03 19:45:33.682092+00,anotador_052,4128,1,,,buenos_aires_interior,[]
2026-06-03 19:45:35.607573+00,anotador_087,4352,5,,,buenos_aires_interior,[]
2026-06-03 19:45:40.626893+00,anotador_067,5076,4,,,buenos_aires_interior,[]
2026-06-03 19:45:52.389555+00,anotador_067,2063,2,,,buenos_aires_interior,[]
2026-06-03 19:45:53.298603+00,anotador_087,4210,5,,,buenos_aires_interior,[]
2026-06-03 19:45:54.160994+00,anotador_209,5606,2,,,buenos_aires_interior,"[{""pos"":8,""source"":""prem"",""palabra"":""temblores""}]"
2026-06-03 19:46:04.43804+00,anotador_067,3260,4,,,buenos_aires_interior,[]
2026-06-03 19:46:04.835783+00,anotador_252,3631,5,,,buenos_aires_amba,[]
2026-06-03 19:46:11.956156+00,anotador_067,7355,1,,,buenos_aires_interior,[]
2026-06-03 19:46:19.50267+00,anotador_087,4372,5,,,buenos_aires_interior,[]
2026-06-03 19:46:20.660754+00,anotador_067,2602,1,,,buenos_aires_interior,[]
2026-06-03 19:46:23.000573+00,anotador_209,7358,2,,,buenos_aires_interior,"[{""pos"":7,""source"":""prem"",""palabra"":""bocados""},{""pos"":8,""source"":""prem"",""palabra"":""de""},{""pos"":9,""source"":""prem"",""palabra"":""información""}]"
2026-06-03 19:46:32.497481+00,anotador_087,146,5,,,buenos_aires_interior,[]
2026-06-03 19:46:35.335496+00,anotador_067,4330,4,,,buenos_aires_interior,[]
2026-06-03 19:46:46.164153+00,anotador_087,5347,5,,,buenos_aires_interior,[]
2026-06-03 19:46:54.536809+00,anotador_087,5082,5,,,buenos_aires_interior,[]
2026-06-03 19:47:00.73488+00,anotador_067,4528,1,,,buenos_aires_interior,[]
2026-06-03 19:47:01.287563+00,anotador_252,1287,4,,,buenos_aires_amba,"[{""pos"":6,""source"":""prem"",""palabra"":""según""},{""pos"":8,""source"":""prem"",""palabra"":""elaboramos,""},{""pos"":7,""source"":""prem"",""palabra"":""lo""}]"
2026-06-03 19:47:06.575404+00,anotador_209,6304,1,,,buenos_aires_interior,"[{""pos"":1,""source"":""prem"",""palabra"":""el""},{""pos"":2,""source"":""prem"",""palabra"":""Regional""},{""pos"":3,""source"":""prem"",""palabra"":""Haze""},{""pos"":4,""source"":""prem"",""palabra"":""RIA""},{""pos"":5,""source"":""prem"",""palabra"":""y""},{""pos"":6,""source"":""prem"",""palabra"":""el""},{""pos"":7,""source"":""prem"",""palabra"":""NOx""},{""pos"":8,""source"":""prem"",""palabra"":""SIP""},{""pos"":9,""source"":""prem"",""palabra"":""Call""},{""pos"":10,""source"":""prem"",""palabra"":""RIA),""},{""pos"":11,""source"":""prem"",""palabra"":""la""},{""pos"":12,""source"":""prem"",""palabra"":""estimación""},{""pos"":14,""source"":""prem"",""palabra"":""los""},{""pos"":13,""source"":""prem"",""palabra"":""de""},{""pos"":15,""source"":""prem"",""palabra"":""beneficios""},{""pos"":16,""source"":""prem"",""palabra"":""de""},{""pos"":17,""source"":""prem"",""palabra"":""bajo""},{""pos"":18,""source"":""prem"",""palabra"":""costo""},{""pos"":19,""source"":""prem"",""palabra"":""asumió""},{""pos"":21,""source"":""prem"",""palabra"":""umbral""},{""pos"":20,""source"":""prem"",""palabra"":""un""},{""pos"":22,""source"":""prem"",""palabra"":""en""},{""pos"":23,""source"":""prem"",""palabra"":""los""},{""pos"":24,""source"":""prem"",""palabra"":""efectos""},{""pos"":25,""source"":""prem"",""palabra"":""de""},{""pos"":26,""source"":""prem"",""palabra"":""salud""},{""pos"":27,""source"":""prem"",""palabra"":""de""},{""pos"":28,""source"":""prem"",""palabra"":""PM""},{""pos"":29,""source"":""prem"",""palabra"":""a""},{""pos"":30,""source"":""prem"",""palabra"":""15:""},{""pos"":31,""source"":""prem"",""palabra"":""g/m3.""}]"
2026-06-03 19:47:10.296012+00,anotador_087,5365,5,,,buenos_aires_interior,[]
2026-06-03 19:47:13.596366+00,anotador_067,1649,4,,,buenos_aires_interior,[]
2026-06-03 19:47:25.723798+00,anotador_067,7030,5,,,buenos_aires_interior,[]
2026-06-03 19:47:34.899724+00,anotador_087,2849,4,,,buenos_aires_interior,[]
2026-06-03 19:47:58.042717+00,anotador_209,2667,1,,,buenos_aires_interior,"[{""pos"":14,""source"":""prem"",""palabra"":""Guardia""},{""pos"":16,""source"":""prem"",""palabra"":""centro""},{""pos"":17,""source"":""prem"",""palabra"":""médico""}]"
2026-06-03 19:47:59.38464+00,anotador_087,2333,4,,,buenos_aires_interior,[]
2026-06-03 19:48:10.933013+00,anotador_087,3500,5,,,buenos_aires_interior,[]
2026-06-03 19:48:37.725116+00,anotador_087,6233,4,,,buenos_aires_interior,[]
2026-06-03 19:48:47.918137+00,anotador_087,1495,5,,,buenos_aires_interior,[]
2026-06-03 19:49:03.468524+00,anotador_209,4075,5,,,buenos_aires_interior,[]
2026-06-03 19:49:04.181417+00,anotador_087,7375,5,,,buenos_aires_interior,[]
2026-06-03 19:49:13.170736+00,anotador_209,6294,2,,,buenos_aires_interior,"[{""pos"":9,""source"":""prem"",""palabra"":""sesgo""},{""pos"":24,""source"":""prem"",""palabra"":""función""},{""pos"":25,""source"":""prem"",""palabra"":""C-R""}]"
2026-06-03 19:49:18.994788+00,anotador_087,5697,4,,,buenos_aires_interior,[]
2026-06-03 19:49:29.524711+00,anotador_087,5976,4,,,buenos_aires_interior,[]
2026-06-03 19:49:37.387577+00,anotador_209,2785,1,,,buenos_aires_interior,"[{""pos"":5,""source"":""prem"",""palabra"":""SCR,""},{""pos"":7,""source"":""prem"",""palabra"":""SCR""},{""pos"":2,""source"":""hyp"",""palabra"":""SCR""}]"
2026-06-03 19:49:38.086413+00,anotador_087,5139,5,,,buenos_aires_interior,[]
2026-06-03 19:50:13.487216+00,anotador_209,707,1,,,buenos_aires_interior,"[{""pos"":0,""source"":""prem"",""palabra"":""y""},{""pos"":1,""source"":""prem"",""palabra"":""todavía""},{""pos"":2,""source"":""prem"",""palabra"":""me""},{""pos"":3,""source"":""prem"",""palabra"":""asustó""}]"
2026-06-03 19:50:32.341345+00,anotador_209,4870,2,,,buenos_aires_interior,[]
2026-06-03 19:51:05.666843+00,anotador_209,3856,3,,,buenos_aires_interior,[]
2026-06-03 19:51:35.767261+00,anotador_209,2830,1,,,buenos_aires_interior,"[{""pos"":13,""source"":""prem"",""palabra"":""13.212""},{""pos"":14,""source"":""prem"",""palabra"":""rutas""},{""pos"":15,""source"":""prem"",""palabra"":""residenciales,""},{""pos"":16,""source"":""prem"",""palabra"":""CCS""}]"
2026-06-03 19:52:05.122673+00,anotador_209,3769,1,,,buenos_aires_interior,"[{""pos"":7,""source"":""prem"",""palabra"":""tradición""},{""pos"":8,""source"":""prem"",""palabra"":""olímpica""}]"
2026-06-03 19:53:22.068335+00,anotador_261,2690,4,,,buenos_aires_amba,[]
2026-06-03 19:53:33.541649+00,anotador_131,3403,3,,,buenos_aires_amba,[]
2026-06-03 19:53:57.047044+00,anotador_131,3596,2,,,buenos_aires_amba,"[{""pos"":6,""source"":""hyp"",""palabra"":""múltiples""},{""pos"":7,""source"":""hyp"",""palabra"":""maneras.""}]"
2026-06-03 19:54:16.765998+00,anotador_131,6774,2,,,buenos_aires_amba,"[{""pos"":2,""source"":""prem"",""palabra"":""Su""},{""pos"":10,""source"":""prem"",""palabra"":""haciendo""},{""pos"":11,""source"":""prem"",""palabra"":""del""},{""pos"":11,""source"":""hyp"",""palabra"":""luego""}]"
2026-06-03 19:55:22.107461+00,anotador_131,1796,2,,,buenos_aires_amba,"[{""pos"":2,""source"":""prem"",""palabra"":""ordenaste?""},{""pos"":1,""source"":""prem"",""palabra"":""¿lo""}]"
2026-06-03 19:55:42.100748+00,anotador_252,1974,3,,,buenos_aires_amba,"[{""pos"":11,""source"":""prem"",""palabra"":""mudó""},{""pos"":1,""source"":""hyp"",""palabra"":""se""},{""pos"":2,""source"":""hyp"",""palabra"":""había""},{""pos"":3,""source"":""hyp"",""palabra"":""vuelto""},{""pos"":12,""source"":""prem"",""palabra"":""para""},{""pos"":13,""source"":""prem"",""palabra"":""irse,""}]"
2026-06-03 19:55:52.118767+00,anotador_131,5851,1,,,buenos_aires_amba,"[{""pos"":0,""source"":""prem"",""palabra"":""¡Espera!""},{""pos"":1,""source"":""prem"",""palabra"":""Se""},{""pos"":2,""source"":""prem"",""palabra"":""giró""},{""pos"":2,""source"":""hyp"",""palabra"":""a""},{""pos"":3,""source"":""hyp"",""palabra"":""otro""},{""pos"":4,""source"":""hyp"",""palabra"":""lado""},{""pos"":6,""source"":""hyp"",""palabra"":""luego""},{""pos"":9,""source"":""hyp"",""palabra"":""la""},{""pos"":10,""source"":""hyp"",""palabra"":""vuelta""}]"
2026-06-03 19:57:15.689113+00,anotador_131,759,,,,,"[{""pos"":3,""source"":""hyp"",""palabra"":""tal""}]"
2026-06-03 19:57:15.948339+00,anotador_131,759,3,,,buenos_aires_amba,"[{""pos"":3,""source"":""hyp"",""palabra"":""tal""},{""pos"":4,""source"":""hyp"",""palabra"":""vez""}]"
2026-06-03 19:57:44.370322+00,anotador_131,1726,3,,,buenos_aires_amba,[]
2026-06-03 19:57:56.917612+00,anotador_131,4788,3,,,buenos_aires_amba,[]
2026-06-03 19:58:05.739306+00,anotador_131,2735,2,,,buenos_aires_amba,"[{""pos"":4,""source"":""prem"",""palabra"":""ocurrir""},{""pos"":3,""source"":""prem"",""palabra"":""puede""}]"
2026-06-03 19:58:24.306518+00,anotador_131,6348,2,,,buenos_aires_amba,"[{""pos"":2,""source"":""hyp"",""palabra"":""supone""},{""pos"":7,""source"":""hyp"",""palabra"":""conllevan""},{""pos"":10,""source"":""hyp"",""palabra"":""retos""},{""pos"":3,""source"":""hyp"",""palabra"":""retos,""}]"
2026-06-03 19:58:37.896462+00,anotador_131,3937,2,,,buenos_aires_amba,"[{""pos"":22,""source"":""prem"",""palabra"":""extremadamente""},{""pos"":23,""source"":""prem"",""palabra"":""problemático.""},{""pos"":3,""source"":""hyp"",""palabra"":""utilizar""}]"
2026-06-03 19:58:56.965558+00,anotador_087,3936,5,,,buenos_aires_interior,[]
2026-06-03 19:59:12.954324+00,anotador_252,4178,4,,,buenos_aires_amba,[]
2026-06-03 19:59:16.677679+00,anotador_087,6065,5,,,buenos_aires_interior,[]
2026-06-03 19:59:27.097427+00,anotador_087,2175,5,,,buenos_aires_interior,[]
2026-06-03 19:59:32.813181+00,anotador_131,1641,3,,,buenos_aires_amba,[]
2026-06-03 19:59:41.177156+00,anotador_087,3751,5,,,buenos_aires_interior,[]
2026-06-03 19:59:48.172926+00,anotador_131,3329,3,,,buenos_aires_amba,[]
2026-06-03 19:59:57.684766+00,anotador_080,9999,1,,,buenos_aires_amba,"[{""pos"":1,""source"":""prem"",""palabra"":""chaval""},{""pos"":2,""source"":""prem"",""palabra"":""cogió""},{""pos"":4,""source"":""prem"",""palabra"":""móvil""},{""pos"":7,""source"":""hyp"",""palabra"":""Tournament""},{""pos"":9,""source"":""hyp"",""palabra"":""Kilimsworth""},{""pos"":8,""source"":""hyp"",""palabra"":""of""}]"
2026-06-03 19:59:58.704222+00,anotador_252,1995,4,,,buenos_aires_amba,"[{""pos"":7,""source"":""prem"",""palabra"":""conduce""}]"
2026-06-03 20:00:09.148882+00,anotador_131,3663,2,"""la más grande"" sonaría más argentino que ""la mayor""",,buenos_aires_amba,"[{""pos"":18,""source"":""prem"",""palabra"":""la""},{""pos"":19,""source"":""prem"",""palabra"":""mayor""}]"
2026-06-03 20:00:14.633068+00,anotador_087,4206,5,,,buenos_aires_interior,"[{""pos"":8,""source"":""prem"",""palabra"":""acuden""},{""pos"":13,""source"":""prem"",""palabra"":""Patagonia,""},{""pos"":10,""source"":""prem"",""palabra"":""masa""},{""pos"":4,""source"":""prem"",""palabra"":""turistas""},{""pos"":7,""source"":""prem"",""palabra"":""famosos""}]"
2026-06-03 20:00:20.12464+00,anotador_261,1809,5,,,buenos_aires_amba,[]
2026-06-03 20:00:24.692561+00,anotador_252,2634,5,,,buenos_aires_amba,[]
2026-06-03 20:00:42.60105+00,anotador_252,4406,5,,,buenos_aires_amba,[]
2026-06-03 20:00:58.472151+00,anotador_087,6892,4,,,buenos_aires_interior,"[{""pos"":4,""source"":""hyp"",""palabra"":""llamadas""},{""pos"":6,""source"":""hyp"",""palabra"":""prontitud.""}]"
2026-06-03 20:01:02.811172+00,anotador_252,1606,4,,,buenos_aires_amba,"[{""pos"":24,""source"":""prem"",""palabra"":""ochavona.""}]"
2026-06-03 20:01:09.853537+00,anotador_080,2199,5,,,buenos_aires_amba,[]
2026-06-03 20:01:24.208841+00,anotador_131,4827,3,,,buenos_aires_amba,[]
2026-06-03 20:01:29.043415+00,anotador_087,5886,,,,,"[{""pos"":8,""source"":""hyp"",""palabra"":""un""}]"
2026-06-03 20:01:30.260586+00,anotador_087,5886,4,,,buenos_aires_interior,"[{""pos"":7,""source"":""hyp"",""palabra"":""evitar""},{""pos"":9,""source"":""hyp"",""palabra"":""mayor""},{""pos"":10,""source"":""hyp"",""palabra"":""escrutinio.""},{""pos"":8,""source"":""hyp"",""palabra"":""un""}]"
2026-06-03 20:01:37.09516+00,anotador_252,1373,3,,,buenos_aires_amba,"[{""pos"":1,""source"":""hyp"",""palabra"":""espacio""},{""pos"":2,""source"":""hyp"",""palabra"":""de""},{""pos"":3,""source"":""hyp"",""palabra"":""vida""},{""pos"":4,""source"":""hyp"",""palabra"":""principal""},{""pos"":9,""source"":""hyp"",""palabra"":""está""},{""pos"":10,""source"":""hyp"",""palabra"":""considerado""}]"
2026-06-03 20:01:40.345712+00,anotador_080,6775,5,,,buenos_aires_amba,[]
2026-06-03 20:01:42.821797+00,anotador_131,6686,3,,,buenos_aires_amba,[]
2026-06-03 20:01:50.910728+00,anotador_131,3199,2,"""volvieron"" en vez de ""volvieran"" sonaría mejor. Se usa ""minimo"" en vez de ""al menos""",,buenos_aires_amba,"[{""pos"":12,""source"":""prem"",""palabra"":""volvieran""},{""pos"":6,""source"":""hyp"",""palabra"":""al""},{""pos"":7,""source"":""hyp"",""palabra"":""menos""}]"
2026-06-03 20:01:51.992065+00,anotador_080,5923,5,,,buenos_aires_amba,[]
2026-06-03 20:02:06.026914+00,anotador_087,3483,1,,,buenos_aires_interior,[]
2026-06-03 20:02:06.849724+00,anotador_080,4715,5,,,buenos_aires_amba,[]
2026-06-03 20:02:12.626091+00,anotador_080,3313,5,,,buenos_aires_amba,[]
2026-06-03 20:02:26.338234+00,anotador_087,3275,5,,,buenos_aires_interior,[]
2026-06-03 20:02:26.429191+00,anotador_080,2441,5,,,buenos_aires_amba,[]
2026-06-03 20:02:44.651183+00,anotador_080,3255,4,,,buenos_aires_amba,[]
2026-06-03 20:02:48.725169+00,anotador_252,6666,4,,,buenos_aires_amba,[]
2026-06-03 20:02:58.154114+00,anotador_080,6143,3,,,buenos_aires_amba,"[{""pos"":11,""source"":""prem"",""palabra"":""tiendas""},{""pos"":1,""source"":""hyp"",""palabra"":""tiendas""}]"
2026-06-03 20:03:12.47184+00,anotador_252,6060,3,,,buenos_aires_amba,"[{""pos"":15,""source"":""prem"",""palabra"":""coureurs""},{""pos"":16,""source"":""prem"",""palabra"":""de""},{""pos"":17,""source"":""prem"",""palabra"":""bois""}]"
2026-06-03 20:03:24.091354+00,anotador_080,2701,3,,,buenos_aires_amba,"[{""pos"":23,""source"":""prem"",""palabra"":""hará""}]"
2026-06-03 20:03:36.977086+00,anotador_131,4656,2,,,buenos_aires_amba,"[{""pos"":17,""source"":""prem"",""palabra"":""se""},{""pos"":18,""source"":""prem"",""palabra"":""encuentra""},{""pos"":6,""source"":""hyp"",""palabra"":""en""},{""pos"":7,""source"":""hyp"",""palabra"":""absoluto.""}]"
2026-06-03 20:03:48.339929+00,anotador_087,2128,4,,,buenos_aires_interior,[]
2026-06-03 20:03:49.127178+00,anotador_252,5797,5,,,buenos_aires_amba,[]
2026-06-03 20:03:50.063347+00,anotador_131,7078,2,"""muy seguido"" sonaría más argentino que ""a menudo""",,buenos_aires_amba,"[{""pos"":0,""source"":""prem"",""palabra"":""A""},{""pos"":1,""source"":""prem"",""palabra"":""menudo,""}]"
2026-06-03 20:03:50.169187+00,anotador_080,1875,3,,,buenos_aires_amba,[]
2026-06-03 20:03:57.689439+00,anotador_087,1841,5,,,buenos_aires_interior,[]
2026-06-03 20:04:05.156416+00,anotador_080,4647,3,,,buenos_aires_amba,[]
2026-06-03 20:04:11.257846+00,anotador_087,4004,4,,,buenos_aires_interior,[]
2026-06-03 20:04:13.061335+00,anotador_080,2624,5,,,buenos_aires_amba,[]
2026-06-03 20:04:32.574316+00,anotador_252,4159,5,,,buenos_aires_amba,[]
2026-06-03 20:04:34.535302+00,anotador_087,5353,5,,,buenos_aires_interior,[]
2026-06-03 20:04:48.995199+00,anotador_080,3757,3,,,buenos_aires_amba,[]
2026-06-03 20:04:52.130167+00,anotador_252,3355,5,,,buenos_aires_amba,[]
2026-06-03 20:04:57.922058+00,anotador_087,2328,4,,,buenos_aires_interior,"[{""pos"":2,""source"":""hyp"",""palabra"":""Olímpicos""},{""pos"":1,""source"":""hyp"",""palabra"":""Juegos""},{""pos"":3,""source"":""hyp"",""palabra"":""nunca""},{""pos"":4,""source"":""hyp"",""palabra"":""se""},{""pos"":5,""source"":""hyp"",""palabra"":""han""},{""pos"":6,""source"":""hyp"",""palabra"":""celebrado""},{""pos"":0,""source"":""hyp"",""palabra"":""Los""},{""pos"":7,""source"":""hyp"",""palabra"":""en""},{""pos"":8,""source"":""hyp"",""palabra"":""Europa.""}]"
2026-06-03 20:04:58.450742+00,anotador_131,6202,,,,buenos_aires_amba,"[{""pos"":13,""source"":""prem"",""palabra"":""junto""}]"
2026-06-03 20:04:58.786359+00,anotador_131,6202,2,"""al lado"" suena más argentino que ""junto a""",,buenos_aires_amba,"[{""pos"":13,""source"":""prem"",""palabra"":""junto""},{""pos"":14,""source"":""prem"",""palabra"":""al""}]"
2026-06-03 20:04:59.853049+00,anotador_080,3047,4,,,buenos_aires_amba,[]
2026-06-03 20:05:21.344376+00,anotador_080,4513,5,,,buenos_aires_amba,[]
2026-06-03 20:05:35.364665+00,anotador_080,3163,5,,,buenos_aires_amba,[]
2026-06-03 20:05:36.012032+00,anotador_087,5336,5,,,buenos_aires_interior,[]
2026-06-03 20:05:47.465109+00,anotador_080,787,4,,,buenos_aires_amba,[]
2026-06-03 20:05:54.03646+00,anotador_087,6703,5,,,buenos_aires_interior,[]
2026-06-03 20:05:55.036833+00,anotador_080,6628,5,,,buenos_aires_amba,[]
2026-06-03 20:06:00.632078+00,anotador_080,3113,2,,,buenos_aires_amba,"[{""pos"":5,""source"":""prem"",""palabra"":""ocurre.""},{""pos"":7,""source"":""hyp"",""palabra"":""sucediendo.""}]"
2026-06-03 20:06:03.430522+00,anotador_252,3152,4,,,buenos_aires_amba,"[{""pos"":21,""source"":""prem"",""palabra"":""credo,""},{""pos"":4,""source"":""hyp"",""palabra"":""credo""}]"
2026-06-03 20:06:04.788619+00,anotador_261,3353,5,,,buenos_aires_amba,[]
2026-06-03 20:06:20.356269+00,anotador_087,1464,4,,,buenos_aires_interior,[]
2026-06-03 20:07:09.690799+00,anotador_087,3411,5,Todo,,buenos_aires_interior,[]
2026-06-03 20:07:38.612421+00,anotador_087,1212,4,,,buenos_aires_interior,[]
2026-06-03 20:07:59.614027+00,anotador_252,3138,4,,,buenos_aires_amba,[]
2026-06-03 20:08:13.179001+00,anotador_087,2542,5,,,buenos_aires_interior,[]
2026-06-03 20:13:14.765428+00,anotador_227,9999,,,,,"[{""pos"":0,""source"":""hyp"",""palabra"":""En""}]"
2026-06-03 20:13:51.856414+00,anotador_038,9999,1,,,,"[{""pos"":1,""source"":""prem"",""palabra"":""chaval""},{""pos"":2,""source"":""prem"",""palabra"":""cogió""},{""pos"":8,""source"":""prem"",""palabra"":""piso""},{""pos"":1,""source"":""hyp"",""palabra"":""Kettering,""},{""pos"":3,""source"":""hyp"",""palabra"":""Wollongong""},{""pos"":4,""source"":""hyp"",""palabra"":""Bears""},{""pos"":7,""source"":""hyp"",""palabra"":""Tournament""},{""pos"":8,""source"":""hyp"",""palabra"":""of""},{""pos"":9,""source"":""hyp"",""palabra"":""Kilimsworth""},{""pos"":10,""source"":""hyp"",""palabra"":""ante""}]"
2026-06-03 20:15:05.307571+00,anotador_038,3247,5,,,,[]
2026-06-03 20:15:44.958948+00,anotador_038,3507,5,,,,[]
2026-06-03 20:16:01.442089+00,anotador_038,6013,4,,,,"[{""pos"":5,""source"":""hyp"",""palabra"":""detrás""},{""pos"":0,""source"":""prem"",""palabra"":""Detrás""}]"
2026-06-03 20:16:39.222193+00,anotador_038,2803,4,,,,"[{""pos"":9,""source"":""prem"",""palabra"":""costo-beneficioso""}]"
2026-06-03 20:16:46.508954+00,anotador_038,651,4,,,,"[{""pos"":1,""source"":""prem"",""palabra"":""níquel""},{""pos"":10,""source"":""hyp"",""palabra"":""al""}]"
2026-06-03 20:17:30.584786+00,anotador_213,9999,1,,,,[]
2026-06-03 20:18:01.895936+00,anotador_038,2323,3,,,,"[{""pos"":5,""source"":""hyp"",""palabra"":""centelleantes.""}]"
2026-06-03 20:18:49.199361+00,anotador_114,9999,1,,,,"[{""pos"":1,""source"":""prem"",""palabra"":""chaval""},{""pos"":1,""source"":""hyp"",""palabra"":""Kettering,""},{""pos"":3,""source"":""hyp"",""palabra"":""Wollongong""},{""pos"":4,""source"":""hyp"",""palabra"":""Bears""},{""pos"":7,""source"":""hyp"",""palabra"":""Tournament""},{""pos"":9,""source"":""hyp"",""palabra"":""Kilimsworth""},{""pos"":2,""source"":""prem"",""palabra"":""cogió""},{""pos"":4,""source"":""prem"",""palabra"":""móvil""}]"
2026-06-03 20:19:02.988427+00,anotador_213,4553,2,,,,[]
2026-06-03 20:24:19.654693+00,anotador_261,5806,3,,,buenos_aires_amba,"[{""pos"":0,""source"":""prem"",""palabra"":""Regresarás""},{""pos"":1,""source"":""prem"",""palabra"":""a""},{""pos"":2,""source"":""prem"",""palabra"":""él""}]"
2026-06-03 20:30:12.895294+00,anotador_317,9999,1,,,buenos_aires_interior,"[{""pos"":1,""source"":""prem"",""palabra"":""chaval""},{""pos"":2,""source"":""prem"",""palabra"":""cogió""},{""pos"":4,""source"":""prem"",""palabra"":""móvil""},{""pos"":1,""source"":""hyp"",""palabra"":""Kettering,""},{""pos"":3,""source"":""hyp"",""palabra"":""Wollongong""},{""pos"":4,""source"":""hyp"",""palabra"":""Bears""},{""pos"":7,""source"":""hyp"",""palabra"":""Tournament""},{""pos"":9,""source"":""hyp"",""palabra"":""Kilimsworth""},{""pos"":8,""source"":""hyp"",""palabra"":""of""}]"
2026-06-03 20:30:54.574546+00,anotador_317,4231,2,,,buenos_aires_interior,"[{""pos"":13,""source"":""prem"",""palabra"":""costes""},{""pos"":8,""source"":""prem"",""palabra"":""HMO""},{""pos"":1,""source"":""hyp"",""palabra"":""HMO""}]"
2026-06-03 20:31:21.883543+00,anotador_317,2583,3,,,buenos_aires_interior,"[{""pos"":1,""source"":""prem"",""palabra"":""CIO""},{""pos"":1,""source"":""hyp"",""palabra"":""CIO""}]"
2026-06-03 20:31:49.050677+00,anotador_317,5529,5,,,buenos_aires_interior,[]
2026-06-03 20:32:07.9661+00,anotador_317,4979,5,,,buenos_aires_interior,[]
2026-06-03 20:32:15.007329+00,anotador_317,6697,3,,,buenos_aires_interior,"[{""pos"":8,""source"":""prem"",""palabra"":""FDNY,""},{""pos"":18,""source"":""prem"",""palabra"":""Manning,""}]"
2026-06-03 20:32:33.447977+00,anotador_317,5253,5,,,buenos_aires_interior,[]
2026-06-03 20:32:47.461852+00,anotador_317,6329,5,,,buenos_aires_interior,[]
2026-06-03 20:32:52.442785+00,anotador_317,5224,5,,,buenos_aires_interior,[]
2026-06-03 20:32:57.55399+00,anotador_317,6755,5,,,buenos_aires_interior,[]
2026-06-03 20:33:05.612834+00,anotador_317,4861,3,,,buenos_aires_interior,[]
2026-06-03 20:33:28.607572+00,anotador_317,1834,3,,,buenos_aires_interior,"[{""pos"":2,""source"":""hyp"",""palabra"":""tiró""}]"
2026-06-03 20:33:45.308285+00,anotador_317,2033,5,,,buenos_aires_interior,[]
2026-06-03 20:34:02.735225+00,anotador_317,3009,5,,,buenos_aires_interior,[]
2026-06-03 20:34:11.108495+00,anotador_317,3562,5,,,buenos_aires_interior,[]
2026-06-03 20:34:24.854571+00,anotador_317,5613,2,,,buenos_aires_interior,"[{""pos"":19,""source"":""prem"",""palabra"":""hoyo.""},{""pos"":29,""source"":""prem"",""palabra"":""hoyo.""},{""pos"":2,""source"":""hyp"",""palabra"":""barbacoa""},{""pos"":5,""source"":""prem"",""palabra"":""barbacoa""}]"
2026-06-03 20:34:52.051839+00,anotador_317,1306,4,,,buenos_aires_interior,[]
2026-06-03 20:35:02.929261+00,anotador_317,6044,5,,,buenos_aires_interior,[]
2026-06-03 20:35:12.068767+00,anotador_317,3657,5,,,buenos_aires_interior,[]
2026-06-03 20:35:16.727508+00,anotador_317,5024,5,,,buenos_aires_interior,[]
2026-06-03 20:35:30.685605+00,anotador_048,9999,1,,,buenos_aires_amba,"[{""pos"":1,""source"":""prem"",""palabra"":""chaval""},{""pos"":2,""source"":""prem"",""palabra"":""cogió""},{""pos"":4,""source"":""prem"",""palabra"":""móvil""},{""pos"":8,""source"":""prem"",""palabra"":""piso""}]"
2026-06-03 20:36:45.01352+00,anotador_048,2573,4,,,buenos_aires_amba,[]
2026-06-03 20:37:01.13008+00,anotador_261,2078,,,,buenos_aires_amba,"[{""pos"":8,""source"":""prem"",""palabra"":""Megaro""}]"
2026-06-03 20:37:01.349628+00,anotador_261,2078,,,,buenos_aires_amba,"[{""pos"":8,""source"":""prem"",""palabra"":""Megaro""},{""pos"":9,""source"":""prem"",""palabra"":""Mousikis.""},{""pos"":11,""source"":""hyp"",""palabra"":""Megaro""}]"
2026-06-03 20:37:01.579139+00,anotador_261,2078,1,,,buenos_aires_amba,"[{""pos"":8,""source"":""prem"",""palabra"":""Megaro""},{""pos"":9,""source"":""prem"",""palabra"":""Mousikis.""},{""pos"":11,""source"":""hyp"",""palabra"":""Megaro""},{""pos"":12,""source"":""hyp"",""palabra"":""Mousikis.""},{""pos"":1,""source"":""hyp"",""palabra"":""está""},{""pos"":2,""source"":""hyp"",""palabra"":""a""},{""pos"":3,""source"":""hyp"",""palabra"":""tiro""},{""pos"":4,""source"":""hyp"",""palabra"":""de""},{""pos"":5,""source"":""hyp"",""palabra"":""piedra""}]"
2026-06-03 20:37:05.475017+00,anotador_048,4471,4,,,buenos_aires_amba,[]
2026-06-03 20:37:45.390125+00,anotador_048,987,4,,,buenos_aires_amba,[]
2026-06-03 20:37:58.741274+00,anotador_048,2485,5,,,buenos_aires_amba,[]
2026-06-03 20:38:07.801666+00,anotador_008,9999,1,,,buenos_aires_amba,"[{""pos"":2,""source"":""prem"",""palabra"":""cogió""},{""pos"":4,""source"":""prem"",""palabra"":""móvil""},{""pos"":1,""source"":""hyp"",""palabra"":""Kettering,""},{""pos"":1,""source"":""prem"",""palabra"":""chaval""},{""pos"":8,""source"":""prem"",""palabra"":""piso""},{""pos"":3,""source"":""hyp"",""palabra"":""Wollongong""},{""pos"":4,""source"":""hyp"",""palabra"":""Bears""},{""pos"":7,""source"":""hyp"",""palabra"":""Tournament""},{""pos"":9,""source"":""hyp"",""palabra"":""Kilimsworth""},{""pos"":8,""source"":""hyp"",""palabra"":""of""},{""pos"":11,""source"":""hyp"",""palabra"":""miles""},{""pos"":12,""source"":""hyp"",""palabra"":""de""},{""pos"":13,""source"":""hyp"",""palabra"":""fans.""}]"
2026-06-03 20:38:31.023796+00,anotador_008,5716,3,,,buenos_aires_amba,"[{""pos"":10,""source"":""prem"",""palabra"":""televisor,""},{""pos"":9,""source"":""prem"",""palabra"":""al""},{""pos"":1,""source"":""hyp"",""palabra"":""televisión""}]"
2026-06-03 20:38:34.615415+00,anotador_048,4587,4,,,buenos_aires_amba,[]
2026-06-03 20:38:46.049354+00,anotador_048,5433,2,,,buenos_aires_amba,"[{""pos"":0,""source"":""prem"",""palabra"":""vaya,""},{""pos"":2,""source"":""prem"",""palabra"":""vaya,""},{""pos"":0,""source"":""hyp"",""palabra"":""Apuesto""}]"
2026-06-03 20:39:07.871262+00,anotador_008,1359,4,,,buenos_aires_amba,[]
2026-06-03 20:39:18.944476+00,anotador_008,5341,4,,,buenos_aires_amba,[]
2026-06-03 20:39:30.92412+00,anotador_008,3300,3,,,buenos_aires_amba,"[{""pos"":13,""source"":""prem"",""palabra"":""socorrer""},{""pos"":12,""source"":""hyp"",""palabra"":""pisos""}]"
2026-06-03 20:39:53.39524+00,anotador_008,2404,4,,,buenos_aires_amba,[]
2026-06-03 20:40:00.281831+00,anotador_008,6664,5,,,buenos_aires_amba,[]
2026-06-03 20:40:11.254038+00,anotador_008,5817,5,,,buenos_aires_amba,[]
2026-06-03 20:42:37.018482+00,anotador_048,3441,4,,,buenos_aires_amba,[]
2026-06-03 20:42:40.431909+00,anotador_048,5104,1,,,buenos_aires_amba,"[{""pos"":4,""source"":""prem"",""palabra"":""nalgada,""},{""pos"":16,""source"":""prem"",""palabra"":""chocolate""},{""pos"":17,""source"":""prem"",""palabra"":""con""},{""pos"":18,""source"":""prem"",""palabra"":""leche?""}]"
2026-06-03 20:43:04.027595+00,anotador_230,9999,1,el chaval cogio el movil,,buenos_aires_interior,"[{""pos"":0,""source"":""prem"",""palabra"":""El""},{""pos"":1,""source"":""prem"",""palabra"":""chaval""},{""pos"":2,""source"":""prem"",""palabra"":""cogió""},{""pos"":4,""source"":""prem"",""palabra"":""móvil""},{""pos"":3,""source"":""prem"",""palabra"":""el""}]"
2026-06-03 20:43:20.398034+00,anotador_281,9999,1,Chaval movil,,buenos_aires_interior,[]
2026-06-03 20:43:59.210575+00,anotador_048,5183,4,,,buenos_aires_amba,[]
2026-06-03 20:44:04.49837+00,anotador_281,3743,3,,,buenos_aires_interior,[]
2026-06-03 20:44:12.677221+00,anotador_048,7303,4,,,buenos_aires_amba,[]
2026-06-03 20:44:21.639628+00,anotador_048,5038,4,,,buenos_aires_amba,[]
2026-06-03 20:44:28.441333+00,anotador_281,3855,4,,,buenos_aires_interior,[]
2026-06-03 20:44:30.104239+00,anotador_048,6007,2,,,buenos_aires_amba,"[{""pos"":9,""source"":""prem"",""palabra"":""colina""},{""pos"":14,""source"":""prem"",""palabra"":""Comisionado,""},{""pos"":12,""source"":""hyp"",""palabra"":""colina.""}]"
2026-06-03 20:44:38.453668+00,anotador_281,3644,3,,,buenos_aires_interior,[]
2026-06-03 20:44:56.842593+00,anotador_281,6497,3,,,buenos_aires_interior,[]
2026-06-03 20:45:03.680542+00,anotador_048,6612,4,,,buenos_aires_amba,[]
2026-06-03 20:45:11.053147+00,anotador_281,6700,4,,,buenos_aires_interior,[]
2026-06-03 20:45:15.840966+00,anotador_230,3721,5,,,buenos_aires_interior,[]
2026-06-03 20:45:27.660296+00,anotador_281,3901,3,,,buenos_aires_interior,[]
2026-06-03 20:45:38.05259+00,anotador_281,4099,3,Vidas,,buenos_aires_interior,[]
2026-06-03 20:45:49.947458+00,anotador_048,391,2,,,buenos_aires_amba,"[{""pos"":5,""source"":""hyp"",""palabra"":""residencia.""}]"
2026-06-03 20:45:51.476082+00,anotador_230,3676,4,porque afuera hace fresco  (no es argento),,buenos_aires_interior,"[{""pos"":10,""source"":""hyp"",""palabra"":""fresco.""},{""pos"":9,""source"":""hyp"",""palabra"":""hace""},{""pos"":8,""source"":""hyp"",""palabra"":""afuera""},{""pos"":7,""source"":""hyp"",""palabra"":""porque""}]"
2026-06-03 20:46:03.623273+00,anotador_048,1549,4,,,buenos_aires_amba,[]
2026-06-03 20:46:05.177603+00,anotador_281,2231,5,,,buenos_aires_interior,[]
2026-06-03 20:46:33.276654+00,anotador_281,5116,3,,,buenos_aires_interior,[]
2026-06-03 20:46:45.664046+00,anotador_281,6873,3,,,buenos_aires_interior,[]
2026-06-03 20:46:52.552082+00,anotador_281,5641,3,,,buenos_aires_interior,[]
2026-06-03 20:47:05.075637+00,anotador_281,5828,4,,,buenos_aires_interior,[]
2026-06-03 20:47:20.435009+00,anotador_281,2156,3,,,buenos_aires_interior,[]
2026-06-03 20:47:28.072189+00,anotador_281,3647,1,,,buenos_aires_interior,[]
2026-06-03 20:47:44.941645+00,anotador_281,1352,4,,,buenos_aires_interior,[]
2026-06-03 20:48:03.890121+00,anotador_281,3574,5,,,buenos_aires_interior,[]
2026-06-03 20:48:14.436595+00,anotador_281,5643,3,,,buenos_aires_interior,[]
2026-06-03 20:48:26.21316+00,anotador_281,4901,3,,,buenos_aires_interior,[]
2026-06-03 20:48:37.481796+00,anotador_281,6219,4,,,buenos_aires_interior,[]
2026-06-03 20:49:10.623062+00,anotador_008,5908,3,,,buenos_aires_amba,"[{""pos"":0,""source"":""prem"",""palabra"":""¡Caracoles!""}]"
2026-06-03 20:49:18.122594+00,anotador_230,7086,3,lo marcado no es argento,,buenos_aires_interior,"[{""pos"":0,""source"":""hyp"",""palabra"":""Lo""},{""pos"":1,""source"":""hyp"",""palabra"":""aprecio,""},{""pos"":2,""source"":""hyp"",""palabra"":""señor;""},{""pos"":3,""source"":""hyp"",""palabra"":""puedo""},{""pos"":4,""source"":""hyp"",""palabra"":""obtener""},{""pos"":6,""source"":""hyp"",""palabra"":""respuesta.""},{""pos"":5,""source"":""hyp"",""palabra"":""otra""}]"
2026-06-03 20:49:21.481189+00,anotador_008,5693,5,,,buenos_aires_amba,[]
2026-06-03 20:49:31.960732+00,anotador_008,2562,3,,,buenos_aires_amba,"[{""pos"":5,""source"":""prem"",""palabra"":""menudo""},{""pos"":4,""source"":""prem"",""palabra"":""a""}]"
2026-06-03 20:49:50.947759+00,anotador_008,6489,4,Ingresen?,,buenos_aires_amba,"[{""pos"":6,""source"":""hyp"",""palabra"":""introduzcan""}]"
2026-06-03 20:50:01.712773+00,anotador_230,6544,5,,,buenos_aires_interior,[]
2026-06-03 20:50:04.745242+00,anotador_008,4853,3,,,buenos_aires_amba,"[{""pos"":4,""source"":""prem"",""palabra"":""abolladuras""},{""pos"":10,""source"":""prem"",""palabra"":""abolladuras""},{""pos"":5,""source"":""hyp"",""palabra"":""abolladuras.""}]"
2026-06-03 20:50:17.794234+00,anotador_230,1249,4,,,buenos_aires_interior,[]
2026-06-03 20:50:28.708635+00,anotador_008,120,3,,,buenos_aires_amba,"[{""pos"":3,""source"":""hyp"",""palabra"":""se""},{""pos"":4,""source"":""hyp"",""palabra"":""parecían""},{""pos"":5,""source"":""hyp"",""palabra"":""en""},{""pos"":6,""source"":""hyp"",""palabra"":""nada""}]"
2026-06-03 20:50:35.957368+00,anotador_230,5346,5,,,buenos_aires_interior,[]
2026-06-03 20:50:36.464424+00,anotador_008,5167,5,,,buenos_aires_amba,[]
2026-06-03 20:50:40.214606+00,anotador_008,1899,5,,,buenos_aires_amba,[]
2026-06-03 20:50:52.064694+00,anotador_008,3532,4,,,buenos_aires_amba,"[{""pos"":6,""source"":""hyp"",""palabra"":""han""},{""pos"":7,""source"":""hyp"",""palabra"":""contribuido""}]"
2026-06-03 20:51:02.528878+00,anotador_230,6895,4,,,buenos_aires_interior,"[{""pos"":31,""source"":""prem"",""palabra"":""nuestra""},{""pos"":32,""source"":""prem"",""palabra"":""herencia!""}]"
2026-06-03 20:51:15.554941+00,anotador_048,6663,4,,,buenos_aires_amba,[]
2026-06-03 20:51:20.939835+00,anotador_230,6376,5,,,buenos_aires_interior,[]
2026-06-03 20:51:27.240499+00,anotador_008,2832,5,,,buenos_aires_amba,[]
2026-06-03 20:51:34.495618+00,anotador_008,3406,5,,,buenos_aires_amba,[]
2026-06-03 20:51:36.995994+00,anotador_048,7338,3,,,buenos_aires_amba,[]
2026-06-03 20:51:40.917787+00,anotador_230,4259,4,,,buenos_aires_interior,"[{""pos"":8,""source"":""hyp"",""palabra"":""son""},{""pos"":9,""source"":""hyp"",""palabra"":""abusados""}]"
2026-06-03 20:51:43.219974+00,anotador_008,5201,5,,,buenos_aires_amba,[]
2026-06-03 20:51:46.245459+00,anotador_048,5782,4,,,buenos_aires_amba,[]
2026-06-03 20:51:52.215488+00,anotador_324,9999,4,,,buenos_aires_interior,[]
2026-06-03 20:51:54.228327+00,anotador_048,4976,2,,,buenos_aires_amba,"[{""pos"":0,""source"":""prem"",""palabra"":""Banquete""},{""pos"":4,""source"":""hyp"",""palabra"":""lleva""},{""pos"":6,""source"":""hyp"",""palabra"":""cabo""}]"
2026-06-03 20:52:18.650963+00,anotador_324,5590,4,,,buenos_aires_interior,[]
2026-06-03 20:52:20.871626+00,anotador_324,829,4,,,buenos_aires_interior,[]
2026-06-03 20:52:21.624703+00,anotador_230,5807,5,,,buenos_aires_interior,[]
2026-06-03 20:52:21.969784+00,anotador_324,6108,4,,,buenos_aires_interior,[]
2026-06-03 20:52:22.916637+00,anotador_324,5120,4,,,buenos_aires_interior,[]
2026-06-03 20:52:24.143371+00,anotador_324,7300,4,,,buenos_aires_interior,[]
2026-06-03 20:52:26.277791+00,anotador_324,7451,4,,,buenos_aires_interior,[]
2026-06-03 20:52:27.249356+00,anotador_324,1918,4,,,buenos_aires_interior,[]
2026-06-03 20:52:28.323192+00,anotador_324,5035,4,,,buenos_aires_interior,[]
2026-06-03 20:52:29.424676+00,anotador_324,5873,4,,,buenos_aires_interior,[]
2026-06-03 20:52:30.489219+00,anotador_324,4771,4,,,buenos_aires_interior,[]
2026-06-03 20:52:32.67879+00,anotador_324,4332,4,,,buenos_aires_interior,[]
2026-06-03 20:52:36.086428+00,anotador_324,3728,4,,,buenos_aires_interior,[]
2026-06-03 20:52:37.160097+00,anotador_324,2925,4,,,buenos_aires_interior,[]
2026-06-03 20:52:38.176933+00,anotador_324,7469,4,,,buenos_aires_interior,[]
2026-06-03 20:52:39.107732+00,anotador_324,6062,4,,,buenos_aires_interior,[]
2026-06-03 20:52:40.804186+00,anotador_324,2215,4,,,buenos_aires_interior,[]
2026-06-03 20:52:41.748588+00,anotador_230,6947,5,,,buenos_aires_interior,[]
2026-06-03 20:52:41.751365+00,anotador_324,7105,4,,,buenos_aires_interior,[]
2026-06-03 20:52:42.9516+00,anotador_324,6167,4,,,buenos_aires_interior,[]
2026-06-03 20:52:44.100424+00,anotador_324,6576,4,,,buenos_aires_interior,[]
2026-06-03 20:53:05.423193+00,anotador_230,6053,4,,,buenos_aires_interior,"[{""pos"":3,""source"":""hyp"",""palabra"":""forma""},{""pos"":4,""source"":""hyp"",""palabra"":""prístina.""}]"
2026-06-03 20:53:23.070227+00,anotador_230,2953,5,,,buenos_aires_interior,[]
2026-06-03 20:53:47.070172+00,anotador_230,6810,5,,,buenos_aires_interior,[]
2026-06-03 20:54:39.278919+00,anotador_230,4198,5,,,buenos_aires_interior,[]
2026-06-03 20:55:35.919955+00,anotador_230,5520,5,,,buenos_aires_interior,[]
2026-06-03 20:55:51.549062+00,anotador_230,6363,5,,,buenos_aires_interior,[]
2026-06-03 20:55:59.53455+00,anotador_230,7334,4,,,buenos_aires_interior,"[{""pos"":3,""source"":""prem"",""palabra"":""abrigo""}]"
2026-06-03 20:56:31.835654+00,anotador_230,3887,5,,,buenos_aires_interior,[]
2026-06-03 20:57:57.993192+00,anotador_205,9999,1,,,buenos_aires_interior,[]
2026-06-03 20:58:12.627011+00,anotador_205,6839,4,,,buenos_aires_interior,[]
2026-06-03 20:58:26.219669+00,anotador_205,6307,5,,,buenos_aires_interior,[]
2026-06-03 20:58:37.830939+00,anotador_205,1734,2,,,buenos_aires_interior,[]
2026-06-03 20:58:42.984549+00,anotador_205,6865,5,,,buenos_aires_interior,[]
2026-06-03 20:58:52.341911+00,anotador_205,1467,2,,,buenos_aires_interior,[]
2026-06-03 20:59:03.819072+00,anotador_205,3603,2,,,buenos_aires_interior,[]
2026-06-03 20:59:13.010928+00,anotador_205,5007,5,,,buenos_aires_interior,[]
2026-06-03 20:59:24.370882+00,anotador_205,727,3,,,buenos_aires_interior,[]
2026-06-03 20:59:33.936571+00,anotador_205,5935,4,,,buenos_aires_interior,[]
2026-06-03 20:59:42.602086+00,anotador_205,7326,5,,,buenos_aires_interior,[]
2026-06-03 20:59:58.319063+00,anotador_205,4485,4,,,buenos_aires_interior,[]
2026-06-03 21:00:12.313855+00,anotador_205,6457,5,,,buenos_aires_interior,[]
2026-06-03 21:00:26.733051+00,anotador_205,1544,2,,,buenos_aires_interior,[]
2026-06-03 21:00:46.120465+00,anotador_205,4279,4,,,buenos_aires_interior,[]
2026-06-03 21:00:57.023598+00,anotador_205,4076,4,,,buenos_aires_interior,[]
2026-06-03 21:01:04.661353+00,anotador_205,2294,3,,,buenos_aires_interior,[]
2026-06-03 21:01:15.42806+00,anotador_205,4928,2,,,buenos_aires_interior,[]
2026-06-03 21:01:33.393756+00,anotador_205,2348,4,,,buenos_aires_interior,[]
2026-06-03 21:01:43.864623+00,anotador_205,4856,4,,,buenos_aires_interior,[]
2026-06-03 21:02:10.373696+00,anotador_261,3981,,,,buenos_aires_amba,"[{""pos"":1,""source"":""prem"",""palabra"":""consiguiente,""}]"
2026-06-03 21:02:10.650774+00,anotador_261,3981,3,,,buenos_aires_amba,"[{""pos"":1,""source"":""prem"",""palabra"":""consiguiente,""},{""pos"":0,""source"":""prem"",""palabra"":""Por""}]"
2026-06-03 21:05:31.85958+00,anotador_261,1872,2,suena muy rara la primer oracion,,buenos_aires_amba,[]
2026-06-03 21:06:12.965467+00,anotador_035,9999,1,"Chaval, Kettering, etc",,buenos_aires_interior,[]
2026-06-03 21:07:01.205781+00,anotador_207,3706,5,,,buenos_aires_amba,[]
2026-06-03 21:07:25.663195+00,anotador_035,4139,3,,,buenos_aires_interior,[]
2026-06-03 21:07:35.351574+00,anotador_207,6588,5,,,buenos_aires_amba,[]
2026-06-03 21:07:45.871954+00,anotador_035,2691,4,,,buenos_aires_interior,[]
2026-06-03 21:07:47.543216+00,anotador_207,5751,4,Barandillas,,buenos_aires_amba,"[{""pos"":14,""source"":""prem"",""palabra"":""barandillas""}]"
2026-06-03 21:07:58.906079+00,anotador_035,4854,3,,,buenos_aires_interior,[]
2026-06-03 21:08:16.83442+00,anotador_035,2960,3,,,buenos_aires_interior,[]
2026-06-03 21:08:27.698896+00,anotador_207,1286,5,,,buenos_aires_amba,[]
2026-06-03 21:08:28.118373+00,anotador_035,1044,2,,,buenos_aires_interior,[]
2026-06-03 21:08:45.437814+00,anotador_207,6766,5,,,buenos_aires_amba,[]
2026-06-03 21:08:49.198083+00,anotador_035,2012,2,,,buenos_aires_interior,[]
2026-06-03 21:08:57.318174+00,anotador_035,5296,4,,,buenos_aires_interior,[]
2026-06-03 21:09:07.730572+00,anotador_207,1330,4,,,buenos_aires_amba,"[{""pos"":19,""source"":""prem"",""palabra"":""una""},{""pos"":20,""source"":""prem"",""palabra"":""nueva""}]"
2026-06-03 21:09:10.847042+00,anotador_035,6614,4,,,buenos_aires_interior,[]
2026-06-03 21:09:14.945368+00,anotador_261,4615,3,,,buenos_aires_amba,"[{""pos"":29,""source"":""prem"",""palabra"":""ininteligibles.""}]"
2026-06-03 21:09:22.792483+00,anotador_035,324,5,,,buenos_aires_interior,[]
2026-06-03 21:09:35.944357+00,anotador_035,6289,3,,,buenos_aires_interior,[]
2026-06-03 21:09:42.937257+00,anotador_207,6790,5,,,buenos_aires_amba,[]
2026-06-03 21:09:56.572264+00,anotador_035,7409,3,,,buenos_aires_interior,[]
2026-06-03 21:10:08.163428+00,anotador_035,6236,4,,,buenos_aires_interior,[]
2026-06-03 21:10:12.244438+00,anotador_207,5710,4,,,buenos_aires_amba,"[{""pos"":9,""source"":""prem"",""palabra"":""meramente""}]"
2026-06-03 21:10:18.566864+00,anotador_035,1770,4,,,buenos_aires_interior,[]
2026-06-03 21:10:30.696082+00,anotador_035,6005,3,,,buenos_aires_interior,[]
2026-06-03 21:10:38.476869+00,anotador_207,6675,5,,,buenos_aires_amba,[]
2026-06-03 21:10:38.629493+00,anotador_035,2971,3,,,buenos_aires_interior,[]
2026-06-03 21:10:44.137821+00,anotador_035,5907,2,,,buenos_aires_interior,[]
2026-06-03 21:10:55.61161+00,anotador_207,4405,5,,,buenos_aires_amba,[]
2026-06-03 21:10:56.187926+00,anotador_035,6024,4,,,buenos_aires_interior,[]
2026-06-03 21:11:04.392733+00,anotador_035,5656,4,,,buenos_aires_interior,[]
2026-06-03 21:11:14.139934+00,anotador_207,2435,4,,,buenos_aires_amba,"[{""pos"":4,""source"":""hyp"",""palabra"":""chicos""},{""pos"":5,""source"":""hyp"",""palabra"":""hoteles""}]"
2026-06-03 21:11:16.797967+00,anotador_035,7305,3,,,buenos_aires_interior,[]
2026-06-03 21:11:43.570705+00,anotador_207,4862,5,,,buenos_aires_amba,[]
2026-06-03 21:12:09.247505+00,anotador_207,5540,5,,,buenos_aires_amba,[]
2026-06-03 21:12:24.082895+00,anotador_207,5096,4,,,buenos_aires_amba,"[{""pos"":7,""source"":""prem"",""palabra"":""aterrador.""}]"
2026-06-03 21:12:51.489168+00,anotador_261,3203,1,,,buenos_aires_amba,"[{""pos"":0,""source"":""prem"",""palabra"":""Bandar""},{""pos"":2,""source"":""prem"",""palabra"":""Hazmi""},{""pos"":1,""source"":""prem"",""palabra"":""al""},{""pos"":7,""source"":""prem"",""palabra"":""Arizona""},{""pos"":8,""source"":""prem"",""palabra"":""Aviation,""},{""pos"":0,""source"":""hyp"",""palabra"":""Bandar""},{""pos"":2,""source"":""hyp"",""palabra"":""Hazmi""}]"
2026-06-03 21:12:55.589119+00,anotador_207,2050,4,,,buenos_aires_amba,[]
2026-06-03 21:13:32.764832+00,anotador_207,6594,4,,,buenos_aires_amba,[]
2026-06-03 21:14:02.244398+00,anotador_207,5939,3,,,buenos_aires_amba,"[{""pos"":3,""source"":""prem"",""palabra"":""corrigió""},{""pos"":4,""source"":""prem"",""palabra"":""en""},{""pos"":5,""source"":""prem"",""palabra"":""reprobación.""}]"
2026-06-03 21:14:04.744439+00,anotador_147,9999,2,,,buenos_aires_interior,"[{""pos"":1,""source"":""prem"",""palabra"":""chaval""},{""pos"":2,""source"":""prem"",""palabra"":""cogió""},{""pos"":4,""source"":""prem"",""palabra"":""móvil""},{""pos"":13,""source"":""hyp"",""palabra"":""fans.""}]"
2026-06-03 21:14:33.42625+00,anotador_207,3178,4,,,buenos_aires_amba,"[{""pos"":1,""source"":""hyp"",""palabra"":""constantemente""}]"
2026-06-03 21:14:47.386051+00,anotador_207,3762,5,,,buenos_aires_amba,[]
2026-06-03 21:15:30.209604+00,anotador_207,5028,3,,,buenos_aires_amba,"[{""pos"":14,""source"":""prem"",""palabra"":""de""},{""pos"":15,""source"":""prem"",""palabra"":""esta""},{""pos"":25,""source"":""prem"",""palabra"":""a""}]"
2026-06-03 21:19:04.535836+00,anotador_261,5000,3,nunca vi inglish,,buenos_aires_amba,"[{""pos"":1,""source"":""prem"",""palabra"":""Inglish""},{""pos"":0,""source"":""hyp"",""palabra"":""Inglish""}]"
2026-06-03 21:19:52.686566+00,anotador_261,4539,5,,,buenos_aires_amba,[]
2026-06-03 21:38:52.810961+00,anotador_147,1937,4,,,buenos_aires_interior,"[{""pos"":10,""source"":""prem"",""palabra"":""temer""},{""pos"":7,""source"":""hyp"",""palabra"":""delincuente.""}]"
2026-06-03 21:39:31.41142+00,anotador_147,6175,5,,,buenos_aires_interior,[]
2026-06-03 21:40:12.562759+00,anotador_210,9999,1,,,buenos_aires_interior,[]
2026-06-03 21:40:28.953865+00,anotador_210,6443,5,,,buenos_aires_interior,[]
2026-06-03 21:40:57.843915+00,anotador_210,1261,4,,,buenos_aires_interior,[]
2026-06-03 21:41:38.178754+00,anotador_210,705,5,,,buenos_aires_interior,[]
2026-06-03 21:42:03.772806+00,anotador_210,3006,5,,,buenos_aires_interior,[]
2026-06-03 21:42:13.747094+00,anotador_210,2484,4,,,buenos_aires_interior,[]
2026-06-03 21:42:49.23107+00,anotador_210,6653,1,,,buenos_aires_interior,[]
2026-06-03 21:43:00.645975+00,anotador_210,6402,5,,,buenos_aires_interior,[]
2026-06-03 21:43:17.967099+00,anotador_210,4041,4,,,buenos_aires_interior,[]
2026-06-03 21:43:45.376888+00,anotador_210,7071,1,,,buenos_aires_interior,[]
2026-06-03 21:43:56.55184+00,anotador_210,4407,1,,,buenos_aires_interior,[]
2026-06-03 21:44:03.17241+00,anotador_210,6534,1,,,buenos_aires_interior,[]
2026-06-03 21:44:15.840819+00,anotador_210,1715,1,,,buenos_aires_interior,[]
2026-06-03 21:44:47.75588+00,anotador_210,4350,1,,,buenos_aires_interior,[]
2026-06-03 21:44:56.364999+00,anotador_210,7465,5,,,buenos_aires_interior,[]
2026-06-03 21:45:03.683448+00,anotador_210,7370,5,,,buenos_aires_interior,[]
2026-06-03 21:45:09.99565+00,anotador_147,6316,5,,,buenos_aires_interior,[]
2026-06-03 21:45:11.956287+00,anotador_210,2093,1,,,buenos_aires_interior,[]
2026-06-03 21:45:13.395137+00,anotador_089,9999,1,,,buenos_aires_interior,"[{""pos"":1,""source"":""prem"",""palabra"":""chaval""},{""pos"":2,""source"":""prem"",""palabra"":""cogió""},{""pos"":4,""source"":""prem"",""palabra"":""móvil""},{""pos"":8,""source"":""prem"",""palabra"":""piso""},{""pos"":1,""source"":""hyp"",""palabra"":""Kettering,""},{""pos"":3,""source"":""hyp"",""palabra"":""Wollongong""},{""pos"":4,""source"":""hyp"",""palabra"":""Bears""},{""pos"":7,""source"":""hyp"",""palabra"":""Tournament""},{""pos"":9,""source"":""hyp"",""palabra"":""Kilimsworth""}]"
2026-06-03 21:45:18.289075+00,anotador_147,6221,4,,,buenos_aires_interior,"[{""pos"":7,""source"":""prem"",""palabra"":""clubes""},{""pos"":28,""source"":""prem"",""palabra"":""carrusel""}]"
2026-06-03 21:45:21.201614+00,anotador_210,4173,1,,,buenos_aires_interior,[]
2026-06-03 21:45:40.609106+00,anotador_210,1903,1,,,buenos_aires_interior,[]
2026-06-03 21:45:50.259576+00,anotador_210,1680,1,,,buenos_aires_interior,[]
2026-06-03 21:45:52.602238+00,anotador_147,5368,4,,,buenos_aires_interior,[]
2026-06-03 21:46:01.577673+00,anotador_147,6155,4,,,buenos_aires_interior,"[{""pos"":16,""source"":""prem"",""palabra"":""acordes""},{""pos"":29,""source"":""prem"",""palabra"":""cacofonía""}]"
2026-06-03 21:46:09.726607+00,anotador_089,5759,5,,,buenos_aires_interior,[]
2026-06-03 21:46:22.589614+00,anotador_089,6900,4,"Casamiento,  Urbano es un nombre?",,buenos_aires_interior,"[{""pos"":1,""source"":""prem"",""palabra"":""Urbano""},{""pos"":9,""source"":""hyp"",""palabra"":""bodas""}]"
2026-06-03 21:46:27.254771+00,anotador_147,7067,5,,,buenos_aires_interior,[]
2026-06-03 21:46:35.846588+00,anotador_147,5839,5,,,buenos_aires_interior,[]
2026-06-03 21:46:49.715105+00,anotador_147,2523,5,,,buenos_aires_interior,[]
2026-06-03 21:47:02.116627+00,anotador_147,1706,5,,,buenos_aires_interior,[]
2026-06-03 21:47:18.003513+00,anotador_147,3148,5,,,buenos_aires_interior,[]
2026-06-03 21:47:25.19105+00,anotador_089,2038,3,,,buenos_aires_interior,[]
2026-06-03 21:47:33.369503+00,anotador_147,5478,5,,,buenos_aires_interior,[]
2026-06-03 21:47:45.885604+00,anotador_089,2544,4,,,buenos_aires_interior,"[{""pos"":6,""source"":""prem"",""palabra"":""stock""}]"
2026-06-03 21:47:50.005821+00,anotador_147,3585,4,,,buenos_aires_interior,"[{""pos"":9,""source"":""prem"",""palabra"":""Estado,""}]"
2026-06-03 21:47:58.796548+00,anotador_147,7214,5,,,buenos_aires_interior,[]
2026-06-03 21:48:11.758895+00,anotador_147,5289,5,,,buenos_aires_interior,[]
2026-06-03 21:48:15.641083+00,anotador_089,1716,4,,,buenos_aires_interior,"[{""pos"":3,""source"":""hyp"",""palabra"":""bruscamente.""},{""pos"":3,""source"":""prem"",""palabra"":""dudarlo.""}]"
2026-06-03 21:48:23.478577+00,anotador_147,908,5,,,buenos_aires_interior,[]
2026-06-03 21:48:31.380658+00,anotador_147,5293,4,,,buenos_aires_interior,"[{""pos"":6,""source"":""prem"",""palabra"":""falda""},{""pos"":8,""source"":""prem"",""palabra"":""falda""}]"
2026-06-03 21:48:40.77199+00,anotador_089,2907,5,,,buenos_aires_interior,[]
2026-06-03 21:48:53.92359+00,anotador_147,5241,5,,,buenos_aires_interior,[]
2026-06-03 21:49:00.679311+00,anotador_147,4594,5,,,buenos_aires_interior,[]
2026-06-03 21:49:01.763473+00,anotador_089,3412,,,,,"[{""pos"":6,""source"":""hyp"",""palabra"":""preocupaciones""}]"
2026-06-03 21:49:02.200528+00,anotador_089,3412,5,Preocupaciones de seguridad,,buenos_aires_interior,"[{""pos"":6,""source"":""hyp"",""palabra"":""preocupaciones""},{""pos"":7,""source"":""hyp"",""palabra"":""de""}]"
2026-06-03 21:49:40.727151+00,anotador_089,6997,3,,,buenos_aires_interior,"[{""pos"":8,""source"":""prem"",""palabra"":""escuela""},{""pos"":9,""source"":""prem"",""palabra"":""de""},{""pos"":10,""source"":""prem"",""palabra"":""derecho""},{""pos"":17,""source"":""prem"",""palabra"":""apropiación""},{""pos"":18,""source"":""prem"",""palabra"":""estatal""},{""pos"":22,""source"":""prem"",""palabra"":""costes""},{""pos"":23,""source"":""prem"",""palabra"":""sanitarios,""}]"
2026-06-03 21:50:10.639154+00,anotador_089,3883,,,,,"[{""pos"":18,""source"":""prem"",""palabra"":""dólar""}]"
2026-06-03 21:50:10.892486+00,anotador_089,3883,,,,,"[{""pos"":18,""source"":""prem"",""palabra"":""dólar""},{""pos"":19,""source"":""prem"",""palabra"":""por""}]"
2026-06-03 21:50:11.195591+00,anotador_089,3883,3,,,buenos_aires_interior,"[{""pos"":18,""source"":""prem"",""palabra"":""dólar""},{""pos"":19,""source"":""prem"",""palabra"":""por""},{""pos"":20,""source"":""prem"",""palabra"":""dólar.""}]"
2026-06-03 21:50:35.254073+00,anotador_089,7119,3,,,buenos_aires_interior,[]
2026-06-03 22:03:51.959454+00,anotador_261,2017,,,,,"[{""pos"":2,""source"":""prem"",""palabra"":""Nueva""}]"
2026-06-03 22:03:52.251579+00,anotador_261,2017,2,,,buenos_aires_amba,"[{""pos"":2,""source"":""prem"",""palabra"":""Nueva""},{""pos"":3,""source"":""prem"",""palabra"":""Escocia""},{""pos"":7,""source"":""prem"",""palabra"":""Istmo""},{""pos"":9,""source"":""prem"",""palabra"":""Chignecto,""},{""pos"":10,""source"":""prem"",""palabra"":""Nueva""},{""pos"":11,""source"":""prem"",""palabra"":""Brunswick""},{""pos"":0,""source"":""hyp"",""palabra"":""Nueva""},{""pos"":1,""source"":""hyp"",""palabra"":""Brunswick""}]"
2026-06-03 22:08:26.371748+00,anotador_261,4750,5,,,buenos_aires_amba,[]
2026-06-03 22:08:33.884302+00,anotador_261,1811,5,,,buenos_aires_amba,[]
2026-06-03 22:08:45.67725+00,anotador_261,6716,3,,,buenos_aires_amba,[]
2026-06-03 22:08:57.875509+00,anotador_261,3109,4,,,buenos_aires_amba,[]
2026-06-03 22:09:04.940208+00,anotador_261,2672,,,,,"[{""pos"":13,""source"":""prem"",""palabra"":""Sr.""}]"
2026-06-03 22:09:05.181851+00,anotador_261,2672,2,,,buenos_aires_amba,"[{""pos"":13,""source"":""prem"",""palabra"":""Sr.""},{""pos"":14,""source"":""prem"",""palabra"":""Delaney,""},{""pos"":18,""source"":""prem"",""palabra"":""Lawyers'""},{""pos"":19,""source"":""prem"",""palabra"":""Alliance""}]"
2026-06-03 22:10:41.227593+00,anotador_005,9999,1,,,buenos_aires_amba,"[{""pos"":1,""source"":""prem"",""palabra"":""chaval""},{""pos"":4,""source"":""prem"",""palabra"":""móvil""},{""pos"":2,""source"":""prem"",""palabra"":""cogió""},{""pos"":8,""source"":""prem"",""palabra"":""piso""},{""pos"":7,""source"":""hyp"",""palabra"":""Tournament""}]"
2026-06-03 22:11:17.441452+00,anotador_005,2703,4,,,buenos_aires_amba,[]
2026-06-03 22:11:28.035109+00,anotador_005,4498,4,,,buenos_aires_amba,[]
2026-06-03 22:11:34.743446+00,anotador_005,5875,4,,,buenos_aires_amba,[]
2026-06-03 22:11:40.735511+00,anotador_005,4252,4,,,buenos_aires_amba,[]
2026-06-03 22:11:45.549218+00,anotador_005,1368,3,,,buenos_aires_amba,"[{""pos"":21,""source"":""prem"",""palabra"":""mella""}]"
2026-06-03 22:11:57.597753+00,anotador_005,3086,4,,,buenos_aires_amba,[]
2026-06-03 22:12:02.312057+00,anotador_005,4271,4,,,buenos_aires_amba,[]
2026-06-03 22:12:05.768688+00,anotador_005,4878,3,,,buenos_aires_amba,"[{""pos"":5,""source"":""prem"",""palabra"":""droupies,""}]"
2026-06-03 22:12:12.820079+00,anotador_005,6980,3,,,buenos_aires_amba,"[{""pos"":1,""source"":""prem"",""palabra"":""jirones""}]"
2026-06-03 22:12:18.79266+00,anotador_005,2300,4,,,buenos_aires_amba,[]
2026-06-03 22:12:22.659564+00,anotador_005,3312,4,,,buenos_aires_amba,[]
2026-06-03 22:12:29.33014+00,anotador_005,1463,4,,,buenos_aires_amba,[]
2026-06-03 22:12:32.432012+00,anotador_005,5819,4,,,buenos_aires_amba,"[{""pos"":4,""source"":""prem"",""palabra"":""dorada.""}]"
2026-06-03 22:12:45.416682+00,anotador_005,1594,4,,,buenos_aires_amba,[]
2026-06-03 22:12:50.390194+00,anotador_233,9999,1,,,,"[{""pos"":1,""source"":""prem"",""palabra"":""chaval""},{""pos"":2,""source"":""prem"",""palabra"":""cogió""},{""pos"":4,""source"":""prem"",""palabra"":""móvil""},{""pos"":3,""source"":""prem"",""palabra"":""el""},{""pos"":5,""source"":""prem"",""palabra"":""y""},{""pos"":7,""source"":""prem"",""palabra"":""el""},{""pos"":8,""source"":""prem"",""palabra"":""piso""},{""pos"":6,""source"":""prem"",""palabra"":""buscó""}]"
2026-06-03 22:12:52.188673+00,anotador_005,2471,4,,,buenos_aires_amba,[]
2026-06-03 22:12:57.373581+00,anotador_005,1954,3,,,buenos_aires_amba,[]
2026-06-03 22:13:00.439832+00,anotador_005,3606,4,,,buenos_aires_amba,[]
2026-06-03 22:13:04.688959+00,anotador_005,3024,4,,,buenos_aires_amba,[]
2026-06-03 22:13:08.62384+00,anotador_005,6505,4,,,buenos_aires_amba,[]
2026-06-03 22:14:07.97663+00,anotador_233,4880,3,,,,"[{""pos"":5,""source"":""hyp"",""palabra"":""comprender""}]"
2026-06-03 22:14:39.874975+00,anotador_233,5136,5,,,,[]
2026-06-03 22:18:25.055971+00,anotador_267,9999,,,,,"[{""pos"":1,""source"":""prem"",""palabra"":""chaval""}]"
2026-06-03 22:18:25.902759+00,anotador_267,9999,,,,,"[{""pos"":1,""source"":""prem"",""palabra"":""chaval""},{""pos"":2,""source"":""prem"",""palabra"":""cogió""}]"
2026-06-03 22:18:28.527679+00,anotador_267,9999,,,,,"[{""pos"":1,""source"":""prem"",""palabra"":""chaval""},{""pos"":2,""source"":""prem"",""palabra"":""cogió""},{""pos"":4,""source"":""prem"",""palabra"":""móvil""}]"
2026-06-03 22:18:34.239333+00,anotador_267,9999,1,,,buenos_aires_amba,"[{""pos"":1,""source"":""prem"",""palabra"":""chaval""},{""pos"":2,""source"":""prem"",""palabra"":""cogió""},{""pos"":4,""source"":""prem"",""palabra"":""móvil""},{""pos"":8,""source"":""prem"",""palabra"":""piso""}]"
2026-06-03 22:18:40.882851+00,anotador_088,9999,1,,,buenos_aires_amba,"[{""pos"":1,""source"":""prem"",""palabra"":""chaval""},{""pos"":2,""source"":""prem"",""palabra"":""cogió""},{""pos"":4,""source"":""prem"",""palabra"":""móvil""},{""pos"":8,""source"":""prem"",""palabra"":""piso""},{""pos"":13,""source"":""hyp"",""palabra"":""fans.""}]"
2026-06-03 22:19:00.757781+00,anotador_267,6054,4,,,buenos_aires_amba,[]
2026-06-03 22:19:11.674111+00,anotador_088,4603,4,,,buenos_aires_amba,[]
2026-06-03 22:19:15.690344+00,anotador_267,6459,4,,,buenos_aires_amba,[]
2026-06-03 22:19:20.802778+00,anotador_267,1393,3,,,buenos_aires_amba,"[{""pos"":5,""source"":""prem"",""palabra"":""alabanza""},{""pos"":14,""source"":""prem"",""palabra"":""minan""},{""pos"":6,""source"":""hyp"",""palabra"":""minado""}]"
2026-06-03 22:19:23.563213+00,anotador_088,6049,4,,,buenos_aires_amba,[]
2026-06-03 22:19:38.030015+00,anotador_088,7327,4,,,buenos_aires_amba,[]
2026-06-03 22:19:39.865979+00,anotador_267,3277,2,,,buenos_aires_amba,"[{""pos"":6,""source"":""prem"",""palabra"":""White""},{""pos"":7,""source"":""prem"",""palabra"":""House""}]"
2026-06-03 22:19:51.923191+00,anotador_267,1902,3,,,buenos_aires_amba,"[{""pos"":8,""source"":""prem"",""palabra"":""venida""}]"
2026-06-03 22:19:55.402007+00,anotador_088,3913,5,,,buenos_aires_amba,[]
2026-06-03 22:19:57.343927+00,anotador_053,9999,1,,,,[]
2026-06-03 22:20:04.591051+00,anotador_088,7446,4,,,buenos_aires_amba,"[{""pos"":5,""source"":""hyp"",""palabra"":""ofrecer.""}]"
2026-06-03 22:20:07.228012+00,anotador_267,4833,3,,,buenos_aires_amba,[]
2026-06-03 22:20:15.68218+00,anotador_267,1229,3,,,buenos_aires_amba,"[{""pos"":15,""source"":""prem"",""palabra"":""corridos""}]"
2026-06-03 22:20:22.544965+00,anotador_053,2912,4,,,,[]
2026-06-03 22:20:26.34024+00,anotador_267,113,4,,,buenos_aires_amba,[]
2026-06-03 22:20:29.035483+00,anotador_023,9999,2,,,buenos_aires_amba,"[{""pos"":1,""source"":""prem"",""palabra"":""chaval""},{""pos"":2,""source"":""prem"",""palabra"":""cogió""},{""pos"":4,""source"":""prem"",""palabra"":""móvil""},{""pos"":8,""source"":""prem"",""palabra"":""piso""}]"
2026-06-03 22:20:32.138849+00,anotador_267,5087,4,,,buenos_aires_amba,[]
2026-06-03 22:20:33.423288+00,anotador_088,6956,4,,,buenos_aires_amba,[]
2026-06-03 22:20:33.639682+00,anotador_053,1595,3,,,,[]
2026-06-03 22:20:41.925618+00,anotador_088,2154,3,,,buenos_aires_amba,"[{""pos"":5,""source"":""prem"",""palabra"":""rodar""},{""pos"":3,""source"":""hyp"",""palabra"":""tenido""},{""pos"":2,""source"":""hyp"",""palabra"":""ha""}]"
2026-06-03 22:20:43.09687+00,anotador_267,6965,4,,,buenos_aires_amba,[]
2026-06-03 22:20:43.1145+00,anotador_053,3259,3,,,,[]
2026-06-03 22:20:48.475041+00,anotador_053,7335,3,,,,[]
2026-06-03 22:20:50.073481+00,anotador_023,1833,5,,,buenos_aires_amba,[]
2026-06-03 22:20:52.255279+00,anotador_267,1290,4,,,buenos_aires_amba,[]
2026-06-03 22:20:54.711148+00,anotador_023,5217,4,,,buenos_aires_amba,"[{""pos"":6,""source"":""prem"",""palabra"":""sabés,""}]"
2026-06-03 22:20:55.008895+00,anotador_119,9999,2,"Si, usa palabras del castellano español, muy distinto al argentino ",,buenos_aires_amba,"[{""pos"":1,""source"":""prem"",""palabra"":""chaval""},{""pos"":8,""source"":""prem"",""palabra"":""piso""},{""pos"":11,""source"":""prem"",""palabra"":""luego""},{""pos"":2,""source"":""prem"",""palabra"":""cogió""},{""pos"":4,""source"":""prem"",""palabra"":""móvil""}]"
2026-06-03 22:20:56.030147+00,anotador_053,1301,3,,,,[]
2026-06-03 22:20:56.97367+00,anotador_267,3764,5,,,buenos_aires_amba,[]
2026-06-03 22:20:57.715293+00,anotador_053,7244,4,,,,[]
2026-06-03 22:21:03.699427+00,anotador_088,2987,3,,,buenos_aires_amba,[]
2026-06-03 22:21:04.048734+00,anotador_267,7153,5,,,buenos_aires_amba,[]
2026-06-03 22:21:10.141123+00,anotador_267,5379,3,Gustó,,buenos_aires_amba,"[{""pos"":6,""source"":""prem"",""palabra"":""ha""},{""pos"":7,""source"":""prem"",""palabra"":""gustado""}]"
2026-06-03 22:21:14.817126+00,anotador_023,2570,5,,,buenos_aires_amba,[]
2026-06-03 22:21:18.173363+00,anotador_088,7121,1,,,buenos_aires_amba,[]
2026-06-03 22:21:24.379083+00,anotador_023,4059,5,,,buenos_aires_amba,[]
2026-06-03 22:21:29.032038+00,anotador_023,5130,3,,,buenos_aires_amba,"[{""pos"":2,""source"":""prem"",""palabra"":""devolví""},{""pos"":13,""source"":""prem"",""palabra"":""déjame""},{""pos"":14,""source"":""prem"",""palabra"":""acabar…""},{""pos"":2,""source"":""hyp"",""palabra"":""molesté""},{""pos"":1,""source"":""hyp"",""palabra"":""me""}]"
2026-06-03 22:21:36.638262+00,anotador_267,3013,3,Mirá,,buenos_aires_amba,"[{""pos"":5,""source"":""prem"",""palabra"":""vea""}]"
2026-06-03 22:21:36.831618+00,anotador_088,3938,4,,,buenos_aires_amba,[]
2026-06-03 22:21:44.880718+00,anotador_088,2871,3,,,buenos_aires_amba,[]
2026-06-03 22:21:53.387331+00,anotador_023,6430,5,,,buenos_aires_amba,[]
2026-06-03 22:21:55.804537+00,anotador_088,1696,3,,,buenos_aires_amba,"[{""pos"":2,""source"":""hyp"",""palabra"":""detrás""}]"
2026-06-03 22:21:57.175175+00,anotador_267,3491,5,,,buenos_aires_amba,[]
2026-06-03 22:21:58.071424+00,anotador_023,2606,5,,,buenos_aires_amba,[]
2026-06-03 22:22:00.989068+00,anotador_023,6508,4,,,buenos_aires_amba,"[{""pos"":1,""source"":""prem"",""palabra"":""consejeros""},{""pos"":4,""source"":""prem"",""palabra"":""eco""}]"
2026-06-03 22:22:07.60945+00,anotador_267,4538,3,,,buenos_aires_amba,"[{""pos"":9,""source"":""prem"",""palabra"":""resentirse""}]"
2026-06-03 22:22:08.478271+00,anotador_088,3284,5,,,buenos_aires_amba,[]
2026-06-03 22:22:14.324305+00,anotador_267,1401,3,Vas a vomitar,,buenos_aires_amba,"[{""pos"":5,""source"":""hyp"",""palabra"":""vomitarás""}]"
2026-06-03 22:22:15.851027+00,anotador_088,7002,3,,,buenos_aires_amba,[]
2026-06-03 22:22:18.53286+00,anotador_119,1762,4,,,buenos_aires_amba,[]
2026-06-03 22:22:26.270083+00,anotador_088,1293,3,,,buenos_aires_amba,"[{""pos"":0,""source"":""hyp"",""palabra"":""Añadió""}]"
2026-06-03 22:22:29.264653+00,anotador_023,6846,4,,,buenos_aires_amba,"[{""pos"":3,""source"":""hyp"",""palabra"":""son""},{""pos"":4,""source"":""hyp"",""palabra"":""todo""},{""pos"":5,""source"":""hyp"",""palabra"":""lo""}]"
2026-06-03 22:22:30.202078+00,anotador_267,6079,4,,,buenos_aires_amba,[]
2026-06-03 22:22:31.90336+00,anotador_119,3976,5,,,buenos_aires_amba,[]
2026-06-03 22:22:36.562183+00,anotador_088,1282,5,,,buenos_aires_amba,[]
2026-06-03 22:22:37.289338+00,anotador_023,3060,4,,,buenos_aires_amba,[]
2026-06-03 22:22:43.761353+00,anotador_088,2743,5,,,buenos_aires_amba,[]
2026-06-03 22:22:48.95859+00,anotador_088,450,5,,,buenos_aires_amba,[]
2026-06-03 22:22:50.852178+00,anotador_119,3127,5,,,buenos_aires_amba,[]
2026-06-03 22:22:52.145523+00,anotador_023,1332,4,,,buenos_aires_amba,"[{""pos"":0,""source"":""prem"",""palabra"":""Pasó""}]"
2026-06-03 22:23:00.438005+00,anotador_088,6407,4,,,buenos_aires_amba,[]
2026-06-03 22:23:00.71486+00,anotador_023,5979,,,,,"[{""pos"":0,""source"":""prem"",""palabra"":""Sobre""}]"
2026-06-03 22:23:01.052584+00,anotador_023,5979,3,,,buenos_aires_amba,"[{""pos"":0,""source"":""prem"",""palabra"":""Sobre""},{""pos"":1,""source"":""prem"",""palabra"":""él""},{""pos"":2,""source"":""prem"",""palabra"":""en""},{""pos"":3,""source"":""prem"",""palabra"":""la""},{""pos"":4,""source"":""prem"",""palabra"":""cubierta,""},{""pos"":10,""source"":""prem"",""palabra"":""calmado,""},{""pos"":13,""source"":""prem"",""palabra"":""ajetreo""},{""pos"":16,""source"":""prem"",""palabra"":""frenético""},{""pos"":14,""source"":""prem"",""palabra"":""activo""}]"
2026-06-03 22:23:03.192636+00,anotador_119,3528,5,,,buenos_aires_amba,[]
2026-06-03 22:23:26.424443+00,anotador_023,7152,5,,,buenos_aires_amba,[]
2026-06-03 22:23:27.779513+00,anotador_119,4937,5,,,buenos_aires_amba,[]
2026-06-03 22:23:30.305815+00,anotador_023,3543,5,,,buenos_aires_amba,"[{""pos"":7,""source"":""prem"",""palabra"":""recaudar""}]"
2026-06-03 22:23:36.720349+00,anotador_119,5020,5,,,buenos_aires_amba,[]
2026-06-03 22:23:40.198525+00,anotador_023,5248,4,,,buenos_aires_amba,[]
2026-06-03 22:23:43.268073+00,anotador_119,4480,5,,,buenos_aires_amba,[]
2026-06-03 22:23:44.151277+00,anotador_023,3689,4,,,buenos_aires_amba,"[{""pos"":3,""source"":""prem"",""palabra"":""no""},{""pos"":5,""source"":""prem"",""palabra"":""querrás""},{""pos"":6,""source"":""prem"",""palabra"":""perder""},{""pos"":4,""source"":""hyp"",""palabra"":""sucediendo""}]"
2026-06-03 22:23:57.380374+00,anotador_119,5856,5,,,buenos_aires_amba,[]
2026-06-03 22:24:07.845269+00,anotador_119,4439,5,,,buenos_aires_amba,[]
2026-06-03 22:24:18.477949+00,anotador_023,2687,4,,,buenos_aires_amba,[]
2026-06-03 22:24:23.084499+00,anotador_023,4327,4,,,buenos_aires_amba,[]
2026-06-03 22:24:23.440443+00,anotador_119,2362,3,Pasar el rato no lo encuentro como una frase que diría un argentino/a,,buenos_aires_amba,"[{""pos"":2,""source"":""hyp"",""palabra"":""pasar""},{""pos"":3,""source"":""hyp"",""palabra"":""el""},{""pos"":4,""source"":""hyp"",""palabra"":""rato""}]"
2026-06-03 22:24:28.277908+00,anotador_023,3969,5,,,buenos_aires_amba,[]
2026-06-03 22:25:24.106665+00,anotador_119,6602,5,,,buenos_aires_amba,[]
2026-06-03 22:25:32.7366+00,anotador_119,2124,5,,,buenos_aires_amba,[]
2026-06-03 22:25:34.969363+00,anotador_119,2147,5,,,buenos_aires_amba,[]
2026-06-03 22:25:45.282374+00,anotador_119,2889,5,,,buenos_aires_amba,[]
2026-06-03 22:26:00.932443+00,anotador_119,2266,3,"en vez de encontrará entiendo que un argentino diría vas a encontrar 

en vez de cientos, un argentino diría muchas 

En vez de lado izquierdo un argentino diría. a la izquierda ",,buenos_aires_amba,"[{""pos"":9,""source"":""prem"",""palabra"":""encontrará""},{""pos"":21,""source"":""prem"",""palabra"":""cientos""},{""pos"":3,""source"":""hyp"",""palabra"":""en""},{""pos"":4,""source"":""hyp"",""palabra"":""el""},{""pos"":6,""source"":""hyp"",""palabra"":""izquierdo""},{""pos"":5,""source"":""hyp"",""palabra"":""lado""}]"
2026-06-03 22:26:36.232101+00,anotador_016,9999,1,,,buenos_aires_amba,"[{""pos"":1,""source"":""prem"",""palabra"":""chaval""},{""pos"":2,""source"":""prem"",""palabra"":""cogió""},{""pos"":4,""source"":""prem"",""palabra"":""móvil""}]"
2026-06-03 22:27:11.79467+00,anotador_016,3417,3,,,buenos_aires_amba,"[{""pos"":1,""source"":""prem"",""palabra"":""localizaciones""},{""pos"":0,""source"":""prem"",""palabra"":""Esas""}]"
2026-06-03 22:27:23.814667+00,anotador_016,7251,5,,,buenos_aires_amba,[]
2026-06-03 22:28:04.111717+00,anotador_119,4010,5,,,buenos_aires_amba,[]
2026-06-03 22:28:13.963413+00,anotador_119,7350,5,,,buenos_aires_amba,[]
2026-06-03 22:28:22.806373+00,anotador_119,4548,4,Si “encontrás” en vez de si encuentra ,,buenos_aires_amba,"[{""pos"":1,""source"":""prem"",""palabra"":""encuentra""}]"
2026-06-03 22:29:03.795938+00,anotador_119,1556,4,"Un argentino no diría prisa, sino que en su lugar usaría la frase “esta apurado”",,buenos_aires_amba,"[{""pos"":4,""source"":""hyp"",""palabra"":""prisa""}]"
2026-06-03 22:29:12.101794+00,anotador_161,2295,4,no se usa la palabra resort,,buenos_aires_amba,"[{""pos"":22,""source"":""prem"",""palabra"":""resort,""}]"
2026-06-03 22:29:40.784438+00,anotador_161,5598,4,reemplazar el ha terminado,,buenos_aires_amba,"[{""pos"":4,""source"":""hyp"",""palabra"":""ha""},{""pos"":5,""source"":""hyp"",""palabra"":""terminado.""}]"
2026-06-03 22:30:23.086443+00,anotador_161,82,3,,,buenos_aires_amba,"[{""pos"":2,""source"":""hyp"",""palabra"":""tienda""}]"
2026-06-03 22:30:51.281197+00,anotador_161,2986,4,,,buenos_aires_amba,[]
2026-06-03 22:31:16.914453+00,anotador_161,537,4,esta rara la puntuacion,,buenos_aires_amba,[]
2026-06-03 22:32:07.068319+00,anotador_161,2933,3,reclamaciones no es muy comun y ricos no suele usarse como tal,,buenos_aires_amba,"[{""pos"":15,""source"":""prem"",""palabra"":""reclamaciones""},{""pos"":4,""source"":""hyp"",""palabra"":""ricos.""}]"
2026-06-03 22:33:06.768282+00,anotador_161,3274,4,retrasados puede ser reemplazada x otra palabra y el orden de la primera oracion es confuso,,buenos_aires_amba,"[{""pos"":3,""source"":""hyp"",""palabra"":""retrasados""}]"
2026-06-03 22:35:49.004522+00,anotador_140,9999,1,,,,"[{""pos"":1,""source"":""prem"",""palabra"":""chaval""},{""pos"":2,""source"":""prem"",""palabra"":""cogió""},{""pos"":4,""source"":""prem"",""palabra"":""móvil""}]"
2026-06-03 22:36:17.109127+00,anotador_140,4045,4,,,,[]
2026-06-03 22:40:15.644593+00,anotador_161,4193,4,faltan conectores en la primera oracion,,buenos_aires_amba,[]
2026-06-03 22:40:56.72435+00,anotador_068,9999,1,,,buenos_aires_amba,[]
2026-06-03 22:41:02.548275+00,anotador_068,2237,4,,,buenos_aires_amba,[]
2026-06-03 22:41:10.851665+00,anotador_161,7077,3,faltan conectores,,buenos_aires_amba,[]
2026-06-03 22:41:25.241232+00,anotador_068,3869,3,,,buenos_aires_amba,[]
2026-06-03 22:41:30.095804+00,anotador_161,1714,4,,,buenos_aires_amba,[]
2026-06-03 22:41:32.969612+00,anotador_068,2647,4,,,buenos_aires_amba,[]
2026-06-03 22:41:41.814298+00,anotador_068,5178,4,,,buenos_aires_amba,[]
2026-06-03 22:41:45.968625+00,anotador_161,2065,4,,,buenos_aires_amba,"[{""pos"":3,""source"":""hyp"",""palabra"":""fuera,""}]"
2026-06-03 22:41:49.097503+00,anotador_068,2359,4,,,buenos_aires_amba,[]
2026-06-03 22:41:56.194949+00,anotador_131,2426,2,"""salir"" se usa más en argentina que ""valer""",,buenos_aires_amba,"[{""pos"":2,""source"":""hyp"",""palabra"":""valía""}]"
2026-06-03 22:41:57.130546+00,anotador_161,3534,4,"fue x es, ",,buenos_aires_amba,"[{""pos"":14,""source"":""prem"",""palabra"":""es""}]"
2026-06-03 22:41:58.148509+00,anotador_068,1115,4,,,buenos_aires_amba,[]
2026-06-03 22:42:02.616204+00,anotador_068,6466,4,,,buenos_aires_amba,[]
2026-06-03 22:42:08.266646+00,anotador_068,1333,3,,,buenos_aires_amba,[]
2026-06-03 22:42:14.881699+00,anotador_068,1946,4,,,buenos_aires_amba,[]
2026-06-03 22:42:22.520457+00,anotador_068,5424,3,,,buenos_aires_amba,[]
2026-06-03 22:42:25.712341+00,anotador_068,5017,3,,,buenos_aires_amba,[]
2026-06-03 22:42:27.845953+00,anotador_131,5303,3,,,buenos_aires_amba,[]
2026-06-03 22:42:30.545708+00,anotador_068,5703,2,,,buenos_aires_amba,[]
2026-06-03 22:42:31.937628+00,anotador_161,5331,2,"pensaria no se usa solo al final de una oracion, sea x es, popular no coincide con el sentido de la oracion",,buenos_aires_amba,"[{""pos"":26,""source"":""prem"",""palabra"":""pensaría""},{""pos"":7,""source"":""hyp"",""palabra"":""popular""},{""pos"":6,""source"":""hyp"",""palabra"":""es""}]"
2026-06-03 22:42:33.64268+00,anotador_131,7126,,,,,"[{""pos"":5,""source"":""prem"",""palabra"":""al""}]"
2026-06-03 22:42:33.888716+00,anotador_131,7126,1,"""por lo menos"" suena más argentino que ""al menos"". ""Sobre"" suena más argentino que ""acerca""",,buenos_aires_amba,"[{""pos"":5,""source"":""prem"",""palabra"":""al""},{""pos"":6,""source"":""prem"",""palabra"":""menos""},{""pos"":7,""source"":""hyp"",""palabra"":""acerca""}]"
2026-06-03 22:42:41.220251+00,anotador_068,6794,4,,,buenos_aires_amba,[]
2026-06-03 22:42:49.846738+00,anotador_068,1912,4,,,buenos_aires_amba,[]
2026-06-03 22:42:58.498504+00,anotador_068,7025,4,,,buenos_aires_amba,[]
2026-06-03 22:43:05.48028+00,anotador_068,2153,4,,,buenos_aires_amba,[]
2026-06-03 22:43:12.867786+00,anotador_068,1865,4,,,buenos_aires_amba,[]
2026-06-03 22:43:22.311169+00,anotador_068,4310,2,,,buenos_aires_amba,[]
2026-06-03 22:43:29.135978+00,anotador_068,2941,3,,,buenos_aires_amba,[]
2026-06-03 22:43:36.458365+00,anotador_131,4965,2,"""se descubrió"" suena más argentino que ""se ha descubierto"". ""Talle"" suena más argentino que ""talla""",,buenos_aires_amba,"[{""pos"":6,""source"":""prem"",""palabra"":""se""},{""pos"":7,""source"":""prem"",""palabra"":""ha""},{""pos"":8,""source"":""prem"",""palabra"":""descubierto""},{""pos"":3,""source"":""hyp"",""palabra"":""tallas.""}]"
2026-06-03 22:44:11.790917+00,anotador_161,1470,3,"esta myy connfusa la primera oracion, repeticiones y falta de cohesion",,buenos_aires_amba,[]
2026-06-03 22:44:36.327791+00,anotador_161,6674,4,,,buenos_aires_amba,[]
2026-06-03 22:44:53.430168+00,anotador_161,7336,4,,,buenos_aires_amba,[]
2026-06-03 22:45:29.239319+00,anotador_161,2000,3,"faltan los guiones de dialogo, no esta claro",,buenos_aires_amba,[]
2026-06-03 22:46:03.017705+00,anotador_161,5470,3,"se separa la oracion sin sentido alguno, cartel x letrero, señales x señas",,buenos_aires_amba,"[{""pos"":6,""source"":""hyp"",""palabra"":""señas""},{""pos"":7,""source"":""prem"",""palabra"":""letrero""}]"
2026-06-03 22:46:27.400721+00,anotador_300,9999,2,,,buenos_aires_amba,"[{""pos"":1,""source"":""prem"",""palabra"":""chaval""},{""pos"":4,""source"":""prem"",""palabra"":""móvil""},{""pos"":7,""source"":""hyp"",""palabra"":""Tournament""},{""pos"":8,""source"":""hyp"",""palabra"":""of""}]"
2026-06-03 22:46:50.80313+00,anotador_131,5391,4,,,buenos_aires_amba,[]
2026-06-03 22:46:59.002578+00,anotador_161,1746,4,,,buenos_aires_amba,[]
2026-06-03 22:47:12.253553+00,anotador_300,1999,5,,,buenos_aires_amba,[]
2026-06-03 22:47:17.666627+00,anotador_161,2601,3,quedaria mejor centro que capital (es muy amplio),,buenos_aires_amba,"[{""pos"":1,""source"":""hyp"",""palabra"":""capitales""},{""pos"":3,""source"":""prem"",""palabra"":""capital""}]"
2026-06-03 22:47:23.236714+00,anotador_300,4751,5,,,buenos_aires_amba,[]
2026-06-03 22:47:30.322517+00,anotador_300,6670,5,,,buenos_aires_amba,[]
2026-06-03 22:47:42.996293+00,anotador_300,6747,4,,,buenos_aires_amba,"[{""pos"":16,""source"":""prem"",""palabra"":""North""},{""pos"":17,""source"":""prem"",""palabra"":""Tower""}]"
2026-06-03 22:47:59.983485+00,anotador_300,5997,4,,,buenos_aires_amba,[]
2026-06-03 22:48:07.913931+00,anotador_300,4666,5,,,buenos_aires_amba,[]
2026-06-03 22:48:13.775527+00,anotador_300,1785,5,,,buenos_aires_amba,[]
2026-06-03 22:48:20.963457+00,anotador_300,5746,5,,,buenos_aires_amba,[]
2026-06-03 22:48:32.808945+00,anotador_300,5526,5,,,buenos_aires_amba,[]
2026-06-03 22:48:38.736737+00,anotador_300,7149,5,,,buenos_aires_amba,[]
2026-06-03 22:48:52.355556+00,anotador_300,6932,5,,,buenos_aires_amba,[]
2026-06-03 22:48:58.053877+00,anotador_300,6901,5,,,buenos_aires_amba,[]
2026-06-03 22:49:05.58775+00,anotador_300,2211,5,,,buenos_aires_amba,[]
2026-06-03 22:49:14.576884+00,anotador_182,9999,1,Los nombres propios de la segunda oración,,buenos_aires_amba,"[{""pos"":2,""source"":""prem"",""palabra"":""cogió""},{""pos"":4,""source"":""prem"",""palabra"":""móvil""},{""pos"":1,""source"":""hyp"",""palabra"":""Kettering,""},{""pos"":3,""source"":""hyp"",""palabra"":""Wollongong""},{""pos"":4,""source"":""hyp"",""palabra"":""Bears""},{""pos"":7,""source"":""hyp"",""palabra"":""Tournament""},{""pos"":8,""source"":""hyp"",""palabra"":""of""},{""pos"":9,""source"":""hyp"",""palabra"":""Kilimsworth""}]"
2026-06-03 22:49:15.565983+00,anotador_300,4998,5,,,buenos_aires_amba,[]
2026-06-03 22:49:24.565216+00,anotador_300,3186,5,,,buenos_aires_amba,[]
2026-06-03 22:49:33.909332+00,anotador_300,3468,5,,,buenos_aires_amba,[]
2026-06-03 22:49:48.304507+00,anotador_300,4936,5,,,buenos_aires_amba,[]
2026-06-03 22:50:01.218498+00,anotador_300,5779,5,,,buenos_aires_amba,[]
2026-06-03 22:50:09.358597+00,anotador_300,3879,4,,,buenos_aires_amba,"[{""pos"":10,""source"":""hyp"",""palabra"":""escuela""}]"
2026-06-03 22:50:32.475352+00,anotador_182,5276,5,,,buenos_aires_amba,[]
2026-06-03 22:50:47.843633+00,anotador_182,6317,5,,,buenos_aires_amba,[]
2026-06-03 22:51:08.231135+00,anotador_182,4555,3,"Diría más bien ""gente"" que sujetos y ""extranjero"" o un sinónimo que forastero",,buenos_aires_amba,"[{""pos"":21,""source"":""prem"",""palabra"":""forastero""},{""pos"":14,""source"":""hyp"",""palabra"":""forasteros.""},{""pos"":5,""source"":""prem"",""palabra"":""sujetos""},{""pos"":6,""source"":""prem"",""palabra"":""estén""},{""pos"":7,""source"":""prem"",""palabra"":""prohibidos,""},{""pos"":4,""source"":""prem"",""palabra"":""estos""}]"
2026-06-03 22:51:52.333241+00,anotador_182,6429,5,,,buenos_aires_amba,[]
2026-06-03 22:52:01.623638+00,anotador_182,5114,3,Sabés en vez de sabes,,buenos_aires_amba,"[{""pos"":20,""source"":""prem"",""palabra"":""sabes,""}]"
2026-06-03 22:52:16.55583+00,anotador_182,6465,5,,,buenos_aires_amba,[]
2026-06-03 22:52:30.970313+00,anotador_182,1545,5,,,buenos_aires_amba,[]
2026-06-03 22:52:42.915196+00,anotador_182,4360,5,,,buenos_aires_amba,[]
2026-06-03 22:52:53.502445+00,anotador_182,5002,5,,,buenos_aires_amba,[]
2026-06-03 22:53:01.739921+00,anotador_182,6515,5,,,buenos_aires_amba,[]
2026-06-03 22:53:05.865727+00,anotador_182,1271,5,,,buenos_aires_amba,[]
2026-06-03 22:53:11.689025+00,anotador_182,6926,5,,,buenos_aires_amba,[]
2026-06-03 22:53:20.794235+00,anotador_182,4829,4,,,buenos_aires_amba,[]
2026-06-03 22:53:38.056459+00,anotador_182,1207,5,,,buenos_aires_amba,[]
2026-06-03 22:53:45.475853+00,anotador_182,6474,5,,,buenos_aires_amba,[]
2026-06-03 22:53:55.634308+00,anotador_182,3496,5,,,buenos_aires_amba,[]
2026-06-03 22:53:59.922875+00,anotador_182,7386,5,,,buenos_aires_amba,[]
2026-06-03 22:54:05.901296+00,anotador_182,4794,5,,,buenos_aires_amba,[]
2026-06-03 22:54:10.755818+00,anotador_182,6893,5,,,buenos_aires_amba,[]
2026-06-03 22:55:55.914026+00,anotador_261,5736,2,,,buenos_aires_amba,"[{""pos"":0,""source"":""prem"",""palabra"":""7),""},{""pos"":19,""source"":""prem"",""palabra"":""(Cv""},{""pos"":20,""source"":""prem"",""palabra"":""=""},{""pos"":21,""source"":""prem"",""palabra"":""1,3).""}]"
2026-06-03 22:56:15.802652+00,anotador_131,3866,3,,,buenos_aires_amba,"[{""pos"":2,""source"":""prem"",""palabra"":""adicional,""}]"
2026-06-03 22:57:20.186605+00,anotador_131,6811,3,,,buenos_aires_amba,[]
2026-06-03 22:58:24.695128+00,anotador_131,4691,2,"Se suele omitir ""aquellos""",,buenos_aires_amba,"[{""pos"":0,""source"":""hyp"",""palabra"":""Aquellos""}]"
2026-06-03 22:58:50.407264+00,anotador_131,3484,1,"""KSM le pudo haber dicho a Binalshibh que le mande plata..."" suena más argentino ",,buenos_aires_amba,"[{""pos"":8,""source"":""prem"",""palabra"":""dinero""},{""pos"":1,""source"":""prem"",""palabra"":""puede""},{""pos"":2,""source"":""prem"",""palabra"":""haber""},{""pos"":3,""source"":""prem"",""palabra"":""ordenado""},{""pos"":7,""source"":""prem"",""palabra"":""envíe""}]"
2026-06-03 23:00:05.836143+00,anotador_131,2090,1,"""muestra"" más argentino que ""presenta"". ""Va a haber"" suena más argentino que ""habrá""",,buenos_aires_amba,"[{""pos"":7,""source"":""prem"",""palabra"":""presenta""},{""pos"":4,""source"":""hyp"",""palabra"":""habrá""}]"
2026-06-03 23:01:28.105018+00,anotador_131,3845,1,"""todavía"" suena más argentino que ""aún"". ""Seguir"" suena más argentino que ""continuar""",,buenos_aires_amba,"[{""pos"":7,""source"":""prem"",""palabra"":""aún""},{""pos"":12,""source"":""prem"",""palabra"":""continuar""},{""pos"":8,""source"":""hyp"",""palabra"":""en""},{""pos"":9,""source"":""hyp"",""palabra"":""marcha.""}]"
2026-06-03 23:02:50.079197+00,anotador_131,6286,2,"""Entienda"" suena más argentino que ""comprenda""",,buenos_aires_amba,"[{""pos"":21,""source"":""prem"",""palabra"":""comprenda""}]"
2026-06-03 23:03:24.838264+00,anotador_131,2813,1,,,buenos_aires_amba,"[{""pos"":16,""source"":""prem"",""palabra"":""ha""},{""pos"":17,""source"":""prem"",""palabra"":""estado""},{""pos"":25,""source"":""prem"",""palabra"":""ha""},{""pos"":26,""source"":""prem"",""palabra"":""cruzado""},{""pos"":30,""source"":""prem"",""palabra"":""hacia""}]"
2026-06-03 23:04:34.065549+00,anotador_131,5928,1,,,buenos_aires_amba,"[{""pos"":1,""source"":""prem"",""palabra"":""será""},{""pos"":2,""source"":""prem"",""palabra"":""acerca""}]"
2026-06-03 23:05:01.859085+00,anotador_131,6838,2,,,buenos_aires_amba,"[{""pos"":2,""source"":""prem"",""palabra"":""comenzó""}]"
2026-06-03 23:05:10.63688+00,anotador_131,4290,2,,,buenos_aires_amba,"[{""pos"":20,""source"":""prem"",""palabra"":""han""},{""pos"":21,""source"":""prem"",""palabra"":""hecho""}]"
2026-06-03 23:05:24.084212+00,anotador_131,1772,3,,,buenos_aires_amba,"[{""pos"":13,""source"":""hyp"",""palabra"":""permitió""}]"
2026-06-03 23:05:36.68325+00,anotador_131,1434,3,,,buenos_aires_amba,[]
2026-06-03 23:05:45.75371+00,anotador_131,1835,,,,,"[{""pos"":3,""source"":""hyp"",""palabra"":""San""}]"
2026-06-03 23:05:46.237757+00,anotador_131,1835,2,,,buenos_aires_amba,"[{""pos"":2,""source"":""hyp"",""palabra"":""hacia""}]"
2026-06-03 23:06:48.093055+00,anotador_131,2326,3,,,buenos_aires_amba,[]
2026-06-03 23:11:32.323496+00,anotador_001,9999,2,no traducir Tournament,,buenos_aires_amba,"[{""pos"":1,""source"":""prem"",""palabra"":""chaval""},{""pos"":2,""source"":""prem"",""palabra"":""cogió""}]"
2026-06-03 23:12:44.179833+00,anotador_001,2121,3,Poco usual en rioplatense ese tiempo verbal,,buenos_aires_amba,"[{""pos"":0,""source"":""hyp"",""palabra"":""Han""},{""pos"":1,""source"":""hyp"",""palabra"":""prohibido""}]"
2026-06-03 23:13:22.632266+00,anotador_001,3291,4,,,buenos_aires_amba,[]
2026-06-03 23:13:28.347424+00,anotador_001,4085,5,,,buenos_aires_amba,[]
2026-06-03 23:13:34.379137+00,anotador_001,2577,5,,,buenos_aires_amba,[]
2026-06-03 23:13:41.240302+00,anotador_001,1773,5,,,buenos_aires_amba,[]
2026-06-03 23:13:47.081298+00,anotador_001,5786,5,,,buenos_aires_amba,"[{""pos"":6,""source"":""prem"",""palabra"":""granuja""}]"
2026-06-03 23:14:00.864269+00,anotador_001,4507,5,,,buenos_aires_amba,[]
2026-06-03 23:14:13.911843+00,anotador_001,3951,5,,,buenos_aires_amba,[]
2026-06-03 23:14:21.744687+00,anotador_001,2220,5,,,buenos_aires_amba,[]
2026-06-03 23:14:32.122314+00,anotador_001,6595,5,,,buenos_aires_amba,[]
2026-06-03 23:14:36.400763+00,anotador_001,4481,5,,,buenos_aires_amba,[]
2026-06-03 23:14:39.202623+00,anotador_001,7349,5,,,buenos_aires_amba,[]
2026-06-03 23:14:46.174759+00,anotador_001,5074,2,teníamos que ver,,buenos_aires_amba,"[{""pos"":3,""source"":""hyp"",""palabra"":""debíamos""},{""pos"":4,""source"":""hyp"",""palabra"":""mirar""}]"
2026-06-03 23:15:06.129342+00,anotador_001,2887,5,,,buenos_aires_amba,[]
2026-06-03 23:15:21.430234+00,anotador_001,2451,5,,,buenos_aires_amba,[]
2026-06-03 23:15:28.081313+00,anotador_001,1667,5,,,buenos_aires_amba,[]
2026-06-03 23:15:38.669296+00,anotador_001,2080,5,,,buenos_aires_amba,[]
2026-06-03 23:15:45.882426+00,anotador_001,1650,5,,,buenos_aires_amba,[]
2026-06-03 23:16:00.993702+00,anotador_001,4802,3,,,buenos_aires_amba,[]
2026-06-03 23:16:50.288844+00,anotador_261,2361,3,,,buenos_aires_amba,"[{""pos"":9,""source"":""prem"",""palabra"":""bares""},{""pos"":10,""source"":""prem"",""palabra"":""marrones,""}]"
2026-06-03 23:19:59.543556+00,anotador_188,9999,1,,,buenos_aires_interior,[]
2026-06-03 23:20:22.514633+00,anotador_188,5689,3,,,buenos_aires_interior,[]
2026-06-03 23:20:37.163103+00,anotador_188,3302,4,,,buenos_aires_interior,[]
2026-06-03 23:20:49.694201+00,anotador_188,7010,3,,,buenos_aires_interior,[]
2026-06-03 23:21:01.114885+00,anotador_188,7316,4,,,buenos_aires_interior,[]
2026-06-03 23:21:09.271344+00,anotador_188,2162,4,,,buenos_aires_interior,[]
2026-06-03 23:21:27.254588+00,anotador_188,5079,4,,,buenos_aires_interior,[]
2026-06-03 23:21:39.77658+00,anotador_188,1360,3,,,buenos_aires_interior,[]
2026-06-03 23:21:46.688307+00,anotador_188,5989,5,,,buenos_aires_interior,[]
2026-06-03 23:22:00.492057+00,anotador_188,6399,5,,,buenos_aires_interior,[]
2026-06-03 23:22:09.142514+00,anotador_188,4426,4,,,buenos_aires_interior,[]
2026-06-03 23:22:18.591275+00,anotador_188,1237,3,,,buenos_aires_interior,[]
2026-06-03 23:22:25.550284+00,anotador_188,4410,3,,,buenos_aires_interior,[]
2026-06-03 23:22:35.923843+00,anotador_188,5048,3,,,buenos_aires_interior,[]
2026-06-03 23:22:39.429539+00,anotador_261,6191,3,,,,[]
2026-06-03 23:22:39.658278+00,anotador_261,6191,3,,,buenos_aires_amba,[]
2026-06-03 23:22:42.981504+00,anotador_261,3026,1,,,buenos_aires_amba,"[{""pos"":2,""source"":""prem"",""palabra"":""Moussaoui,""},{""pos"":12,""source"":""prem"",""palabra"":""KSM""},{""pos"":23,""source"":""prem"",""palabra"":""Abderraouf""},{""pos"":24,""source"":""prem"",""palabra"":""Jdey,""}]"
2026-06-03 23:22:44.94293+00,anotador_188,6331,4,,,buenos_aires_interior,[]
2026-06-03 23:22:53.985168+00,anotador_188,902,5,,,buenos_aires_interior,[]
2026-06-03 23:23:04.463904+00,anotador_188,5014,5,,,buenos_aires_interior,[]
2026-06-03 23:23:14.197009+00,anotador_188,4970,4,,,buenos_aires_interior,[]
2026-06-03 23:23:22.497015+00,anotador_188,2226,3,,,buenos_aires_interior,[]
2026-06-03 23:23:33.627005+00,anotador_188,5605,3,,,buenos_aires_interior,[]
2026-06-03 23:49:10.76709+00,anotador_142,9999,1,,,buenos_aires_amba,[]
2026-06-03 23:49:15.98995+00,anotador_142,5314,5,,,buenos_aires_amba,[]
2026-06-03 23:49:29.435398+00,anotador_142,4201,4,,,buenos_aires_amba,[]
2026-06-03 23:49:41.274595+00,anotador_142,1709,2,,,buenos_aires_amba,[]
2026-06-03 23:49:51.526087+00,anotador_142,3350,4,,,buenos_aires_amba,[]
2026-06-03 23:50:01.840938+00,anotador_142,5585,5,,,buenos_aires_amba,[]
2026-06-03 23:50:06.800324+00,anotador_142,4453,5,,,buenos_aires_amba,[]
2026-06-03 23:50:12.618439+00,anotador_142,569,3,,,buenos_aires_amba,[]
2026-06-03 23:50:19.426082+00,anotador_142,5281,5,,,buenos_aires_amba,[]
2026-06-03 23:50:28.839859+00,anotador_142,3525,5,,,buenos_aires_amba,[]
2026-06-03 23:50:40.586071+00,anotador_142,6124,3,,,buenos_aires_amba,[]
2026-06-03 23:50:48.504073+00,anotador_142,4607,2,,,buenos_aires_amba,[]
2026-06-03 23:50:54.36319+00,anotador_142,21,1,,,buenos_aires_amba,[]
2026-06-03 23:51:00.414437+00,anotador_142,2621,5,,,buenos_aires_amba,[]
2026-06-03 23:51:07.100467+00,anotador_142,2699,5,,,buenos_aires_amba,[]
2026-06-03 23:51:12.793503+00,anotador_142,6340,5,,,buenos_aires_amba,[]
2026-06-03 23:51:20.091355+00,anotador_142,6906,4,,,buenos_aires_amba,[]
2026-06-03 23:51:25.575808+00,anotador_142,1436,2,,,buenos_aires_amba,[]
2026-06-03 23:51:33.350578+00,anotador_142,5340,3,,,buenos_aires_amba,[]
2026-06-03 23:51:40.514748+00,anotador_142,2210,5,,,buenos_aires_amba,[]
2026-06-03 23:58:06.471095+00,anotador_261,1246,5,,,buenos_aires_amba,[]
2026-06-04 00:02:07.645948+00,anotador_139,9999,2,,,,"[{""pos"":1,""source"":""hyp"",""palabra"":""Kettering,""},{""pos"":1,""source"":""prem"",""palabra"":""chaval""},{""pos"":2,""source"":""prem"",""palabra"":""cogió""},{""pos"":4,""source"":""prem"",""palabra"":""móvil""},{""pos"":8,""source"":""prem"",""palabra"":""piso""},{""pos"":3,""source"":""hyp"",""palabra"":""Wollongong""},{""pos"":4,""source"":""hyp"",""palabra"":""Bears""},{""pos"":7,""source"":""hyp"",""palabra"":""Tournament""},{""pos"":9,""source"":""hyp"",""palabra"":""Kilimsworth""}]"
2026-06-04 00:02:49.853459+00,anotador_139,6468,4,,,,[]
2026-06-04 00:03:51.682594+00,anotador_139,3058,5,,,,[]
2026-06-04 00:03:58.666217+00,anotador_139,288,3,,,,"[{""pos"":11,""source"":""prem"",""palabra"":""sabes,""},{""pos"":16,""source"":""prem"",""palabra"":""sabes,""},{""pos"":17,""source"":""prem"",""palabra"":""regañarme""}]"
2026-06-04 00:04:01.928114+00,anotador_185,9999,1,,,buenos_aires_interior,[]
2026-06-04 00:04:12.78696+00,anotador_185,3805,4,,,buenos_aires_interior,[]
2026-06-04 00:04:33.801405+00,anotador_139,7368,3,,,,"[{""pos"":6,""source"":""hyp"",""palabra"":""periódico""},{""pos"":0,""source"":""prem"",""palabra"":""Recordemos""}]"
2026-06-04 00:04:45.188798+00,anotador_185,4727,3,,,buenos_aires_interior,[]
2026-06-04 00:04:50.030145+00,anotador_139,5852,3,,,,"[{""pos"":0,""source"":""prem"",""palabra"":""¡Espera!""},{""pos"":6,""source"":""prem"",""palabra"":""capitán,""},{""pos"":1,""source"":""hyp"",""palabra"":""Capitán""}]"
2026-06-04 00:04:54.460038+00,anotador_185,6525,3,,,buenos_aires_interior,[]
2026-06-04 00:05:06.259534+00,anotador_185,2273,5,,,buenos_aires_interior,[]
2026-06-04 00:05:16.854509+00,anotador_185,5032,1,,,buenos_aires_interior,[]
2026-06-04 00:05:34.243825+00,anotador_139,5025,5,,,,[]
2026-06-04 00:05:35.514815+00,anotador_185,1416,2,,,buenos_aires_interior,[]
2026-06-04 00:05:39.147211+00,anotador_139,4396,4,,,,"[{""pos"":4,""source"":""prem"",""palabra"":""motel""},{""pos"":6,""source"":""hyp"",""palabra"":""motel.""}]"
2026-06-04 00:05:45.465923+00,anotador_185,4369,3,,,buenos_aires_interior,[]
2026-06-04 00:06:02.881506+00,anotador_185,6467,4,,,buenos_aires_interior,[]
2026-06-04 00:06:04.451359+00,anotador_139,6359,5,,,,[]
2026-06-04 00:06:09.635957+00,anotador_185,6933,2,,,buenos_aires_interior,[]
2026-06-04 00:06:13.448131+00,anotador_139,5364,5,,,,[]
2026-06-04 00:06:25.314034+00,anotador_185,2188,3,,,buenos_aires_interior,[]
2026-06-04 00:06:28.242003+00,anotador_139,2612,5,,,,[]
2026-06-04 00:06:40.492571+00,anotador_139,5493,5,,,,[]
2026-06-04 00:06:49.832234+00,anotador_139,7148,5,,,,[]
2026-06-04 00:06:57.994069+00,anotador_185,6347,2,,,buenos_aires_interior,[]
2026-06-04 00:06:58.761531+00,anotador_139,665,5,,,,[]
2026-06-04 00:07:10.253776+00,anotador_185,4308,3,,,buenos_aires_interior,[]
2026-06-04 00:07:13.506446+00,anotador_139,162,5,,,,[]
2026-06-04 00:07:20.197274+00,anotador_185,2721,3,,,buenos_aires_interior,[]
2026-06-04 00:07:27.299847+00,anotador_185,5416,4,,,buenos_aires_interior,[]
2026-06-04 00:07:36.3094+00,anotador_139,1810,5,,,,[]
2026-06-04 00:07:38.779173+00,anotador_185,4476,3,,,buenos_aires_interior,[]
2026-06-04 00:07:48.670192+00,anotador_139,1836,5,,,,[]
2026-06-04 00:07:58.950921+00,anotador_139,1589,4,,,,[]
2026-06-04 00:08:07.717185+00,anotador_139,5929,4,,,,[]
2026-06-04 00:08:08.052611+00,anotador_185,1735,2,,,buenos_aires_interior,[]
2026-06-04 00:08:24.121941+00,anotador_139,4822,4,,,,[]
2026-06-04 00:08:30.013457+00,anotador_185,5838,3,,,buenos_aires_interior,[]
2026-06-04 00:08:49.191904+00,anotador_185,3919,4,,,buenos_aires_interior,[]
2026-06-04 00:09:01.70569+00,anotador_185,5620,3,,,buenos_aires_interior,[]
2026-06-04 00:12:23.702733+00,anotador_261,1725,3,soldado,,buenos_aires_amba,"[{""pos"":5,""source"":""prem"",""palabra"":""tirador""}]"
2026-06-04 00:12:49.51918+00,anotador_261,7248,,,,,"[{""pos"":7,""source"":""prem"",""palabra"":""Podhoretz""}]"
2026-06-04 00:12:49.783608+00,anotador_261,7248,2,,,buenos_aires_amba,"[{""pos"":7,""source"":""prem"",""palabra"":""Podhoretz""},{""pos"":9,""source"":""prem"",""palabra"":""Decter""},{""pos"":0,""source"":""hyp"",""palabra"":""¡Decter""}]"
2026-06-04 00:13:04.75395+00,anotador_261,4837,4,,,buenos_aires_amba,"[{""pos"":12,""source"":""prem"",""palabra"":""prestidigitador""}]"
2026-06-04 00:13:15.498616+00,anotador_261,2074,3,"parque nacional de argentina usa, el que esta en chaco El Impenetrable",,buenos_aires_amba,"[{""pos"":4,""source"":""prem"",""palabra"":""Kinabalu""},{""pos"":11,""source"":""hyp"",""palabra"":""Kinabalu.""}]"
2026-06-04 00:20:37.525772+00,anotador_261,5358,,,,,"[{""pos"":1,""source"":""prem"",""palabra"":""no""}]"
2026-06-04 00:20:38.261588+00,anotador_261,5358,4,,,buenos_aires_amba,[]
2026-06-04 00:20:54.890831+00,anotador_090,2754,3,,,buenos_aires_amba,"[{""pos"":8,""source"":""prem"",""palabra"":""informes""}]"
2026-06-04 00:21:43.116551+00,anotador_090,5642,4,,,buenos_aires_amba,[]
2026-06-04 00:21:45.982101+00,anotador_261,2727,4,,,buenos_aires_amba,[]
2026-06-04 00:21:59.532812+00,anotador_090,3771,4,,,buenos_aires_amba,[]
2026-06-04 00:22:10.878798+00,anotador_090,4465,4,,,buenos_aires_amba,[]
2026-06-04 00:22:22.799002+00,anotador_090,1693,3,,,buenos_aires_amba,[]
2026-06-04 00:22:37.633002+00,anotador_090,2054,2,,,buenos_aires_amba,[]
2026-06-04 00:22:51.286099+00,anotador_090,2777,2,,,buenos_aires_amba,[]
2026-06-04 00:22:55.632351+00,anotador_261,2208,2,kilos,,buenos_aires_amba,"[{""pos"":5,""source"":""hyp"",""palabra"":""libras.""}]"
2026-06-04 00:23:00.725136+00,anotador_090,6146,1,,,buenos_aires_amba,[]
2026-06-04 00:23:08.330089+00,anotador_261,2870,4,,,buenos_aires_amba,[]
2026-06-04 00:23:12.577418+00,anotador_261,4527,3,,,buenos_aires_amba,[]
2026-06-04 00:23:13.127656+00,anotador_090,4319,2,,,buenos_aires_amba,[]
2026-06-04 00:23:24.679994+00,anotador_090,1968,3,,,buenos_aires_amba,[]
2026-06-04 00:23:37.858757+00,anotador_090,1054,4,,,buenos_aires_amba,[]
2026-06-04 00:23:44.403042+00,anotador_261,5137,5,,,buenos_aires_amba,[]
2026-06-04 00:23:48.408562+00,anotador_090,5672,5,,,buenos_aires_amba,[]
2026-06-04 00:23:56.334719+00,anotador_261,4642,4,,,buenos_aires_amba,[]
2026-06-04 00:24:00.946824+00,anotador_090,6855,3,,,buenos_aires_amba,[]
2026-06-04 00:24:05.340589+00,anotador_261,7118,4,,,buenos_aires_amba,[]
2026-06-04 00:24:10.234439+00,anotador_261,1817,4,,,buenos_aires_amba,[]
2026-06-04 00:24:17.219328+00,anotador_090,1802,4,,,buenos_aires_amba,[]
2026-06-04 00:24:25.196847+00,anotador_261,4118,5,,,buenos_aires_amba,[]
2026-06-04 00:24:32.563831+00,anotador_090,6665,4,,,buenos_aires_amba,[]
2026-06-04 00:24:37.431622+00,anotador_261,2064,3,,,buenos_aires_amba,[]
2026-06-04 00:24:43.797985+00,anotador_261,4274,4,"solo cambiar dolar a pesos
",,buenos_aires_amba,"[{""pos"":3,""source"":""prem"",""palabra"":""dólar""},{""pos"":7,""source"":""prem"",""palabra"":""dólar?""}]"
2026-06-04 00:24:53.725644+00,anotador_090,2981,3,,,buenos_aires_amba,[]
2026-06-04 00:25:11.561585+00,anotador_090,6339,3,,,buenos_aires_amba,[]
2026-06-04 00:25:36.752181+00,anotador_090,4824,3,,,buenos_aires_amba,[]
2026-06-04 00:25:47.685981+00,anotador_090,4192,2,,,buenos_aires_amba,[]
2026-06-04 00:26:12.744083+00,anotador_261,6796,,,,,"[{""pos"":14,""source"":""prem"",""palabra"":""Mary""}]"
2026-06-04 00:26:12.955944+00,anotador_261,6796,,,,,"[{""pos"":14,""source"":""prem"",""palabra"":""Mary""},{""pos"":15,""source"":""prem"",""palabra"":""Todd""}]"
2026-06-04 00:26:13.472605+00,anotador_261,6796,,,,,"[{""pos"":14,""source"":""prem"",""palabra"":""Mary""},{""pos"":15,""source"":""prem"",""palabra"":""Todd""},{""pos"":17,""source"":""prem"",""palabra"":""Abe""}]"
2026-06-04 00:26:13.675195+00,anotador_261,6796,2,,,buenos_aires_amba,"[{""pos"":14,""source"":""prem"",""palabra"":""Mary""},{""pos"":15,""source"":""prem"",""palabra"":""Todd""},{""pos"":17,""source"":""prem"",""palabra"":""Abe""},{""pos"":18,""source"":""prem"",""palabra"":""Lincoln,""},{""pos"":19,""source"":""prem"",""palabra"":""Illinois,""},{""pos"":32,""source"":""prem"",""palabra"":""Christmas""},{""pos"":33,""source"":""prem"",""palabra"":""Carol'.""}]"
2026-06-04 00:26:28.740993+00,anotador_261,4512,4,,,buenos_aires_amba,[]
2026-06-04 00:26:37.337235+00,anotador_261,1515,4,,,buenos_aires_amba,[]
2026-06-04 00:26:50.590584+00,anotador_261,6178,4,,,buenos_aires_amba,[]
2026-06-04 00:30:35.122747+00,anotador_311,9999,1,"La segunda está toda en inglés pero son nombre de lugares y equipos, no la considero mal",,,"[{""pos"":1,""source"":""prem"",""palabra"":""chaval""},{""pos"":2,""source"":""prem"",""palabra"":""cogió""},{""pos"":4,""source"":""prem"",""palabra"":""móvil""},{""pos"":8,""source"":""prem"",""palabra"":""piso""},{""pos"":11,""source"":""prem"",""palabra"":""luego""}]"
2026-06-04 00:31:18.265234+00,anotador_261,4821,5,,,buenos_aires_amba,[]
2026-06-04 00:31:21.873229+00,anotador_261,2483,3,,,buenos_aires_amba,[]
2026-06-04 00:31:29.501691+00,anotador_261,6913,5,,,buenos_aires_amba,[]
2026-06-04 00:31:32.821752+00,anotador_261,2501,4,,,buenos_aires_amba,[]
2026-06-04 00:31:45.831315+00,anotador_311,3046,4,,,,[]
2026-06-04 00:31:50.829943+00,anotador_261,4872,3,,,buenos_aires_amba,"[{""pos"":20,""source"":""prem"",""palabra"":""cintas""},{""pos"":7,""source"":""hyp"",""palabra"":""cintas""}]"
2026-06-04 00:31:55.518664+00,anotador_311,6847,3,,,,[]
2026-06-04 00:32:01.376523+00,anotador_261,1906,5,,,buenos_aires_amba,[]
2026-06-04 00:32:05.262175+00,anotador_261,6816,4,,,buenos_aires_amba,"[{""pos"":10,""source"":""prem"",""palabra"":""Civic""},{""pos"":11,""source"":""prem"",""palabra"":""Theatre""},{""pos"":2,""source"":""hyp"",""palabra"":""Civic""},{""pos"":1,""source"":""hyp"",""palabra"":""teatro""}]"
2026-06-04 00:32:18.57486+00,anotador_261,3614,5,,,buenos_aires_amba,[]
2026-06-04 00:32:20.663874+00,anotador_311,4873,1,,,,[]
2026-06-04 00:32:23.974161+00,anotador_261,3957,3,,,buenos_aires_amba,[]
2026-06-04 00:32:32.413708+00,anotador_261,2545,4,,,buenos_aires_amba,[]
2026-06-04 00:32:38.849902+00,anotador_261,3759,5,,,buenos_aires_amba,[]
2026-06-04 00:32:42.094043+00,anotador_311,6014,3,,,,[]
2026-06-04 00:32:53.970458+00,anotador_261,7232,4,,,buenos_aires_amba,[]
2026-06-04 00:32:59.167293+00,anotador_261,2598,4,IBM más conocido aca,,buenos_aires_amba,"[{""pos"":0,""source"":""hyp"",""palabra"":""BLM""},{""pos"":0,""source"":""prem"",""palabra"":""BLM""}]"
2026-06-04 00:35:01.451754+00,anotador_261,1459,3,,,buenos_aires_amba,[]
2026-06-04 00:38:48.062971+00,anotador_261,6548,4,,,buenos_aires_amba,[]
2026-06-04 00:38:55.484499+00,anotador_261,4994,4,,,buenos_aires_amba,[]
2026-06-04 00:39:00.127219+00,anotador_261,947,5,,,buenos_aires_amba,[]
2026-06-04 00:39:08.803703+00,anotador_261,5363,3,,,buenos_aires_amba,"[{""pos"":13,""source"":""prem"",""palabra"":""Oaklawn""},{""pos"":7,""source"":""hyp"",""palabra"":""Oaklawn.""}]"
2026-06-04 00:39:13.80059+00,anotador_261,4743,2,,,buenos_aires_amba,"[{""pos"":3,""source"":""prem"",""palabra"":""Sr.""},{""pos"":4,""source"":""hyp"",""palabra"":""Sr.""},{""pos"":5,""source"":""hyp"",""palabra"":""Kaplan""},{""pos"":4,""source"":""prem"",""palabra"":""Kaplan""},{""pos"":15,""source"":""prem"",""palabra"":""americanizado.""}]"
2026-06-04 00:39:33.966246+00,anotador_261,3556,3,,,buenos_aires_amba,"[{""pos"":4,""source"":""prem"",""palabra"":""recinto""},{""pos"":11,""source"":""hyp"",""palabra"":""recinto.""}]"
2026-06-04 01:02:56.441341+00,anotador_244,9999,,,,,"[{""pos"":1,""source"":""prem"",""palabra"":""chaval""}]"
2026-06-04 01:02:56.771189+00,anotador_244,9999,1,,,buenos_aires_amba,"[{""pos"":1,""source"":""prem"",""palabra"":""chaval""},{""pos"":2,""source"":""prem"",""palabra"":""cogió""},{""pos"":4,""source"":""prem"",""palabra"":""móvil""},{""pos"":11,""source"":""prem"",""palabra"":""luego""}]"
2026-06-04 01:04:03.06714+00,anotador_244,1066,5,,,buenos_aires_amba,[]
2026-06-04 01:04:19.877023+00,anotador_244,2449,4,,,buenos_aires_amba,[]
2026-06-04 01:04:24.070506+00,anotador_244,5890,2,,,buenos_aires_amba,"[{""pos"":2,""source"":""prem"",""palabra"":""diablos""}]"
2026-06-04 01:05:03.664693+00,anotador_244,1397,3,,,buenos_aires_amba,[]
2026-06-04 01:05:24.96158+00,anotador_244,2979,3,,,buenos_aires_amba,[]
2026-06-04 01:05:36.301113+00,anotador_244,4650,3,,,buenos_aires_amba,[]
2026-06-04 01:05:53.786908+00,anotador_244,4459,3,,,buenos_aires_amba,[]
2026-06-04 01:06:32.579115+00,anotador_244,6754,3,,,buenos_aires_amba,[]
2026-06-04 01:07:02.493941+00,anotador_244,3487,3,,,buenos_aires_amba,[]
2026-06-04 01:07:11.49055+00,anotador_244,3827,3,,,buenos_aires_amba,[]
2026-06-04 01:07:15.249394+00,anotador_244,2906,3,,,buenos_aires_amba,"[{""pos"":3,""source"":""prem"",""palabra"":""condado""}]"
2026-06-04 01:07:48.67001+00,anotador_244,1997,4,,,buenos_aires_amba,[]
2026-06-04 01:08:32.264417+00,anotador_244,3598,3,,,buenos_aires_amba,[]
2026-06-04 01:08:42.453461+00,anotador_244,7106,2,,,buenos_aires_amba,"[{""pos"":2,""source"":""hyp"",""palabra"":""calva,""}]"
2026-06-04 01:09:06.696827+00,anotador_244,4229,4,,,buenos_aires_amba,[]
2026-06-04 01:09:19.695123+00,anotador_244,4356,3,,,buenos_aires_amba,"[{""pos"":27,""source"":""prem"",""palabra"":""parlotee""}]"
2026-06-04 01:09:42.244983+00,anotador_244,6030,3,,,buenos_aires_amba,[]
2026-06-04 01:10:01.548097+00,anotador_244,2537,3,,,buenos_aires_amba,[]
2026-06-04 01:49:21.735351+00,anotador_019,9999,2,,,buenos_aires_amba,"[{""pos"":1,""source"":""prem"",""palabra"":""chaval""},{""pos"":4,""source"":""prem"",""palabra"":""móvil""},{""pos"":8,""source"":""prem"",""palabra"":""piso""},{""pos"":7,""source"":""hyp"",""palabra"":""Tournament""},{""pos"":8,""source"":""hyp"",""palabra"":""of""}]"
2026-06-04 01:50:18.636567+00,anotador_019,6352,4,,,buenos_aires_amba,[]
2026-06-04 01:50:24.404137+00,anotador_019,6966,3,,,buenos_aires_amba,[]
2026-06-04 01:50:58.102019+00,anotador_019,2408,2,,,buenos_aires_amba,[]
2026-06-04 01:51:17.06766+00,anotador_019,7039,2,,,buenos_aires_amba,[]
2026-06-04 01:51:35.705278+00,anotador_019,4026,,,,,"[{""pos"":2,""source"":""hyp"",""palabra"":""de""}]"
2026-06-04 01:51:36.209657+00,anotador_019,4026,3,,,buenos_aires_amba,"[{""pos"":3,""source"":""hyp"",""palabra"":""que""},{""pos"":2,""source"":""hyp"",""palabra"":""de""}]"
2026-06-04 01:51:41.020231+00,anotador_260,9999,1,,,buenos_aires_amba,[]
2026-06-04 01:51:52.556473+00,anotador_019,6832,5,,,buenos_aires_amba,[]
2026-06-04 01:52:09.648657+00,anotador_019,2742,3,,,buenos_aires_amba,"[{""pos"":3,""source"":""hyp"",""palabra"":""han""},{""pos"":4,""source"":""hyp"",""palabra"":""estado""}]"
2026-06-04 01:56:51.589116+00,anotador_019,2491,4,,,buenos_aires_amba,[]
2026-06-04 01:57:00.438031+00,anotador_019,1490,5,,,buenos_aires_amba,[]
2026-06-04 01:57:10.050845+00,anotador_019,1200,5,,,buenos_aires_amba,[]
2026-06-04 01:57:14.250599+00,anotador_019,5240,1,,,buenos_aires_amba,"[{""pos"":0,""source"":""prem"",""palabra"":""Vaya,""}]"
2026-06-04 01:57:29.396089+00,anotador_019,1615,3,,,buenos_aires_amba,[]
2026-06-04 01:57:38.336795+00,anotador_019,2966,3,,,buenos_aires_amba,[]
2026-06-04 01:57:49.45416+00,anotador_019,6540,4,,,buenos_aires_amba,[]
2026-06-04 01:57:56.284612+00,anotador_019,1727,4,,,buenos_aires_amba,[]
2026-06-04 01:58:04.5648+00,anotador_019,4907,4,,,buenos_aires_amba,[]
2026-06-04 01:58:11.49469+00,anotador_019,4755,4,,,buenos_aires_amba,[]
2026-06-04 01:58:18.998527+00,anotador_019,2587,4,,,buenos_aires_amba,[]
2026-06-04 01:58:27.264086+00,anotador_019,6127,4,,,buenos_aires_amba,[]
2026-06-04 02:00:48.48383+00,anotador_040,9999,1,,,buenos_aires_amba,"[{""pos"":1,""source"":""prem"",""palabra"":""chaval""},{""pos"":2,""source"":""prem"",""palabra"":""cogió""},{""pos"":4,""source"":""prem"",""palabra"":""móvil""},{""pos"":8,""source"":""prem"",""palabra"":""piso""},{""pos"":9,""source"":""hyp"",""palabra"":""Kilimsworth""},{""pos"":1,""source"":""hyp"",""palabra"":""Kettering,""},{""pos"":3,""source"":""hyp"",""palabra"":""Wollongong""},{""pos"":4,""source"":""hyp"",""palabra"":""Bears""},{""pos"":7,""source"":""hyp"",""palabra"":""Tournament""},{""pos"":8,""source"":""hyp"",""palabra"":""of""}]"
2026-06-04 02:01:41.579246+00,anotador_040,2719,4,,,buenos_aires_amba,"[{""pos"":14,""source"":""hyp"",""palabra"":""dólares.""}]"
2026-06-04 02:02:12.786401+00,anotador_040,6799,5,,,buenos_aires_amba,"[{""pos"":3,""source"":""hyp"",""palabra"":""correo""}]"
2026-06-04 02:02:26.236463+00,anotador_040,3830,5,,,buenos_aires_amba,"[{""pos"":6,""source"":""prem"",""palabra"":""empaquetado""}]"
2026-06-04 02:02:41.364408+00,anotador_040,4265,4,,,buenos_aires_amba,"[{""pos"":1,""source"":""hyp"",""palabra"":""ponente""}]"
2026-06-04 02:02:56.392773+00,anotador_040,4036,5,,,buenos_aires_amba,[]
2026-06-04 02:03:16.03225+00,anotador_260,1247,3,,,buenos_aires_amba,[]
2026-06-04 02:03:17.089094+00,anotador_040,4296,5,Raro para el ambito,,buenos_aires_amba,"[{""pos"":7,""source"":""prem"",""palabra"":""demasiadooooo.""}]"
2026-06-04 02:03:23.746338+00,anotador_222,9999,,,,,"[{""pos"":1,""source"":""prem"",""palabra"":""chaval""}]"
2026-06-04 02:03:24.027002+00,anotador_222,9999,1,"En la primera oración hay varios términos coloquiales que no suelen usarse en Argentina: chaval, cogió (en lugar de agarró), móvil (en lugar de celular), piso (en lugar de departameno). En la segunda resulta extraña la presencia del spanglish, ya que no es habitual escuchar a personas interactuar en esos términos en una conversación cualquiera.",,entre_rios,"[{""pos"":1,""source"":""prem"",""palabra"":""chaval""},{""pos"":2,""source"":""prem"",""palabra"":""cogió""},{""pos"":4,""source"":""prem"",""palabra"":""móvil""},{""pos"":8,""source"":""prem"",""palabra"":""piso""},{""pos"":7,""source"":""hyp"",""palabra"":""Tournament""},{""pos"":9,""source"":""hyp"",""palabra"":""Kilimsworth""},{""pos"":4,""source"":""hyp"",""palabra"":""Bears""},{""pos"":3,""source"":""hyp"",""palabra"":""Wollongong""},{""pos"":1,""source"":""hyp"",""palabra"":""Kettering,""}]"
2026-06-04 02:03:53.315736+00,anotador_260,4478,4,,,buenos_aires_amba,[]
2026-06-04 02:03:56.621562+00,anotador_040,4730,5,,,buenos_aires_amba,[]
2026-06-04 02:04:05.193859+00,anotador_260,669,4,,,buenos_aires_amba,[]
2026-06-04 02:04:26.344846+00,anotador_040,6760,5,No hay mucha cohesión ,,buenos_aires_amba,[]
2026-06-04 02:04:32.966613+00,anotador_040,3041,3,"Parece algo de las torres gemelas, pero suena medio caribeño",,buenos_aires_amba,"[{""pos"":4,""source"":""prem"",""palabra"":""American""},{""pos"":5,""source"":""hyp"",""palabra"":""American""},{""pos"":6,""source"":""hyp"",""palabra"":""11.""},{""pos"":5,""source"":""prem"",""palabra"":""11,""}]"
2026-06-04 02:04:34.156523+00,anotador_260,6078,2,Acoge es rarísimo ,,buenos_aires_amba,[]
2026-06-04 02:04:38.137704+00,anotador_222,5319,4,"En una conversación creo que sería mas frecuente utilizar ""generalmente"" y no ""usualmente"". Es un detalle mínimo.",,entre_rios,"[{""pos"":2,""source"":""prem"",""palabra"":""usualmente""}]"
2026-06-04 02:05:08.533933+00,anotador_222,2572,4,"Es más bien neutro, pero no suena ""poco argentino""",,entre_rios,[]
2026-06-04 02:05:16.128006+00,anotador_260,1199,3,"Alguna expresión, podría ser de cualquier lado",,buenos_aires_amba,[]
2026-06-04 02:05:17.162317+00,anotador_222,5193,4,,,entre_rios,[]
2026-06-04 02:05:35.834246+00,anotador_040,3941,5,Falta de coherencia,,buenos_aires_amba,"[{""pos"":28,""source"":""prem"",""palabra"":""necesitábamos.""},{""pos"":26,""source"":""prem"",""palabra"":""necesarias""}]"
2026-06-04 02:05:42.546774+00,anotador_260,4651,3,,,buenos_aires_amba,[]
2026-06-04 02:05:50.889676+00,anotador_260,3576,3,Un argentino puede decir eso pero no es exagerado,,buenos_aires_amba,[]
2026-06-04 02:05:57.249664+00,anotador_040,5091,3,"Rara forma de usar el condicional, usaría “si queres”",,buenos_aires_amba,"[{""pos"":4,""source"":""hyp"",""palabra"":""si""},{""pos"":6,""source"":""hyp"",""palabra"":""deseás.""},{""pos"":5,""source"":""hyp"",""palabra"":""lo""}]"
2026-06-04 02:06:23.51868+00,anotador_260,3190,2,,,buenos_aires_amba,[]
2026-06-04 02:06:32.822447+00,anotador_260,4137,3,,,buenos_aires_amba,[]
2026-06-04 02:06:36.263606+00,anotador_040,7068,2,,,buenos_aires_amba,"[{""pos"":3,""source"":""hyp"",""palabra"":""chatarra""},{""pos"":3,""source"":""prem"",""palabra"":""chatarra""}]"
2026-06-04 02:06:38.840823+00,anotador_260,3057,3,,,buenos_aires_amba,[]
2026-06-04 02:06:39.060257+00,anotador_260,3059,3,,,buenos_aires_amba,[]
2026-06-04 02:07:01.873694+00,anotador_260,3509,4,,,buenos_aires_amba,[]
2026-06-04 02:07:02.760317+00,anotador_040,347,3,Falta de coherencia y cohesión ,,buenos_aires_amba,"[{""pos"":4,""source"":""prem"",""palabra"":""acabó""}]"
2026-06-04 02:07:18.1703+00,anotador_040,521,3,,,buenos_aires_amba,"[{""pos"":0,""source"":""hyp"",""palabra"":""Debo""}]"
2026-06-04 02:07:20.447956+00,anotador_260,4908,2,,,buenos_aires_amba,[]
2026-06-04 02:07:37.161539+00,anotador_040,1994,3,,,buenos_aires_amba,"[{""pos"":6,""source"":""hyp"",""palabra"":""púrpura.""}]"
2026-06-04 02:07:49.341002+00,anotador_040,4221,4,,,buenos_aires_amba,[]
2026-06-04 02:08:14.2956+00,anotador_040,6397,5,,,buenos_aires_amba,"[{""pos"":1,""source"":""hyp"",""palabra"":""estrechamente""}]"
2026-06-04 02:08:25.850354+00,anotador_040,1284,4,,,buenos_aires_amba,"[{""pos"":5,""source"":""prem"",""palabra"":""dominio""}]"
2026-06-04 02:08:47.777185+00,anotador_040,5552,5,,,buenos_aires_amba,[]
2026-06-04 02:11:47.638673+00,anotador_222,7343,4,,,entre_rios,[]
2026-06-04 02:11:50.518488+00,anotador_260,6415,3,,,buenos_aires_amba,[]
2026-06-04 02:11:58.658748+00,anotador_222,2639,5,,,entre_rios,[]
2026-06-04 02:11:59.580297+00,anotador_260,2432,2,,,buenos_aires_amba,[]
2026-06-04 02:12:07.654596+00,anotador_260,5942,2,,,buenos_aires_amba,[]
2026-06-04 02:12:10.200469+00,anotador_222,775,5,"la forma en la que está utilizada ""este..."" fue lo que me hizo marcar 5",,entre_rios,[]
2026-06-04 02:12:23.736755+00,anotador_260,4622,2,,,buenos_aires_amba,[]
2026-06-04 02:12:31.682843+00,anotador_260,4129,1,,,buenos_aires_amba,[]
2026-06-04 02:12:36.645283+00,anotador_260,6923,1,Montar es español de España,,buenos_aires_amba,[]
2026-06-04 02:13:24.660228+00,anotador_260,7122,1,,,,[]
2026-06-04 02:13:26.488078+00,anotador_260,1962,1,,,,[]
2026-06-04 02:13:38.763087+00,anotador_222,5861,4,,,entre_rios,[]
2026-06-04 02:13:49.832967+00,anotador_222,3303,4,,,entre_rios,[]
2026-06-04 02:14:03.126367+00,anotador_222,5030,4,,,entre_rios,[]
2026-06-04 02:14:10.954448+00,anotador_222,3474,4,,,entre_rios,[]
2026-06-04 02:14:25.099187+00,anotador_222,7225,4,,,entre_rios,[]
2026-06-04 02:14:35.845807+00,anotador_222,100,4,,,entre_rios,[]
2026-06-04 02:14:47.367015+00,anotador_222,6510,4,,,entre_rios,[]
2026-06-04 02:14:55.233241+00,anotador_222,6400,4,,,entre_rios,[]
2026-06-04 02:15:08.346584+00,anotador_222,3746,4,,,entre_rios,[]
2026-06-04 02:15:26.755823+00,anotador_222,5664,4,,,entre_rios,[]
2026-06-04 02:15:33.82385+00,anotador_222,4209,5,"El ""¿no?"" utilizado de manera retórica fue lo que me hizo puntuarlo como 5",,entre_rios,[]
2026-06-04 02:16:27.586549+00,anotador_222,7369,4,,,entre_rios,[]
2026-06-04 02:16:39.073057+00,anotador_222,1347,4,,,entre_rios,[]
2026-06-04 02:41:52.077911+00,anotador_159,9999,1,,,buenos_aires_interior,"[{""pos"":1,""source"":""prem"",""palabra"":""chaval""},{""pos"":2,""source"":""prem"",""palabra"":""cogió""},{""pos"":4,""source"":""prem"",""palabra"":""móvil""},{""pos"":8,""source"":""prem"",""palabra"":""piso""}]"
2026-06-04 02:42:19.94877+00,anotador_159,6398,3,,,buenos_aires_interior,"[{""pos"":4,""source"":""prem"",""palabra"":""apoyo""},{""pos"":5,""source"":""prem"",""palabra"":""continuo""}]"
2026-06-04 02:42:51.487582+00,anotador_159,6748,3,,,buenos_aires_interior,[]
2026-06-04 02:43:01.661203+00,anotador_159,1198,3,,,buenos_aires_interior,[]
2026-06-04 02:43:16.042109+00,anotador_159,5837,3,,,buenos_aires_interior,[]
2026-06-04 02:43:27.613346+00,anotador_159,7167,4,,,buenos_aires_interior,[]
2026-06-04 02:43:40.265545+00,anotador_159,5393,3,,,buenos_aires_interior,[]
2026-06-04 02:43:49.283011+00,anotador_159,7156,4,,,buenos_aires_interior,[]
2026-06-04 02:44:04.104911+00,anotador_159,1277,2,,,buenos_aires_interior,"[{""pos"":7,""source"":""prem"",""palabra"":""bajo""},{""pos"":8,""source"":""prem"",""palabra"":""la""},{""pos"":9,""source"":""prem"",""palabra"":""ley""}]"
2026-06-04 02:44:24.880353+00,anotador_159,6270,3,,,buenos_aires_interior,[]
2026-06-04 02:44:30.782846+00,anotador_159,5026,3,,,buenos_aires_interior,[]
2026-06-04 02:44:37.752582+00,anotador_159,7130,3,,,buenos_aires_interior,[]
2026-06-04 02:44:46.237632+00,anotador_159,6332,3,,,buenos_aires_interior,[]
2026-06-04 02:45:06.824123+00,anotador_159,6887,2,,,buenos_aires_interior,"[{""pos"":6,""source"":""hyp"",""palabra"":""seis""},{""pos"":7,""source"":""hyp"",""palabra"":""pies.""}]"
2026-06-04 02:45:25.367404+00,anotador_159,6324,3,,,buenos_aires_interior,[]
2026-06-04 02:45:30.880299+00,anotador_159,731,4,,,buenos_aires_interior,[]
2026-06-04 02:45:47.188799+00,anotador_159,5483,4,,,buenos_aires_interior,[]
2026-06-04 02:46:00.172377+00,anotador_159,3756,3,,,buenos_aires_interior,"[{""pos"":30,""source"":""prem"",""palabra"":""supervisión""},{""pos"":31,""source"":""prem"",""palabra"":""adecuadas.""}]"
2026-06-04 02:46:30.680983+00,anotador_159,1439,3,,,buenos_aires_interior,[]
2026-06-04 02:46:43.917565+00,anotador_159,4541,3,,,buenos_aires_interior,[]
2026-06-04 03:20:20.205716+00,anotador_089,6365,5,,,buenos_aires_interior,[]
2026-06-04 03:20:40.169979+00,anotador_089,2508,5,,,buenos_aires_interior,[]
2026-06-04 03:21:06.739484+00,anotador_089,5968,5,,,buenos_aires_interior,[]
2026-06-04 03:21:28.153151+00,anotador_089,5465,5,,,buenos_aires_interior,[]
2026-06-04 03:21:58.756352+00,anotador_089,1460,4,,,buenos_aires_interior,[]
2026-06-04 03:22:22.603126+00,anotador_089,5375,5,,,buenos_aires_interior,[]
2026-06-04 03:22:57.187648+00,anotador_089,6068,4,"Persistió, en vez de ""siguió persistiendo""",,buenos_aires_interior,"[{""pos"":1,""source"":""prem"",""palabra"":""tomó""},{""pos"":2,""source"":""prem"",""palabra"":""el""},{""pos"":3,""source"":""prem"",""palabra"":""trono,""},{""pos"":14,""source"":""prem"",""palabra"":""siguió""},{""pos"":15,""source"":""prem"",""palabra"":""persistiendo""}]"
2026-06-04 03:24:21.200697+00,anotador_089,2139,4,Altillo decimos en Argentina,,buenos_aires_interior,"[{""pos"":11,""source"":""prem"",""palabra"":""ático""}]"
2026-06-04 03:26:30.829416+00,anotador_089,3797,,,,,"[{""pos"":0,""source"":""prem"",""palabra"":""Cada""}]"
2026-06-04 03:26:31.067094+00,anotador_089,3797,3,,,buenos_aires_interior,"[{""pos"":0,""source"":""prem"",""palabra"":""Cada""},{""pos"":1,""source"":""prem"",""palabra"":""julio""},{""pos"":4,""source"":""prem"",""palabra"":""tradición""},{""pos"":5,""source"":""prem"",""palabra"":""de""},{""pos"":6,""source"":""prem"",""palabra"":""nuestro""},{""pos"":7,""source"":""prem"",""palabra"":""estado""},{""pos"":2,""source"":""prem"",""palabra"":""celebramos""},{""pos"":3,""source"":""prem"",""palabra"":""la""}]"
2026-06-04 03:27:14.529704+00,anotador_089,6344,5,,,buenos_aires_interior,[]
2026-06-04 03:27:37.359204+00,anotador_089,7284,5,,,buenos_aires_interior,[]
2026-06-04 03:28:15.346204+00,anotador_089,1842,4,,,buenos_aires_interior,[]
2026-06-04 03:28:45.137707+00,anotador_089,7377,5,,,buenos_aires_interior,[]
2026-06-04 03:29:13.339862+00,anotador_089,7033,5,,,buenos_aires_interior,[]
2026-06-04 03:29:20.79972+00,anotador_089,1851,4,,,buenos_aires_interior,"[{""pos"":7,""source"":""prem"",""palabra"":""patán""}]"
2026-06-04 03:30:10.96551+00,anotador_089,3962,,,,,"[{""pos"":1,""source"":""prem"",""palabra"":""asientos""}]"
2026-06-04 03:30:11.646579+00,anotador_089,3962,4,,,buenos_aires_interior,"[{""pos"":1,""source"":""prem"",""palabra"":""asientos""},{""pos"":2,""source"":""prem"",""palabra"":""abiertos,""},{""pos"":14,""source"":""prem"",""palabra"":""longevo""}]"
2026-06-04 03:30:51.803696+00,anotador_089,5329,2,,,buenos_aires_interior,"[{""pos"":8,""source"":""prem"",""palabra"":""algo""},{""pos"":7,""source"":""prem"",""palabra"":""ay""},{""pos"":9,""source"":""prem"",""palabra"":""como""},{""pos"":10,""source"":""prem"",""palabra"":""uy""}]"
2026-06-04 03:31:16.370038+00,anotador_089,4505,4,,,buenos_aires_interior,"[{""pos"":6,""source"":""prem"",""palabra"":""afligida""}]"
2026-06-04 03:31:30.922628+00,anotador_089,6115,5,,,buenos_aires_interior,[]
2026-06-04 03:31:52.297743+00,anotador_089,3915,4,,,buenos_aires_interior,[]
2026-06-04 11:21:43.263541+00,anotador_016,3935,5,,,buenos_aires_amba,[]
2026-06-04 11:22:09.560369+00,anotador_016,1818,5,,,buenos_aires_amba,[]
2026-06-04 11:22:24.625594+00,anotador_016,1234,5,,,buenos_aires_amba,[]
2026-06-04 11:22:29.004954+00,anotador_016,5295,3,,,buenos_aires_amba,"[{""pos"":3,""source"":""prem"",""palabra"":""sitio""}]"
2026-06-04 11:22:54.884736+00,anotador_016,7264,5,,,buenos_aires_amba,[]
2026-06-04 11:23:05.643256+00,anotador_016,7249,5,,,buenos_aires_amba,[]
2026-06-04 11:23:15.974629+00,anotador_016,6338,5,,,buenos_aires_amba,[]
2026-06-04 11:23:37.714721+00,anotador_016,1423,5,,,buenos_aires_amba,[]
2026-06-04 11:23:55.683276+00,anotador_016,4719,5,,,buenos_aires_amba,[]
2026-06-04 11:24:03.227711+00,anotador_016,3800,5,,,buenos_aires_amba,[]
2026-06-04 11:24:17.500616+00,anotador_016,3984,5,,,buenos_aires_amba,[]
2026-06-04 11:24:26.136654+00,anotador_016,7439,3,,,buenos_aires_amba,"[{""pos"":20,""source"":""prem"",""palabra"":""porquería""},{""pos"":7,""source"":""hyp"",""palabra"":""hedor""}]"
2026-06-04 11:24:44.486853+00,anotador_016,3381,5,,,buenos_aires_amba,[]
2026-06-04 11:24:59.474415+00,anotador_016,6048,5,,,buenos_aires_amba,[]
2026-06-04 11:25:07.116315+00,anotador_016,3376,5,,,buenos_aires_amba,[]
2026-06-04 11:25:24.511099+00,anotador_016,4835,5,,,buenos_aires_amba,[]
2026-06-04 11:25:42.705335+00,anotador_016,2085,5,,,buenos_aires_amba,[]
2026-06-04 11:25:49.662262+00,anotador_016,4215,5,,,buenos_aires_amba,[]
2026-06-04 11:26:00.210629+00,anotador_016,7411,5,,,buenos_aires_amba,[]
2026-06-04 11:26:14.215956+00,anotador_016,7045,5,,,buenos_aires_amba,[]
2026-06-04 12:09:43.775394+00,anotador_151,9999,2,,,,"[{""pos"":1,""source"":""prem"",""palabra"":""chaval""},{""pos"":2,""source"":""prem"",""palabra"":""cogió""},{""pos"":4,""source"":""prem"",""palabra"":""móvil""},{""pos"":8,""source"":""prem"",""palabra"":""piso""},{""pos"":7,""source"":""hyp"",""palabra"":""Tournament""},{""pos"":8,""source"":""hyp"",""palabra"":""of""},{""pos"":9,""source"":""hyp"",""palabra"":""Kilimsworth""}]"
2026-06-04 12:57:59.180853+00,anotador_190,9999,2,,,buenos_aires_amba,"[{""pos"":2,""source"":""prem"",""palabra"":""cogió""},{""pos"":4,""source"":""prem"",""palabra"":""móvil""},{""pos"":8,""source"":""prem"",""palabra"":""piso""},{""pos"":13,""source"":""hyp"",""palabra"":""fans.""}]"
2026-06-04 12:58:51.843818+00,anotador_190,3517,5,,,buenos_aires_amba,[]
2026-06-04 12:59:03.138198+00,anotador_190,2450,4,,,buenos_aires_amba,"[{""pos"":0,""source"":""hyp"",""palabra"":""Xlapak""}]"
2026-06-04 12:59:11.073344+00,anotador_190,5905,5,,,buenos_aires_amba,[]
2026-06-04 12:59:24.891643+00,anotador_190,2041,3,,,buenos_aires_amba,"[{""pos"":5,""source"":""hyp"",""palabra"":""costa""},{""pos"":14,""source"":""prem"",""palabra"":""costa""}]"
2026-06-04 12:59:39.415056+00,anotador_190,4804,5,,,buenos_aires_amba,[]
2026-06-04 12:59:56.044823+00,anotador_190,7261,4,,,buenos_aires_amba,[]
2026-06-04 13:00:10.662874+00,anotador_190,6445,5,,,buenos_aires_amba,[]
2026-06-04 13:00:23.450287+00,anotador_190,7174,4,,,buenos_aires_amba,"[{""pos"":4,""source"":""prem"",""palabra"":""antiemoción.""}]"
2026-06-04 13:00:35.128503+00,anotador_190,5037,5,,,buenos_aires_amba,[]
2026-06-04 13:00:51.208069+00,anotador_190,2476,5,,,buenos_aires_amba,[]
2026-06-04 13:00:59.86966+00,anotador_190,4959,5,,,buenos_aires_amba,[]
2026-06-04 13:01:08.723479+00,anotador_190,3465,4,,,buenos_aires_amba,"[{""pos"":16,""source"":""prem"",""palabra"":""FDNY""}]"
2026-06-04 13:01:31.17868+00,anotador_190,1354,4,,,buenos_aires_amba,[]
2026-06-04 13:01:44.775241+00,anotador_190,6028,4,,,buenos_aires_amba,[]
2026-06-04 13:01:53.846544+00,anotador_190,5766,5,,,buenos_aires_amba,[]
2026-06-04 13:02:13.601217+00,anotador_190,2901,3,,,buenos_aires_amba,"[{""pos"":18,""source"":""prem"",""palabra"":""dígitos""},{""pos"":17,""source"":""prem"",""palabra"":""5""}]"
2026-06-04 13:02:32.9678+00,anotador_190,2628,3,,,buenos_aires_amba,"[{""pos"":15,""source"":""hyp"",""palabra"":""Fortune""}]"
2026-06-04 13:02:42.767062+00,anotador_190,1413,2,,,buenos_aires_amba,"[{""pos"":15,""source"":""prem"",""palabra"":""pichilingues""},{""pos"":20,""source"":""prem"",""palabra"":""bromas""}]"
2026-06-04 13:03:01.525238+00,anotador_190,4589,5,,,buenos_aires_amba,[]
2026-06-04 14:34:57.205039+00,anotador_076,9999,1,,,,"[{""pos"":1,""source"":""prem"",""palabra"":""chaval""},{""pos"":2,""source"":""prem"",""palabra"":""cogió""},{""pos"":4,""source"":""prem"",""palabra"":""móvil""},{""pos"":8,""source"":""prem"",""palabra"":""piso""},{""pos"":10,""source"":""hyp"",""palabra"":""ante""}]"
2026-06-04 14:35:25.528023+00,anotador_076,5969,3,,,,"[{""pos"":1,""source"":""hyp"",""palabra"":""niña""},{""pos"":4,""source"":""hyp"",""palabra"":""cabello""}]"
2026-06-04 14:35:44.840723+00,anotador_076,3261,5,,,,[]
2026-06-04 14:35:55.981257+00,anotador_076,3832,,,,,"[{""pos"":1,""source"":""hyp"",""palabra"":""he""},{""pos"":2,""source"":""hyp"",""palabra"":""trabajado""},{""pos"":29,""source"":""prem"",""palabra"":""secundaria""},{""pos"":31,""source"":""prem"",""palabra"":""secundario.""}]"
2026-06-04 15:08:00.230845+00,anotador_168,9999,2,,,,"[{""pos"":1,""source"":""prem"",""palabra"":""chaval""},{""pos"":2,""source"":""prem"",""palabra"":""cogió""},{""pos"":4,""source"":""prem"",""palabra"":""móvil""},{""pos"":8,""source"":""prem"",""palabra"":""piso""}]"
2026-06-04 15:08:59.356881+00,anotador_168,5157,4,"Usar mas modimos argentinos, así como suena parece muy neutral",,,[]
2026-06-04 15:09:36.09764+00,anotador_168,4074,3,Más modismos argentinos,,,[]
2026-06-04 15:10:11.860637+00,anotador_168,6654,3,,,,"[{""pos"":32,""source"":""prem"",""palabra"":""derrumbado.""},{""pos"":8,""source"":""hyp"",""palabra"":""colapso""}]"
2026-06-04 15:11:09.021242+00,anotador_168,6987,3,,,,[]
2026-06-04 15:22:32.089055+00,anotador_261,2472,4,,,buenos_aires_amba,[]
2026-06-04 15:35:24.14234+00,anotador_155,9999,1,Si,,,"[{""pos"":1,""source"":""prem"",""palabra"":""chaval""},{""pos"":1,""source"":""hyp"",""palabra"":""Kettering,""},{""pos"":3,""source"":""hyp"",""palabra"":""Wollongong""},{""pos"":4,""source"":""hyp"",""palabra"":""Bears""},{""pos"":7,""source"":""hyp"",""palabra"":""Tournament""},{""pos"":8,""source"":""hyp"",""palabra"":""of""},{""pos"":9,""source"":""hyp"",""palabra"":""Kilimsworth""}]"
2026-06-04 15:36:02.791238+00,anotador_155,1684,4,Si,,,[]
2026-06-04 15:36:19.232453+00,anotador_155,2527,3,,,,[]
2026-06-04 15:36:39.886695+00,anotador_155,6541,2,,,,[]
2026-06-04 15:36:48.609286+00,anotador_155,6471,4,,,,[]
2026-06-04 15:36:51.944989+00,anotador_155,4770,1,,,,[]
2026-06-04 15:36:58.092669+00,anotador_155,1588,5,,,,[]
2026-06-04 15:37:02.321975+00,anotador_155,5160,3,,,,[]
2026-06-04 15:37:04.192503+00,anotador_155,2417,1,,,,[]
2026-06-04 15:37:09.048416+00,anotador_155,3324,4,,,,[]
2026-06-04 15:37:12.721335+00,anotador_155,2750,4,,,,[]
2026-06-04 15:37:15.768837+00,anotador_155,6984,3,,,,[]
2026-06-04 15:37:17.840325+00,anotador_155,2356,1,,,,[]
2026-06-04 15:37:19.04535+00,anotador_155,5348,4,,,,[]
2026-06-04 15:37:20.728531+00,anotador_155,1483,5,,,,[]
2026-06-04 15:37:21.834074+00,anotador_155,7243,3,,,,[]
2026-06-04 15:37:23.752101+00,anotador_155,6904,2,,,,[]
2026-06-04 15:37:25.906512+00,anotador_155,3775,4,,,,[]
2026-06-04 15:37:27.674857+00,anotador_155,3219,4,,,,[]
2026-06-04 15:37:29.834399+00,anotador_155,2755,3,,,,[]
2026-06-04 15:39:23.94924+00,anotador_141,9999,2,,,buenos_aires_amba,"[{""pos"":1,""source"":""hyp"",""palabra"":""Kettering,""},{""pos"":1,""source"":""prem"",""palabra"":""chaval""},{""pos"":7,""source"":""hyp"",""palabra"":""Tournament""},{""pos"":8,""source"":""hyp"",""palabra"":""of""},{""pos"":4,""source"":""prem"",""palabra"":""móvil""},{""pos"":2,""source"":""prem"",""palabra"":""cogió""},{""pos"":11,""source"":""prem"",""palabra"":""luego""}]"
2026-06-04 15:39:59.529399+00,anotador_141,2230,4,,,buenos_aires_amba,"[{""pos"":5,""source"":""prem"",""palabra"":""disponer""},{""pos"":1,""source"":""hyp"",""palabra"":""capturar""}]"
2026-06-04 15:40:17.603668+00,anotador_141,1689,3,,,buenos_aires_amba,"[{""pos"":2,""source"":""prem"",""palabra"":""cabina,""},{""pos"":7,""source"":""hyp"",""palabra"":""cabina.""}]"
2026-06-04 15:40:28.017896+00,anotador_141,5387,5,,,buenos_aires_amba,[]
2026-06-04 15:40:37.578029+00,anotador_092,9999,2,,,buenos_aires_interior,"[{""pos"":1,""source"":""prem"",""palabra"":""chaval""},{""pos"":2,""source"":""prem"",""palabra"":""cogió""},{""pos"":11,""source"":""prem"",""palabra"":""luego""},{""pos"":7,""source"":""hyp"",""palabra"":""Tournament""},{""pos"":8,""source"":""hyp"",""palabra"":""of""}]"
2026-06-04 15:40:42.465571+00,anotador_141,1456,4,,,buenos_aires_amba,"[{""pos"":4,""source"":""prem"",""palabra"":""erale""},{""pos"":0,""source"":""hyp"",""palabra"":""Erale""}]"
2026-06-04 15:41:24.823597+00,anotador_092,2792,5,,,buenos_aires_interior,[]
2026-06-04 15:41:45.029423+00,anotador_092,6680,4,,,buenos_aires_interior,[]
2026-06-04 15:43:24.677343+00,anotador_092,2525,4,,,buenos_aires_interior,"[{""pos"":20,""source"":""prem"",""palabra"":""considerando""}]"
2026-06-04 15:44:25.029029+00,anotador_092,2684,5,,,buenos_aires_interior,[]
2026-06-04 15:44:33.83479+00,anotador_092,2346,5,,,buenos_aires_interior,[]
2026-06-04 15:44:40.04187+00,anotador_092,6185,5,,,buenos_aires_interior,[]
2026-06-04 15:44:41.793701+00,anotador_092,6864,5,,,buenos_aires_interior,[]
2026-06-04 15:44:43.396231+00,anotador_092,6260,5,,,buenos_aires_interior,[]
2026-06-04 15:44:45.502533+00,anotador_092,6702,5,,,buenos_aires_interior,[]
2026-06-04 15:44:46.927227+00,anotador_322,9999,1,,,buenos_aires_amba,"[{""pos"":1,""source"":""prem"",""palabra"":""chaval""},{""pos"":4,""source"":""prem"",""palabra"":""móvil""},{""pos"":8,""source"":""prem"",""palabra"":""piso""}]"
2026-06-04 15:44:47.233372+00,anotador_092,5638,5,,,buenos_aires_interior,[]
2026-06-04 15:44:49.114795+00,anotador_092,3069,5,,,buenos_aires_interior,[]
2026-06-04 15:44:50.945321+00,anotador_092,3674,5,,,buenos_aires_interior,[]
2026-06-04 15:44:53.06471+00,anotador_092,4263,5,,,buenos_aires_interior,[]
2026-06-04 15:44:54.882742+00,anotador_092,5507,5,,,buenos_aires_interior,[]
2026-06-04 15:44:57.844297+00,anotador_092,3548,5,,,buenos_aires_interior,[]
2026-06-04 15:44:59.518244+00,anotador_092,1703,5,,,buenos_aires_interior,[]
2026-06-04 15:45:01.551295+00,anotador_092,2669,5,,,buenos_aires_interior,[]
2026-06-04 15:45:03.577532+00,anotador_092,4174,5,,,buenos_aires_interior,[]
2026-06-04 15:45:05.409721+00,anotador_092,2888,5,,,buenos_aires_interior,[]
2026-06-04 15:45:07.919473+00,anotador_322,2026,3,,,buenos_aires_amba,[]
2026-06-04 15:45:20.569905+00,anotador_322,5863,3,,,buenos_aires_amba,"[{""pos"":3,""source"":""prem"",""palabra"":""debajo,""}]"
2026-06-04 15:45:43.798894+00,anotador_322,4385,4,,,buenos_aires_amba,[]
2026-06-04 15:45:57.757053+00,anotador_322,2517,3,,,buenos_aires_amba,[]
2026-06-04 15:46:13.807889+00,anotador_322,3634,3,,,buenos_aires_amba,[]
2026-06-04 15:46:25.878601+00,anotador_322,7252,3,,,buenos_aires_amba,[]
2026-06-04 15:46:37.390214+00,anotador_322,6342,3,,,buenos_aires_amba,[]
2026-06-04 15:46:47.539857+00,anotador_322,6840,3,,,buenos_aires_amba,[]
2026-06-04 15:46:57.546863+00,anotador_322,7059,3,,,buenos_aires_amba,[]
2026-06-04 15:47:07.672424+00,anotador_322,7085,3,,,buenos_aires_amba,[]
2026-06-04 15:47:23.37318+00,anotador_322,942,3,,,buenos_aires_amba,"[{""pos"":2,""source"":""hyp"",""palabra"":""pagues""},{""pos"":8,""source"":""hyp"",""palabra"":""olvides.""},{""pos"":4,""source"":""prem"",""palabra"":""pagás""}]"
2026-06-04 15:47:37.522727+00,anotador_322,7262,2,Podrias poner mas viejo,,buenos_aires_amba,"[{""pos"":7,""source"":""hyp"",""palabra"":""antiguo""}]"
2026-06-04 15:47:50.853144+00,anotador_322,6684,3,,,buenos_aires_amba,"[{""pos"":4,""source"":""prem"",""palabra"":""permaneció""}]"
2026-06-04 15:48:05.354357+00,anotador_322,2234,3,,,buenos_aires_amba,[]
2026-06-04 15:48:18.416344+00,anotador_322,3531,3,,,buenos_aires_amba,[]
2026-06-04 15:48:27.169943+00,anotador_322,3385,3,,,buenos_aires_amba,[]
2026-06-04 15:48:33.166508+00,anotador_322,6627,3,,,buenos_aires_amba,[]
2026-06-04 15:48:41.648266+00,anotador_322,3622,3,,,buenos_aires_amba,[]
2026-06-04 15:48:41.91488+00,anotador_322,3621,3,,,buenos_aires_amba,[]
2026-06-04 16:05:13.821807+00,anotador_027,5163,4,,,buenos_aires_amba,[]
2026-06-04 16:06:06.103626+00,anotador_027,1231,3,,,buenos_aires_amba,[]
2026-06-04 16:06:11.474041+00,anotador_027,7057,4,,,buenos_aires_amba,[]
2026-06-04 16:06:28.083694+00,anotador_027,6914,5,,,buenos_aires_amba,[]
2026-06-04 16:06:40.640341+00,anotador_027,3460,2,,,buenos_aires_amba,[]
2026-06-04 16:06:51.880449+00,anotador_027,4678,5,,,buenos_aires_amba,[]
2026-06-04 16:06:58.036606+00,anotador_027,4097,2,,,buenos_aires_amba,[]
2026-06-04 16:07:06.114028+00,anotador_027,5899,1,,,buenos_aires_amba,[]
2026-06-04 16:07:21.207701+00,anotador_027,3928,2,,,buenos_aires_amba,[]
2026-06-04 16:07:28.793943+00,anotador_027,4232,3,,,buenos_aires_amba,[]
2026-06-04 16:07:34.432676+00,anotador_027,6111,1,,,buenos_aires_amba,[]
2026-06-04 16:07:41.182636+00,anotador_027,5518,2,,,buenos_aires_amba,[]
2026-06-04 16:07:49.789222+00,anotador_027,5349,5,,,buenos_aires_amba,[]
2026-06-04 16:07:53.031027+00,anotador_027,3916,1,,,buenos_aires_amba,[]
2026-06-04 16:08:02.326963+00,anotador_027,689,4,,,buenos_aires_amba,[]
2026-06-04 16:08:06.100807+00,anotador_027,2055,3,,,buenos_aires_amba,[]
2026-06-04 16:08:13.266318+00,anotador_027,4487,2,,,buenos_aires_amba,[]
2026-06-04 16:08:19.535833+00,anotador_027,5437,4,,,buenos_aires_amba,[]
2026-06-04 16:08:22.448536+00,anotador_027,2106,1,,,buenos_aires_amba,[]
2026-06-04 16:08:30.487872+00,anotador_027,2047,1,,,buenos_aires_amba,[]
2026-06-04 16:09:19.193339+00,anotador_027,245,3,,,buenos_aires_amba,[]
2026-06-04 16:09:21.682401+00,anotador_027,510,4,,,buenos_aires_amba,[]
2026-06-04 16:09:27.699084+00,anotador_027,3773,4,,,buenos_aires_amba,[]
2026-06-04 16:09:35.494894+00,anotador_027,4828,1,,,buenos_aires_amba,[]
2026-06-04 16:09:43.368236+00,anotador_027,3925,1,,,buenos_aires_amba,[]
2026-06-04 16:09:54.896697+00,anotador_027,2962,3,,,buenos_aires_amba,[]
2026-06-04 16:10:02.850452+00,anotador_027,6732,4,,,buenos_aires_amba,[]
2026-06-04 16:10:15.111454+00,anotador_027,4640,2,,,buenos_aires_amba,[]
2026-06-04 16:10:23.595686+00,anotador_027,1331,3,,,buenos_aires_amba,[]
2026-06-04 16:10:28.912645+00,anotador_027,1380,1,,,buenos_aires_amba,[]
2026-06-04 16:10:39.35761+00,anotador_027,3482,1,,,buenos_aires_amba,[]
2026-06-04 16:10:44.44091+00,anotador_027,648,1,Cesped ,,buenos_aires_amba,[]
2026-06-04 16:11:08.747377+00,anotador_027,6159,4,,,buenos_aires_amba,[]
2026-06-04 16:11:19.918994+00,anotador_027,6726,2,Cristal,,buenos_aires_amba,[]
2026-06-04 16:11:33.61522+00,anotador_027,3910,4,,,buenos_aires_amba,[]
2026-06-04 16:11:38.801429+00,anotador_027,2767,3,,,buenos_aires_amba,[]
2026-06-04 16:11:44.679076+00,anotador_027,5758,5,,,buenos_aires_amba,[]
2026-06-04 16:11:53.932198+00,anotador_027,2775,2,,,buenos_aires_amba,[]
2026-06-04 16:12:02.385777+00,anotador_027,5490,5,,,buenos_aires_amba,[]
2026-06-04 16:12:07.457326+00,anotador_027,7011,4,,,buenos_aires_amba,[]
2026-06-04 16:14:24.494141+00,anotador_296,9999,,,,,"[{""pos"":1,""source"":""prem"",""palabra"":""chaval""}]"
2026-06-04 16:14:25.135703+00,anotador_296,9999,2,,,buenos_aires_amba,"[{""pos"":1,""source"":""prem"",""palabra"":""chaval""},{""pos"":4,""source"":""prem"",""palabra"":""móvil""},{""pos"":8,""source"":""prem"",""palabra"":""piso""}]"
2026-06-04 16:14:44.082598+00,anotador_296,2861,5,,,buenos_aires_amba,[]
2026-06-04 16:14:56.943694+00,anotador_296,3420,4,,,buenos_aires_amba,[]
2026-06-04 16:15:16.864698+00,anotador_296,2760,3,,,buenos_aires_amba,"[{""pos"":11,""source"":""hyp"",""palabra"":""reclamaciones""}]"
2026-06-04 16:15:34.207446+00,anotador_296,1657,5,,,buenos_aires_amba,[]
2026-06-04 16:15:46.060324+00,anotador_296,2905,4,,,buenos_aires_amba,"[{""pos"":7,""source"":""hyp"",""palabra"":""condado""},{""pos"":3,""source"":""prem"",""palabra"":""condado""}]"
2026-06-04 16:16:01.267576+00,anotador_296,7047,5,,,buenos_aires_amba,[]
2026-06-04 16:16:08.855122+00,anotador_296,1823,5,,,buenos_aires_amba,[]
2026-06-04 16:16:18.047232+00,anotador_296,6405,5,,,buenos_aires_amba,[]
2026-06-04 16:16:24.511833+00,anotador_296,129,5,,,buenos_aires_amba,[]
2026-06-04 16:16:31.954544+00,anotador_296,2762,5,,,buenos_aires_amba,[]
2026-06-04 16:16:41.993856+00,anotador_296,6458,5,,,buenos_aires_amba,[]
2026-06-04 16:16:46.994602+00,anotador_296,7004,3,,,buenos_aires_amba,"[{""pos"":12,""source"":""prem"",""palabra"":""letrero""}]"
2026-06-04 16:17:07.647483+00,anotador_296,4611,4,,,buenos_aires_amba,[]
2026-06-04 16:17:16.910134+00,anotador_296,6577,5,,,buenos_aires_amba,[]
2026-06-04 16:17:25.289292+00,anotador_296,863,5,,,buenos_aires_amba,"[{""pos"":18,""source"":""prem"",""palabra"":""tiendas""},{""pos"":12,""source"":""hyp"",""palabra"":""tiendas""}]"
2026-06-04 16:17:45.380519+00,anotador_296,4681,5,,,buenos_aires_amba,[]
2026-06-04 16:17:48.37761+00,anotador_296,2581,4,,,buenos_aires_amba,"[{""pos"":3,""source"":""prem"",""palabra"":""condado""},{""pos"":9,""source"":""prem"",""palabra"":""litigantes""}]"
2026-06-04 16:18:00.298508+00,anotador_296,6696,5,,,buenos_aires_amba,[]
2026-06-04 16:18:09.414713+00,anotador_296,1738,5,,,buenos_aires_amba,[]
2026-06-04 16:24:51.745052+00,anotador_071,9999,1,,,buenos_aires_amba,"[{""pos"":1,""source"":""prem"",""palabra"":""chaval""},{""pos"":2,""source"":""prem"",""palabra"":""cogió""},{""pos"":4,""source"":""prem"",""palabra"":""móvil""},{""pos"":8,""source"":""prem"",""palabra"":""piso""}]"
2026-06-04 16:25:14.288465+00,anotador_071,3419,3,,,buenos_aires_amba,"[{""pos"":1,""source"":""prem"",""palabra"":""localizaciones""}]"
2026-06-04 16:25:45.489162+00,anotador_071,5012,5,,,buenos_aires_amba,[]
2026-06-04 16:26:05.510204+00,anotador_071,4370,4,,,buenos_aires_amba,[]
2026-06-04 16:26:40.632636+00,anotador_071,1643,5,,,buenos_aires_amba,[]
2026-06-04 16:26:49.912627+00,anotador_071,7237,5,,,buenos_aires_amba,[]
2026-06-04 16:27:03.269746+00,anotador_071,7095,5,,,buenos_aires_amba,[]
2026-06-04 16:27:12.101498+00,anotador_071,4974,5,,,buenos_aires_amba,[]
2026-06-04 16:27:27.525071+00,anotador_071,5558,5,,,buenos_aires_amba,[]
2026-06-04 16:27:39.844291+00,anotador_071,4942,5,,,buenos_aires_amba,[]
2026-06-04 16:27:42.499837+00,anotador_071,5874,3,,,buenos_aires_amba,"[{""pos"":4,""source"":""prem"",""palabra"":""sucedió""}]"
2026-06-04 16:28:06.37182+00,anotador_071,6819,5,,,buenos_aires_amba,[]
2026-06-04 16:28:27.374017+00,anotador_071,4741,5,,,buenos_aires_amba,[]
2026-06-04 16:29:17.230973+00,anotador_071,5292,4,,,buenos_aires_amba,[]
2026-06-04 16:29:26.954524+00,anotador_071,1959,5,,,buenos_aires_amba,[]
2026-06-04 16:29:30.754917+00,anotador_071,1564,2,,,buenos_aires_amba,"[{""pos"":10,""source"":""prem"",""palabra"":""prisa.""},{""pos"":8,""source"":""prem"",""palabra"":""a""},{""pos"":9,""source"":""prem"",""palabra"":""toda""}]"
2026-06-04 16:29:51.001977+00,anotador_071,4781,4,,,buenos_aires_amba,"[{""pos"":7,""source"":""prem"",""palabra"":""comenzar""}]"
2026-06-04 16:30:19.607448+00,anotador_071,6411,5,,,buenos_aires_amba,[]
2026-06-04 16:30:30.622694+00,anotador_071,4053,5,,,buenos_aires_amba,[]
2026-06-04 16:30:44.743427+00,anotador_071,7235,5,,,buenos_aires_amba,[]
2026-06-04 16:44:15.867753+00,anotador_141,4151,4,,,buenos_aires_amba,"[{""pos"":1,""source"":""prem"",""palabra"":""mujeres""},{""pos"":2,""source"":""hyp"",""palabra"":""mujeres""},{""pos"":9,""source"":""hyp"",""palabra"":""esbelta""}]"
2026-06-04 16:44:33.730663+00,anotador_141,6564,4,,,buenos_aires_amba,"[{""pos"":5,""source"":""prem"",""palabra"":""naciones""}]"
2026-06-04 16:44:50.088415+00,anotador_141,5655,5,,,buenos_aires_amba,[]
2026-06-04 16:44:52.249024+00,anotador_141,2980,5,,,buenos_aires_amba,[]
2026-06-04 16:44:54.265927+00,anotador_141,3185,5,,,buenos_aires_amba,[]
2026-06-04 16:44:55.194429+00,anotador_141,1502,5,,,buenos_aires_amba,[]
2026-06-04 16:44:56.156693+00,anotador_141,5962,5,,,buenos_aires_amba,[]
2026-06-04 16:44:57.728313+00,anotador_141,2815,,,,,"[{""pos"":22,""source"":""prem"",""palabra"":""una""}]"
2026-06-04 16:44:58.015203+00,anotador_141,2815,5,,,buenos_aires_amba,"[{""pos"":19,""source"":""prem"",""palabra"":""excepciones,""},{""pos"":20,""source"":""prem"",""palabra"":""simplemente""},{""pos"":21,""source"":""prem"",""palabra"":""enumerar""},{""pos"":32,""source"":""prem"",""palabra"":""75$""},{""pos"":4,""source"":""hyp"",""palabra"":""bien""}]"
2026-06-04 16:45:02.829835+00,anotador_141,4132,,,,,"[{""pos"":16,""source"":""prem"",""palabra"":""expansión.""}]"
2026-06-04 16:45:03.119603+00,anotador_141,4132,5,,,buenos_aires_amba,"[{""pos"":16,""source"":""prem"",""palabra"":""expansión.""},{""pos"":4,""source"":""prem"",""palabra"":""han""},{""pos"":6,""source"":""prem"",""palabra"":""su""}]"
2026-06-04 16:45:06.399295+00,anotador_141,2655,5,,,buenos_aires_amba,[]
2026-06-04 16:45:07.291497+00,anotador_141,3567,,,,,"[{""pos"":16,""source"":""prem"",""palabra"":""viaje""}]"
2026-06-04 16:45:07.530262+00,anotador_141,3567,5,,,buenos_aires_amba,"[{""pos"":16,""source"":""prem"",""palabra"":""viaje""},{""pos"":25,""source"":""prem"",""palabra"":""reformar""},{""pos"":31,""source"":""prem"",""palabra"":""materiales""}]"
2026-06-04 16:45:11.281432+00,anotador_141,6910,5,,,buenos_aires_amba,"[{""pos"":16,""source"":""prem"",""palabra"":""3""},{""pos"":13,""source"":""hyp"",""palabra"":""nación""},{""pos"":14,""source"":""prem"",""palabra"":""social""},{""pos"":10,""source"":""prem"",""palabra"":""persona""}]"
2026-06-04 16:45:21.457923+00,anotador_141,1370,5,,,buenos_aires_amba,"[{""pos"":19,""source"":""prem"",""palabra"":""Richardson""},{""pos"":18,""source"":""prem"",""palabra"":""de""},{""pos"":30,""source"":""prem"",""palabra"":""parafraseando""}]"
2026-06-04 16:45:24.980997+00,anotador_141,2833,,,,,"[{""pos"":8,""source"":""hyp"",""palabra"":""piezas""}]"
2026-06-04 16:45:25.277168+00,anotador_141,2833,5,,,buenos_aires_amba,"[{""pos"":8,""source"":""hyp"",""palabra"":""piezas""},{""pos"":7,""source"":""prem"",""palabra"":""volumen""},{""pos"":4,""source"":""prem"",""palabra"":""directa""}]"
2026-06-04 16:45:27.580374+00,anotador_141,4501,5,,,buenos_aires_amba,"[{""pos"":13,""source"":""prem"",""palabra"":""su""},{""pos"":5,""source"":""prem"",""palabra"":""épocas""},{""pos"":17,""source"":""prem"",""palabra"":""llegarán""}]"
2026-06-04 16:45:29.977216+00,anotador_141,1257,5,,,buenos_aires_amba,"[{""pos"":18,""source"":""prem"",""palabra"":""las""},{""pos"":19,""source"":""prem"",""palabra"":""chicas""}]"
2026-06-04 16:45:34.407211+00,anotador_141,4455,,,,,"[{""pos"":9,""source"":""prem"",""palabra"":""Hamptons.""}]"
2026-06-04 16:45:34.690611+00,anotador_141,4455,,,,,"[{""pos"":9,""source"":""prem"",""palabra"":""Hamptons.""},{""pos"":0,""source"":""hyp"",""palabra"":""Newsweek""}]"
2026-06-04 16:45:34.976781+00,anotador_141,4455,5,,,buenos_aires_amba,"[{""pos"":9,""source"":""prem"",""palabra"":""Hamptons.""},{""pos"":0,""source"":""hyp"",""palabra"":""Newsweek""},{""pos"":5,""source"":""hyp"",""palabra"":""sobre""}]"
2026-06-04 16:45:36.603895+00,anotador_141,3720,,,,,"[{""pos"":9,""source"":""prem"",""palabra"":""tarifa""}]"
2026-06-04 16:45:36.823617+00,anotador_141,3720,,,,,"[{""pos"":9,""source"":""prem"",""palabra"":""tarifa""},{""pos"":2,""source"":""prem"",""palabra"":""de""}]"
2026-06-04 16:45:37.13305+00,anotador_141,3720,5,,,buenos_aires_amba,"[{""pos"":9,""source"":""prem"",""palabra"":""tarifa""},{""pos"":2,""source"":""prem"",""palabra"":""de""},{""pos"":7,""source"":""prem"",""palabra"":""gratuito""},{""pos"":6,""source"":""prem"",""palabra"":""Tour""},{""pos"":13,""source"":""prem"",""palabra"":""$.""},{""pos"":12,""source"":""prem"",""palabra"":""3""},{""pos"":7,""source"":""hyp"",""palabra"":""y""},{""pos"":5,""source"":""hyp"",""palabra"":""3""}]"
2026-06-04 16:45:42.089887+00,anotador_141,5889,,,,,"[{""pos"":2,""source"":""prem"",""palabra"":""diablos""}]"
2026-06-04 16:45:43.442839+00,anotador_141,5889,5,,,buenos_aires_amba,"[{""pos"":2,""source"":""hyp"",""palabra"":""él""},{""pos"":2,""source"":""prem"",""palabra"":""diablos""},{""pos"":3,""source"":""prem"",""palabra"":""sos?""},{""pos"":6,""source"":""prem"",""palabra"":""al""}]"
2026-06-04 16:45:46.835173+00,anotador_141,6136,5,,,buenos_aires_amba,"[{""pos"":11,""source"":""prem"",""palabra"":""una""},{""pos"":2,""source"":""hyp"",""palabra"":""representa""},{""pos"":7,""source"":""hyp"",""palabra"":""posguerra""},{""pos"":13,""source"":""prem"",""palabra"":""hexagonal""},{""pos"":3,""source"":""prem"",""palabra"":""octagonal""}]"
2026-06-04 17:08:25.093529+00,anotador_261,3974,4,,,buenos_aires_amba,[]
2026-06-04 17:24:51.881793+00,anotador_239,9999,1,,,rio_negro,"[{""pos"":1,""source"":""prem"",""palabra"":""chaval""},{""pos"":2,""source"":""prem"",""palabra"":""cogió""},{""pos"":4,""source"":""prem"",""palabra"":""móvil""},{""pos"":8,""source"":""prem"",""palabra"":""piso""},{""pos"":1,""source"":""hyp"",""palabra"":""Kettering,""},{""pos"":3,""source"":""hyp"",""palabra"":""Wollongong""},{""pos"":4,""source"":""hyp"",""palabra"":""Bears""},{""pos"":7,""source"":""hyp"",""palabra"":""Tournament""},{""pos"":8,""source"":""hyp"",""palabra"":""of""},{""pos"":9,""source"":""hyp"",""palabra"":""Kilimsworth""},{""pos"":13,""source"":""hyp"",""palabra"":""fans.""}]"
2026-06-04 17:25:48.589994+00,anotador_239,1465,3,,,rio_negro,[]
2026-06-04 17:26:07.456446+00,anotador_239,3551,4,,,rio_negro,[]
2026-06-04 17:26:20.614717+00,anotador_239,7168,4,,,rio_negro,"[{""pos"":6,""source"":""hyp"",""palabra"":""ha""},{""pos"":7,""source"":""hyp"",""palabra"":""viajado""}]"
2026-06-04 17:26:49.128345+00,anotador_239,4674,4,,,rio_negro,[]
2026-06-04 17:26:54.870707+00,anotador_239,5456,5,,,rio_negro,[]
2026-06-04 17:27:08.499541+00,anotador_239,3692,5,,,rio_negro,[]
2026-06-04 17:27:34.479132+00,anotador_239,5702,4,,,rio_negro,[]
2026-06-04 17:27:52.34465+00,anotador_239,4450,5,,,rio_negro,[]
2026-06-04 17:28:05.036041+00,anotador_239,4510,5,,,rio_negro,[]
2026-06-04 17:28:09.652209+00,anotador_239,4943,4,,,rio_negro,"[{""pos"":7,""source"":""prem"",""palabra"":""periódicos""},{""pos"":15,""source"":""prem"",""palabra"":""formidable""}]"
2026-06-04 17:28:37.75049+00,anotador_239,4864,4,,,rio_negro,"[{""pos"":4,""source"":""hyp"",""palabra"":""sucede""}]"
2026-06-04 17:28:55.337372+00,anotador_239,5121,4,,,rio_negro,[]
2026-06-04 17:29:01.710258+00,anotador_239,1633,4,,,rio_negro,"[{""pos"":0,""source"":""prem"",""palabra"":""No""},{""pos"":4,""source"":""prem"",""palabra"":""no""},{""pos"":8,""source"":""prem"",""palabra"":""no""},{""pos"":11,""source"":""hyp"",""palabra"":""madre""}]"
2026-06-04 17:29:36.102204+00,anotador_239,2956,5,,,rio_negro,[]
2026-06-04 17:29:46.624677+00,anotador_239,6589,5,,,rio_negro,[]
2026-06-04 17:29:54.715958+00,anotador_239,2445,4,,,rio_negro,"[{""pos"":2,""source"":""prem"",""palabra"":""encontrarás""},{""pos"":5,""source"":""hyp"",""palabra"":""pegatinas.""}]"
2026-06-04 17:30:19.607607+00,anotador_239,7362,5,,,rio_negro,[]
2026-06-04 17:30:53.315656+00,anotador_239,7288,4,,,rio_negro,[]
2026-06-04 17:31:10.212317+00,anotador_239,1390,5,,,rio_negro,[]
2026-06-04 17:31:47.713876+00,anotador_239,4602,4,,,rio_negro,[]
2026-06-04 17:31:57.894804+00,anotador_239,3003,5,,,rio_negro,[]
2026-06-04 17:32:12.143539+00,anotador_239,2327,5,,,rio_negro,[]
2026-06-04 17:32:24.417221+00,anotador_239,2166,4,,,rio_negro,[]
2026-06-04 17:32:38.476185+00,anotador_239,5301,5,,,rio_negro,[]
2026-06-04 17:32:47.6241+00,anotador_239,5436,5,,,rio_negro,[]
2026-06-04 17:32:55.214121+00,anotador_239,5232,5,,,rio_negro,[]
2026-06-04 17:33:02.562862+00,anotador_239,2218,5,,,rio_negro,[]
2026-06-04 17:33:16.805167+00,anotador_239,5921,5,,,rio_negro,[]
2026-06-04 17:33:22.700979+00,anotador_239,4993,5,,,rio_negro,[]
2026-06-04 17:33:34.621212+00,anotador_239,5868,4,,,rio_negro,"[{""pos"":2,""source"":""hyp"",""palabra"":""ingrato""}]"
2026-06-04 17:33:45.857568+00,anotador_239,1663,5,,,rio_negro,[]
2026-06-04 17:33:52.898017+00,anotador_239,1956,5,,,rio_negro,[]
2026-06-04 17:34:01.374633+00,anotador_239,3787,5,,,rio_negro,[]
2026-06-04 17:34:07.347499+00,anotador_239,3593,5,,,rio_negro,"[{""pos"":2,""source"":""hyp"",""palabra"":""he""},{""pos"":3,""source"":""hyp"",""palabra"":""conocido""}]"
2026-06-04 17:34:28.607861+00,anotador_239,5698,5,,,rio_negro,[]
2026-06-04 17:34:40.568656+00,anotador_239,2158,5,,,rio_negro,[]
2026-06-04 17:34:47.219374+00,anotador_239,3696,5,,,rio_negro,"[{""pos"":10,""source"":""prem"",""palabra"":""niño""}]"
2026-06-04 17:35:08.914135+00,anotador_239,2079,5,,,rio_negro,[]
2026-06-04 17:35:22.303686+00,anotador_239,5473,4,,,rio_negro,"[{""pos"":3,""source"":""prem"",""palabra"":""el""},{""pos"":4,""source"":""prem"",""palabra"":""cónyuge""}]"
2026-06-04 17:43:39.241289+00,anotador_096,9999,1,,,,[]
2026-06-04 17:43:52.692715+00,anotador_096,1280,5,,,,[]
2026-06-04 17:44:02.240297+00,anotador_096,5825,5,,,,[]
2026-06-04 17:44:17.98257+00,anotador_096,539,5,,,,[]
2026-06-04 17:44:29.6324+00,anotador_015,9999,1,,,buenos_aires_interior,[]
2026-06-04 17:44:39.321424+00,anotador_015,1884,5,,,buenos_aires_interior,[]
2026-06-04 17:44:45.483736+00,anotador_015,6616,5,,,buenos_aires_interior,[]
2026-06-04 17:44:55.047452+00,anotador_015,2900,5,,,buenos_aires_interior,[]
2026-06-04 17:45:07.17211+00,anotador_015,3575,5,,,buenos_aires_interior,[]
2026-06-04 17:45:12.985748+00,anotador_015,4593,5,,,buenos_aires_interior,[]
2026-06-04 17:45:26.763059+00,anotador_015,4258,5,,,buenos_aires_interior,[]
2026-06-04 17:45:32.888442+00,anotador_015,7173,5,,,buenos_aires_interior,[]
2026-06-04 17:45:45.207551+00,anotador_015,7171,5,,,buenos_aires_interior,[]
2026-06-04 17:45:55.254743+00,anotador_015,915,5,,,buenos_aires_interior,[]
2026-06-04 17:46:00.299158+00,anotador_015,5757,5,,,buenos_aires_interior,[]
2026-06-04 17:46:15.03587+00,anotador_015,2740,5,,,buenos_aires_interior,[]
2026-06-04 17:46:19.866745+00,anotador_015,5680,5,,,buenos_aires_interior,[]
2026-06-04 17:46:27.147951+00,anotador_015,5099,5,,,buenos_aires_interior,[]
2026-06-04 17:46:33.639563+00,anotador_015,5199,5,,,buenos_aires_interior,[]
2026-06-04 17:46:38.556426+00,anotador_015,2983,5,,,buenos_aires_interior,[]
2026-06-04 17:46:47.528279+00,anotador_015,3932,5,,,buenos_aires_interior,[]
2026-06-04 17:46:50.603603+00,anotador_112,9999,1,,,,[]
2026-06-04 17:46:57.924616+00,anotador_015,6194,5,,,buenos_aires_interior,[]
2026-06-04 17:47:01.74549+00,anotador_015,7087,5,,,buenos_aires_interior,[]
2026-06-04 17:47:05.602196+00,anotador_015,5557,5,,,buenos_aires_interior,[]
2026-06-04 17:47:07.94501+00,anotador_112,4182,5,,,,[]
2026-06-04 17:47:28.635257+00,anotador_112,5566,3,Bromear,,,[]
2026-06-04 17:47:47.90941+00,anotador_112,5926,5,,,,[]
2026-06-04 17:47:56.706439+00,anotador_112,6403,5,,,,[]
2026-06-04 17:50:28.398293+00,anotador_074,9999,1,La segunda oración.,,,"[{""pos"":1,""source"":""prem"",""palabra"":""chaval""},{""pos"":2,""source"":""prem"",""palabra"":""cogió""},{""pos"":4,""source"":""prem"",""palabra"":""móvil""},{""pos"":8,""source"":""prem"",""palabra"":""piso""}]"
2026-06-04 17:50:44.149504+00,anotador_240,9999,1,Chaval - cogio - móvil ,,buenos_aires_amba,"[{""pos"":1,""source"":""prem"",""palabra"":""chaval""},{""pos"":2,""source"":""prem"",""palabra"":""cogió""},{""pos"":4,""source"":""prem"",""palabra"":""móvil""}]"
2026-06-04 17:51:12.437375+00,anotador_074,6152,4,Encontrar un museo dentro de un cartel,,,"[{""pos"":0,""source"":""prem"",""palabra"":""Encontrarás""}]"
2026-06-04 17:51:52.065821+00,anotador_240,3877,3,La segunda frase es menos usual ,,buenos_aires_amba,[]
2026-06-04 17:52:03.976588+00,anotador_074,1384,3,,,,"[{""pos"":0,""source"":""prem"",""palabra"":""Multiplica""}]"
2026-06-04 17:52:12.366934+00,anotador_240,4731,4,,,buenos_aires_amba,"[{""pos"":11,""source"":""prem"",""palabra"":""argot,""}]"
2026-06-04 17:52:29.403907+00,anotador_240,7319,3,Bufón ,,buenos_aires_amba,"[{""pos"":11,""source"":""hyp"",""palabra"":""bufón""}]"
2026-06-04 17:52:41.820837+00,anotador_074,5369,4,"bien, va a pasar por la ranura",,,"[{""pos"":1,""source"":""prem"",""palabra"":""pasarán""}]"
2026-06-04 17:52:58.936551+00,anotador_240,5265,5,,,buenos_aires_amba,[]
2026-06-04 17:52:59.162451+00,anotador_018,9999,,,,buenos_aires_amba,"[{""pos"":1,""source"":""prem"",""palabra"":""chaval""},{""pos"":1,""source"":""hyp"",""palabra"":""Kettering,""}]"
2026-06-04 17:53:13.240017+00,anotador_240,3204,5,,,buenos_aires_amba,[]
2026-06-04 17:53:19.346954+00,anotador_074,5920,4,,,,[]
2026-06-04 17:53:33.048354+00,anotador_240,7021,5,,,buenos_aires_amba,[]
2026-06-04 17:53:40.955915+00,anotador_074,5785,4,,,,"[{""pos"":6,""source"":""prem"",""palabra"":""granuja""}]"
2026-06-04 17:53:55.736951+00,anotador_074,5816,4,,,,[]
2026-06-04 17:53:55.807226+00,anotador_240,6070,5,,,buenos_aires_amba,[]
2026-06-04 17:54:04.017255+00,anotador_074,1951,4,,,,[]
2026-06-04 17:54:25.844641+00,anotador_074,764,5,el ya sabés al final es raro,,,[]
2026-06-04 17:54:35.508929+00,anotador_074,1859,5,,,,[]
2026-06-04 17:54:48.8225+00,anotador_074,3821,5,,,,[]
2026-06-04 17:54:54.963156+00,anotador_074,1608,4,,,,[]
2026-06-04 17:55:14.223216+00,anotador_074,5357,5,,,,[]
2026-06-04 17:55:21.038459+00,anotador_074,2020,4,,,,[]
2026-06-04 17:55:28.655335+00,anotador_074,4470,5,,,,[]
2026-06-04 17:55:40.091197+00,anotador_074,6642,4,,,,[]
2026-06-04 17:56:15.448852+00,anotador_240,4867,5,,,buenos_aires_amba,[]
2026-06-04 17:56:28.511493+00,anotador_129,9999,2,"Cogió 
Tournament  of 
Bears ",,buenos_aires_amba,[]
2026-06-04 17:56:31.496111+00,anotador_240,2216,5,,,buenos_aires_amba,[]
2026-06-04 17:56:39.441666+00,anotador_240,6720,5,,,buenos_aires_amba,[]
2026-06-04 17:56:47.341792+00,anotador_240,5330,3,,,buenos_aires_amba,"[{""pos"":7,""source"":""prem"",""palabra"":""ay""},{""pos"":10,""source"":""prem"",""palabra"":""uy""}]"
2026-06-04 17:56:51.535196+00,anotador_018,131,5,,,buenos_aires_amba,[]
2026-06-04 17:57:05.504558+00,anotador_240,3541,5,,,buenos_aires_amba,[]
2026-06-04 17:57:16.035563+00,anotador_240,3056,5,,,buenos_aires_amba,[]
2026-06-04 17:57:23.793746+00,anotador_240,7395,5,,,buenos_aires_amba,[]
2026-06-04 17:57:27.814906+00,anotador_305,9999,1,,,buenos_aires_amba,"[{""pos"":1,""source"":""prem"",""palabra"":""chaval""},{""pos"":2,""source"":""prem"",""palabra"":""cogió""},{""pos"":4,""source"":""prem"",""palabra"":""móvil""},{""pos"":1,""source"":""hyp"",""palabra"":""Kettering,""},{""pos"":3,""source"":""hyp"",""palabra"":""Wollongong""},{""pos"":4,""source"":""hyp"",""palabra"":""Bears""},{""pos"":7,""source"":""hyp"",""palabra"":""Tournament""},{""pos"":9,""source"":""hyp"",""palabra"":""Kilimsworth""},{""pos"":8,""source"":""hyp"",""palabra"":""of""}]"
2026-06-04 17:57:32.134727+00,anotador_240,5284,4,,,buenos_aires_amba,[]
2026-06-04 17:57:40.282966+00,anotador_018,3953,5,,,buenos_aires_amba,[]
2026-06-04 17:57:57.303969+00,anotador_240,4614,5,,,buenos_aires_amba,[]
2026-06-04 17:58:02.997198+00,anotador_129,2091,5,,,buenos_aires_amba,[]
2026-06-04 17:58:12.535574+00,anotador_240,6374,5,,,buenos_aires_amba,[]
2026-06-04 17:58:19.270134+00,anotador_240,2467,5,,,buenos_aires_amba,[]
2026-06-04 17:58:22.88734+00,anotador_018,4774,3,,,buenos_aires_amba,[]
2026-06-04 17:58:23.16044+00,anotador_305,5602,2,,,buenos_aires_amba,"[{""pos"":0,""source"":""prem"",""palabra"":""Comienzo""},{""pos"":5,""source"":""prem"",""palabra"":""dotación""}]"
2026-06-04 17:58:24.347856+00,anotador_129,5884,5,,,buenos_aires_amba,[]
2026-06-04 17:58:28.526421+00,anotador_240,5600,5,,,buenos_aires_amba,[]
2026-06-04 17:58:33.447277+00,anotador_018,1343,4,,,buenos_aires_amba,"[{""pos"":0,""source"":""prem"",""palabra"":""96""}]"
2026-06-04 17:58:36.078629+00,anotador_129,757,5,,,buenos_aires_amba,[]
2026-06-04 17:58:54.840178+00,anotador_305,2731,4,,,buenos_aires_amba,[]
2026-06-04 17:59:05.755909+00,anotador_129,7195,3,2000 Discover card ,,buenos_aires_amba,[]
2026-06-04 17:59:08.312048+00,anotador_018,1855,4,,,buenos_aires_amba,"[{""pos"":10,""source"":""prem"",""palabra"":""apresurándose""}]"
2026-06-04 17:59:20.444317+00,anotador_305,2676,5,,,buenos_aires_amba,[]
2026-06-04 17:59:32.441175+00,anotador_018,5618,5,,,buenos_aires_amba,[]
2026-06-04 17:59:45.025068+00,anotador_018,5003,5,,,buenos_aires_amba,[]
2026-06-04 17:59:58.631147+00,anotador_018,3194,5,,,buenos_aires_amba,[]
2026-06-04 18:00:03.505043+00,anotador_018,5877,5,,,buenos_aires_amba,"[{""pos"":0,""source"":""prem"",""palabra"":""Bouchard""}]"
2026-06-04 18:00:07.763285+00,anotador_305,1821,5,,,buenos_aires_amba,[]
2026-06-04 18:00:32.541405+00,anotador_018,4032,5,,,buenos_aires_amba,[]
2026-06-04 18:00:36.192766+00,anotador_305,23,3,,,buenos_aires_amba,"[{""pos"":5,""source"":""prem"",""palabra"":""destacamentos""},{""pos"":3,""source"":""hyp"",""palabra"":""destacamentos""}]"
2026-06-04 18:00:38.240605+00,anotador_018,5619,5,,,buenos_aires_amba,[]
2026-06-04 18:00:42.673348+00,anotador_018,4336,5,,,buenos_aires_amba,[]
2026-06-04 18:00:50.647429+00,anotador_018,3703,5,,,buenos_aires_amba,[]
2026-06-04 18:00:56.871977+00,anotador_305,4563,5,,,buenos_aires_amba,[]
2026-06-04 18:01:00.112174+00,anotador_018,2425,4,,,buenos_aires_amba,"[{""pos"":7,""source"":""prem"",""palabra"":""Company""},{""pos"":6,""source"":""prem"",""palabra"":""Sing""},{""pos"":5,""source"":""prem"",""palabra"":""Tai""}]"
2026-06-04 18:01:02.980141+00,anotador_305,3166,4,,,buenos_aires_amba,"[{""pos"":4,""source"":""prem"",""palabra"":""entresuelo""},{""pos"":5,""source"":""hyp"",""palabra"":""entresuelo""}]"
2026-06-04 18:01:07.216868+00,anotador_018,1218,5,,,buenos_aires_amba,[]
2026-06-04 18:01:14.474288+00,anotador_018,4766,5,,,buenos_aires_amba,[]
2026-06-04 18:01:20.403905+00,anotador_018,2897,5,,,buenos_aires_amba,[]
2026-06-04 18:01:23.602307+00,anotador_018,5858,5,,,buenos_aires_amba,[]
2026-06-04 18:01:31.665351+00,anotador_018,6171,5,,,buenos_aires_amba,[]
2026-06-04 18:01:35.834564+00,anotador_018,1403,5,,,buenos_aires_amba,[]
2026-06-04 18:01:56.053146+00,anotador_129,14,4,Megatones desde unos 30 ,,buenos_aires_amba,[]
2026-06-04 18:02:08.696705+00,anotador_129,5500,5,,,buenos_aires_amba,[]
2026-06-04 18:02:12.908298+00,anotador_305,3971,5,,,buenos_aires_amba,[]
2026-06-04 18:02:15.82911+00,anotador_129,101,5,,,buenos_aires_amba,[]
2026-06-04 18:02:26.002347+00,anotador_129,2152,5,,,buenos_aires_amba,[]
2026-06-04 18:02:30.484458+00,anotador_305,6064,2,,,buenos_aires_amba,[]
2026-06-04 18:02:46.573029+00,anotador_305,6574,4,,,buenos_aires_amba,"[{""pos"":9,""source"":""prem"",""palabra"":""misceláneas""},{""pos"":16,""source"":""prem"",""palabra"":""parafernalia""},{""pos"":7,""source"":""hyp"",""palabra"":""maletas""}]"
2026-06-04 18:03:43.089783+00,anotador_129,4535,4,Varied de Jerga ,,buenos_aires_amba,[]
2026-06-04 18:04:23.283596+00,anotador_305,3018,4,,,buenos_aires_amba,[]
2026-06-04 18:04:41.995855+00,anotador_305,6180,5,,,buenos_aires_amba,[]
2026-06-04 18:04:57.504798+00,anotador_305,6699,5,,,buenos_aires_amba,[]
2026-06-04 18:05:04.140837+00,anotador_129,5831,4,Infernalmente ,,buenos_aires_amba,[]
2026-06-04 18:05:14.08005+00,anotador_305,3364,5,,,buenos_aires_amba,[]
2026-06-04 18:05:24.258076+00,anotador_305,668,5,,,buenos_aires_amba,[]
2026-06-04 18:05:28.245813+00,anotador_129,2712,5,,,buenos_aires_amba,[]
2026-06-04 18:05:45.088927+00,anotador_305,4570,4,,,buenos_aires_amba,[]
2026-06-04 18:05:48.718754+00,anotador_129,5919,5,,,buenos_aires_amba,[]
2026-06-04 18:05:53.369147+00,anotador_129,7292,5,,,buenos_aires_amba,[]
2026-06-04 18:05:57.822191+00,anotador_305,4458,5,,,buenos_aires_amba,[]
2026-06-04 18:06:13.727732+00,anotador_305,1489,5,,,buenos_aires_amba,[]
2026-06-04 18:06:32.189328+00,anotador_305,5288,5,,,buenos_aires_amba,[]
2026-06-04 18:07:17.92385+00,anotador_129,7302,4,Derivations ,,buenos_aires_amba,[]
2026-06-04 18:08:26.810116+00,anotador_129,6082,5,,,buenos_aires_amba,[]
2026-06-04 18:10:57.568106+00,anotador_129,6341,4,Calculo base ,,buenos_aires_amba,[]
2026-06-04 18:11:15.578949+00,anotador_129,2126,4,Base ,,buenos_aires_amba,[]
2026-06-04 18:14:39.460761+00,anotador_129,2036,4,Mae ,,buenos_aires_amba,[]
2026-06-04 18:14:54.634667+00,anotador_129,4287,5,,,buenos_aires_amba,[]
2026-06-04 18:22:43.854637+00,anotador_261,2860,5,,,buenos_aires_amba,[]
2026-06-04 18:27:06.791084+00,anotador_091,9999,1,,,buenos_aires_amba,"[{""pos"":1,""source"":""prem"",""palabra"":""chaval""},{""pos"":1,""source"":""hyp"",""palabra"":""Kettering,""},{""pos"":3,""source"":""hyp"",""palabra"":""Wollongong""},{""pos"":2,""source"":""prem"",""palabra"":""cogió""},{""pos"":4,""source"":""hyp"",""palabra"":""Bears""},{""pos"":7,""source"":""hyp"",""palabra"":""Tournament""},{""pos"":9,""source"":""hyp"",""palabra"":""Kilimsworth""},{""pos"":8,""source"":""hyp"",""palabra"":""of""},{""pos"":13,""source"":""hyp"",""palabra"":""fans.""}]"
2026-06-04 18:27:38.84561+00,anotador_091,2393,4,,,buenos_aires_amba,"[{""pos"":26,""source"":""prem"",""palabra"":""céntimos.""}]"
2026-06-04 18:28:14.322506+00,anotador_091,5891,5,,,buenos_aires_amba,[]
2026-06-04 18:28:25.533489+00,anotador_091,6100,4,,,buenos_aires_amba,"[{""pos"":25,""source"":""prem"",""palabra"":""enlazaba""}]"
2026-06-04 18:28:39.284443+00,anotador_091,6042,5,,,buenos_aires_amba,[]
2026-06-04 18:28:50.931177+00,anotador_091,6225,4,,,buenos_aires_amba,"[{""pos"":16,""source"":""prem"",""palabra"":""líderes""},{""pos"":17,""source"":""prem"",""palabra"":""marítimos""},{""pos"":30,""source"":""prem"",""palabra"":""estatus""},{""pos"":36,""source"":""prem"",""palabra"":""dominio""}]"
2026-06-04 18:29:40.055136+00,anotador_091,45,3,,,buenos_aires_amba,"[{""pos"":2,""source"":""hyp"",""palabra"":""tomó""}]"
2026-06-04 18:29:57.936206+00,anotador_091,6247,5,,,buenos_aires_amba,[]
2026-06-04 18:30:06.963756+00,anotador_091,2761,3,,,buenos_aires_amba,"[{""pos"":5,""source"":""prem"",""palabra"":""tomarse""},{""pos"":1,""source"":""hyp"",""palabra"":""reclamación""}]"
2026-06-04 18:30:40.978544+00,anotador_091,3264,5,,,buenos_aires_amba,[]
2026-06-04 18:30:54.283929+00,anotador_091,6957,5,,,buenos_aires_amba,[]
2026-06-04 18:31:00.923402+00,anotador_091,7337,5,,,buenos_aires_amba,[]
2026-06-04 18:31:15.63953+00,anotador_091,3940,5,,,buenos_aires_amba,[]
2026-06-04 18:31:29.490026+00,anotador_091,119,5,,,buenos_aires_amba,[]
2026-06-04 18:31:45.896565+00,anotador_091,6542,5,,,buenos_aires_amba,[]
2026-06-04 18:31:52.945895+00,anotador_091,5815,5,,,buenos_aires_amba,[]
2026-06-04 18:32:02.159811+00,anotador_091,6619,5,,,buenos_aires_amba,[]
2026-06-04 18:32:22.23362+00,anotador_091,3685,4,,,buenos_aires_amba,"[{""pos"":4,""source"":""prem"",""palabra"":""de""},{""pos"":3,""source"":""prem"",""palabra"":""tarjeta""},{""pos"":5,""source"":""prem"",""palabra"":""respuesta""}]"
2026-06-04 18:32:48.403131+00,anotador_091,6452,3,,,buenos_aires_amba,"[{""pos"":1,""source"":""hyp"",""palabra"":""talla""},{""pos"":9,""source"":""hyp"",""palabra"":""breves.""}]"
2026-06-04 18:33:52.830811+00,anotador_091,1214,5,,,buenos_aires_amba,[]
2026-06-04 18:34:43.636829+00,anotador_091,4787,3,,,buenos_aires_amba,"[{""pos"":0,""source"":""prem"",""palabra"":""Golpes""}]"
2026-06-04 18:34:50.21255+00,anotador_091,7112,4,,,buenos_aires_amba,"[{""pos"":2,""source"":""prem"",""palabra"":""planteamiento""},{""pos"":14,""source"":""prem"",""palabra"":""planteamientos""}]"
2026-06-04 18:35:11.055652+00,anotador_091,5569,5,,,buenos_aires_amba,[]
2026-06-04 18:35:19.31096+00,anotador_091,5883,5,,,buenos_aires_amba,[]
2026-06-04 18:35:31.420313+00,anotador_091,6420,4,,,buenos_aires_amba,"[{""pos"":22,""source"":""prem"",""palabra"":""postales""},{""pos"":21,""source"":""prem"",""palabra"":""densidades""}]"
2026-06-04 18:38:24.806829+00,anotador_091,5700,4,,,buenos_aires_amba,"[{""pos"":12,""source"":""prem"",""palabra"":""recombinación""}]"
2026-06-04 18:39:16.672913+00,anotador_091,3623,4,,,buenos_aires_amba,"[{""pos"":2,""source"":""prem"",""palabra"":""medio""},{""pos"":1,""source"":""prem"",""palabra"":""Por""},{""pos"":3,""source"":""prem"",""palabra"":""de""}]"
2026-06-04 18:39:40.728217+00,anotador_091,5591,5,,,buenos_aires_amba,[]
2026-06-04 18:40:22.799017+00,anotador_091,4813,5,,,buenos_aires_amba,[]
2026-06-04 18:40:37.041115+00,anotador_091,5533,4,,,buenos_aires_amba,[]
2026-06-04 18:41:29.175075+00,anotador_091,6442,5,,,buenos_aires_amba,[]
2026-06-04 18:41:43.35015+00,anotador_091,4302,4,,,buenos_aires_amba,"[{""pos"":11,""source"":""prem"",""palabra"":""subsidio""}]"
2026-06-04 18:41:54.137359+00,anotador_091,4910,4,,,buenos_aires_amba,"[{""pos"":7,""source"":""prem"",""palabra"":""Honey""},{""pos"":3,""source"":""hyp"",""palabra"":""Honey""}]"
2026-06-04 18:42:26.505364+00,anotador_091,5156,4,,,buenos_aires_amba,"[{""pos"":16,""source"":""prem"",""palabra"":""tuvo""}]"
2026-06-04 18:42:39.74042+00,anotador_091,5150,5,,,buenos_aires_amba,[]
2026-06-04 18:42:46.40729+00,anotador_091,6807,5,,,buenos_aires_amba,[]
2026-06-04 18:43:28.544798+00,anotador_091,3371,3,,,buenos_aires_amba,"[{""pos"":6,""source"":""prem"",""palabra"":""Gates,""},{""pos"":15,""source"":""prem"",""palabra"":""DCI,""}]"
2026-06-04 18:43:41.669648+00,anotador_091,6273,3,,,buenos_aires_amba,"[{""pos"":3,""source"":""prem"",""palabra"":""GGD,""},{""pos"":14,""source"":""prem"",""palabra"":""culminando.""}]"
2026-06-04 18:44:06.710549+00,anotador_091,1080,5,,,buenos_aires_amba,[]
2026-06-04 18:44:21.46655+00,anotador_091,4677,5,,,buenos_aires_amba,[]
2026-06-04 18:44:59.656429+00,anotador_091,1419,2,,,,"[{""pos"":1,""source"":""prem"",""palabra"":""H.""},{""pos"":0,""source"":""prem"",""palabra"":""H.""},{""pos"":2,""source"":""prem"",""palabra"":""Richardson""},{""pos"":6,""source"":""prem"",""palabra"":""Charles""},{""pos"":7,""source"":""prem"",""palabra"":""Follen""},{""pos"":8,""source"":""prem"",""palabra"":""McKim""},{""pos"":17,""source"":""prem"",""palabra"":""McKim,""},{""pos"":18,""source"":""prem"",""palabra"":""John""},{""pos"":20,""source"":""prem"",""palabra"":""Carrare""},{""pos"":19,""source"":""prem"",""palabra"":""M.""},{""pos"":22,""source"":""prem"",""palabra"":""Thomas""},{""pos"":23,""source"":""prem"",""palabra"":""Hastings.""},{""pos"":2,""source"":""hyp"",""palabra"":""McKim,""},{""pos"":0,""source"":""hyp"",""palabra"":""Charles""},{""pos"":5,""source"":""hyp"",""palabra"":""Carrare""},{""pos"":7,""source"":""hyp"",""palabra"":""Thomas""},{""pos"":3,""source"":""hyp"",""palabra"":""John""},{""pos"":8,""source"":""hyp"",""palabra"":""Hastings""},{""pos"":16,""source"":""hyp"",""palabra"":""Richardson""},{""pos"":15,""source"":""hyp"",""palabra"":""H.""},{""pos"":14,""source"":""hyp"",""palabra"":""H.""}]"
2026-06-04 18:45:11.606299+00,anotador_237,9999,2,,,,"[{""pos"":1,""source"":""prem"",""palabra"":""chaval""},{""pos"":2,""source"":""prem"",""palabra"":""cogió""},{""pos"":1,""source"":""hyp"",""palabra"":""Kettering,""},{""pos"":7,""source"":""hyp"",""palabra"":""Tournament""},{""pos"":4,""source"":""prem"",""palabra"":""móvil""}]"
2026-06-04 18:45:47.499239+00,anotador_091,4351,5,,,,[]
2026-06-04 18:45:50.817675+00,anotador_091,6491,3,,,,"[{""pos"":0,""source"":""prem"",""palabra"":""Centrelink""},{""pos"":15,""source"":""prem"",""palabra"":""13""},{""pos"":5,""source"":""hyp"",""palabra"":""Centrelink""}]"
2026-06-04 18:45:52.199675+00,anotador_237,7181,4,,,,[]
2026-06-04 18:46:08.176884+00,anotador_237,3861,4,,,,[]
2026-06-04 18:46:15.436747+00,anotador_091,1850,4,,,,"[{""pos"":7,""source"":""prem"",""palabra"":""Bouchard""},{""pos"":2,""source"":""hyp"",""palabra"":""Bouchard""}]"
2026-06-04 18:46:15.696437+00,anotador_237,3732,4,,,,"[{""pos"":13,""source"":""hyp"",""palabra"":""comience""}]"
2026-06-04 18:46:32.070089+00,anotador_091,2869,3,,,,"[{""pos"":12,""source"":""prem"",""palabra"":""GAGAS""},{""pos"":0,""source"":""prem"",""palabra"":""4.14""},{""pos"":11,""source"":""hyp"",""palabra"":""GAGAS.""}]"
2026-06-04 18:46:33.005686+00,anotador_237,2077,4,,,,"[{""pos"":0,""source"":""prem"",""palabra"":""Sofias,""}]"
2026-06-04 18:46:54.07862+00,anotador_091,2885,3,,,,"[{""pos"":0,""source"":""prem"",""palabra"":""61""},{""pos"":16,""source"":""prem"",""palabra"":""Security""},{""pos"":15,""source"":""prem"",""palabra"":""Social""},{""pos"":18,""source"":""prem"",""palabra"":""Medicare""}]"
2026-06-04 18:47:23.919073+00,anotador_091,6368,4,,,,"[{""pos"":0,""source"":""prem"",""palabra"":""TABLA""},{""pos"":1,""source"":""prem"",""palabra"":""A.-""},{""pos"":11,""source"":""prem"",""palabra"":""EGUS""}]"
2026-06-04 18:48:16.787597+00,anotador_091,6032,4,,,,"[{""pos"":0,""source"":""hyp"",""palabra"":""La""}]"
2026-06-04 18:48:40.445151+00,anotador_091,6891,4,,,,"[{""pos"":12,""source"":""hyp"",""palabra"":""The""},{""pos"":13,""source"":""hyp"",""palabra"":""Walking""},{""pos"":14,""source"":""hyp"",""palabra"":""Dead""},{""pos"":4,""source"":""prem"",""palabra"":""contribución,""}]"
2026-06-04 18:49:11.340269+00,anotador_091,3435,5,,,,[]
2026-06-04 18:49:23.95566+00,anotador_091,6963,5,,,,[]
2026-06-04 18:49:28.418243+00,anotador_091,2140,4,,,,"[{""pos"":1,""source"":""prem"",""palabra"":""Prinsengracht,""}]"
2026-06-04 18:50:04.368697+00,anotador_261,1487,4,,,buenos_aires_amba,"[{""pos"":27,""source"":""prem"",""palabra"":""Columbia.""},{""pos"":25,""source"":""prem"",""palabra"":""Distrito""}]"
2026-06-04 19:02:08.635438+00,anotador_042,9999,1,,,buenos_aires_amba,[]
2026-06-04 19:02:32.920749+00,anotador_042,6046,1,,,buenos_aires_amba,[]
2026-06-04 19:02:47.853266+00,anotador_042,3963,4,,,buenos_aires_amba,[]
2026-06-04 19:02:56.996293+00,anotador_042,3231,5,,,buenos_aires_amba,[]
2026-06-04 19:03:03.98569+00,anotador_042,2923,5,,,buenos_aires_amba,[]
2026-06-04 19:03:12.118851+00,anotador_042,3566,4,,,buenos_aires_amba,[]
2026-06-04 19:03:21.419461+00,anotador_042,6685,5,,,buenos_aires_amba,[]
2026-06-04 19:03:31.581248+00,anotador_042,1673,5,,,buenos_aires_amba,[]
2026-06-04 19:03:40.452476+00,anotador_042,2831,3,,,buenos_aires_amba,[]
2026-06-04 19:03:52.124532+00,anotador_042,7081,5,,,buenos_aires_amba,[]
2026-06-04 19:04:02.293155+00,anotador_042,1592,1,,,buenos_aires_amba,[]
2026-06-04 19:04:11.897836+00,anotador_042,6296,3,,,buenos_aires_amba,[]
2026-06-04 19:04:21.571219+00,anotador_042,2899,5,,,buenos_aires_amba,[]
2026-06-04 19:04:41.585772+00,anotador_042,1563,3,,,buenos_aires_amba,"[{""pos"":0,""source"":""prem"",""palabra"":""Se""},{""pos"":7,""source"":""prem"",""palabra"":""retirarse""},{""pos"":0,""source"":""hyp"",""palabra"":""Se""}]"
2026-06-04 19:04:56.166042+00,anotador_042,5001,3,,,,[]
2026-06-04 19:04:56.39841+00,anotador_042,5001,3,,,buenos_aires_amba,[]
2026-06-04 19:05:07.619574+00,anotador_042,1469,2,,,buenos_aires_amba,[]
2026-06-04 19:05:15.312511+00,anotador_042,1656,5,,,buenos_aires_amba,[]
2026-06-04 19:05:21.753511+00,anotador_042,3489,4,,,buenos_aires_amba,[]
2026-06-04 19:05:27.621704+00,anotador_042,7124,3,,,buenos_aires_amba,[]
2026-06-04 19:05:32.510558+00,anotador_042,4561,1,,,buenos_aires_amba,[]
2026-06-04 19:09:09.19794+00,anotador_204,9999,1,,,salta,"[{""pos"":1,""source"":""prem"",""palabra"":""chaval""},{""pos"":2,""source"":""prem"",""palabra"":""cogió""},{""pos"":4,""source"":""prem"",""palabra"":""móvil""},{""pos"":8,""source"":""prem"",""palabra"":""piso""},{""pos"":11,""source"":""prem"",""palabra"":""luego""},{""pos"":1,""source"":""hyp"",""palabra"":""Kettering,""},{""pos"":3,""source"":""hyp"",""palabra"":""Wollongong""},{""pos"":4,""source"":""hyp"",""palabra"":""Bears""},{""pos"":7,""source"":""hyp"",""palabra"":""Tournament""},{""pos"":9,""source"":""hyp"",""palabra"":""Kilimsworth""},{""pos"":13,""source"":""hyp"",""palabra"":""fans.""}]"
2026-06-04 19:09:36.27602+00,anotador_204,7387,5,,,salta,[]
2026-06-04 19:10:26.717722+00,anotador_204,5290,5,,,salta,[]
2026-06-04 19:10:49.073543+00,anotador_204,4893,5,,,salta,[]
2026-06-04 19:11:02.921586+00,anotador_204,2717,5,,,salta,[]
2026-06-04 19:11:06.972549+00,anotador_204,683,5,,,salta,[]
2026-06-04 19:11:13.227342+00,anotador_204,6041,5,,,salta,[]
2026-06-04 19:11:21.735943+00,anotador_204,710,4,,,salta,"[{""pos"":1,""source"":""prem"",""palabra"":""luego""}]"
2026-06-04 19:11:26.669747+00,anotador_204,5489,4,,,salta,"[{""pos"":0,""source"":""prem"",""palabra"":""Wow,""},{""pos"":1,""source"":""prem"",""palabra"":""tal""},{""pos"":2,""source"":""prem"",""palabra"":""vez""}]"
2026-06-04 19:11:48.91525+00,anotador_204,5701,5,,,salta,[]
2026-06-04 19:11:53.537838+00,anotador_204,1566,4,,,salta,"[{""pos"":2,""source"":""prem"",""palabra"":""Bouchard""},{""pos"":5,""source"":""prem"",""palabra"":""percató.""},{""pos"":0,""source"":""hyp"",""palabra"":""Bouchard""}]"
2026-06-04 19:12:15.836376+00,anotador_204,5624,4,,,salta,"[{""pos"":12,""source"":""prem"",""palabra"":""ha""},{""pos"":13,""source"":""prem"",""palabra"":""acompañado""}]"
2026-06-04 19:12:30.327442+00,anotador_204,5267,4,,,salta,"[{""pos"":25,""source"":""prem"",""palabra"":""lo""}]"
2026-06-04 19:12:38.700897+00,anotador_204,2032,4,,,salta,"[{""pos"":22,""source"":""prem"",""palabra"":""quedado""},{""pos"":21,""source"":""prem"",""palabra"":""han""}]"
2026-06-04 19:13:11.009475+00,anotador_204,1586,5,,,salta,[]
2026-06-04 19:13:19.84306+00,anotador_204,1935,5,,,salta,[]
2026-06-04 19:13:51.6053+00,anotador_204,2397,4,,,salta,"[{""pos"":1,""source"":""hyp"",""palabra"":""ha""},{""pos"":2,""source"":""hyp"",""palabra"":""habido""}]"
2026-06-04 19:14:08.435858+00,anotador_204,6828,4,,,salta,"[{""pos"":4,""source"":""prem"",""palabra"":""permitirá""},{""pos"":12,""source"":""prem"",""palabra"":""los""}]"
2026-06-04 19:14:31.354871+00,anotador_204,2627,4,,,salta,"[{""pos"":0,""source"":""prem"",""palabra"":""G.""},{""pos"":21,""source"":""prem"",""palabra"":""los""}]"
2026-06-04 19:14:59.106407+00,anotador_204,4557,5,,,salta,[]
2026-06-04 19:15:23.805824+00,anotador_025,9999,2,,,salta,"[{""pos"":1,""source"":""prem"",""palabra"":""chaval""},{""pos"":2,""source"":""prem"",""palabra"":""cogió""},{""pos"":4,""source"":""prem"",""palabra"":""móvil""},{""pos"":8,""source"":""prem"",""palabra"":""piso""},{""pos"":11,""source"":""prem"",""palabra"":""luego""},{""pos"":1,""source"":""hyp"",""palabra"":""Kettering,""},{""pos"":4,""source"":""hyp"",""palabra"":""Bears""},{""pos"":3,""source"":""hyp"",""palabra"":""Wollongong""},{""pos"":7,""source"":""hyp"",""palabra"":""Tournament""},{""pos"":8,""source"":""hyp"",""palabra"":""of""},{""pos"":9,""source"":""hyp"",""palabra"":""Kilimsworth""},{""pos"":13,""source"":""hyp"",""palabra"":""fans.""}]"
2026-06-04 19:16:03.468122+00,anotador_025,2447,4,,,salta,"[{""pos"":2,""source"":""prem"",""palabra"":""encontrarás""}]"
2026-06-04 19:16:23.557878+00,anotador_025,7120,5,,,salta,[]
2026-06-04 19:16:27.16414+00,anotador_025,4417,4,,,salta,"[{""pos"":1,""source"":""prem"",""palabra"":""recordará""},{""pos"":7,""source"":""hyp"",""palabra"":""tenido""},{""pos"":6,""source"":""hyp"",""palabra"":""ha""}]"
2026-06-04 19:16:51.60163+00,anotador_025,1539,4,,,salta,"[{""pos"":2,""source"":""prem"",""palabra"":""ella""},{""pos"":8,""source"":""prem"",""palabra"":""bramó""}]"
2026-06-04 19:17:21.052654+00,anotador_025,1830,4,,,salta,"[{""pos"":14,""source"":""prem"",""palabra"":""amarre""},{""pos"":3,""source"":""hyp"",""palabra"":""menudo""},{""pos"":2,""source"":""hyp"",""palabra"":""a""}]"
2026-06-04 19:18:07.76213+00,anotador_025,7245,5,,,salta,[]
2026-06-04 19:18:12.875146+00,anotador_025,5897,3,,,salta,"[{""pos"":6,""source"":""prem"",""palabra"":""Bouchard""},{""pos"":8,""source"":""prem"",""palabra"":""amonestó.""},{""pos"":0,""source"":""hyp"",""palabra"":""¡Suéltalo!""},{""pos"":4,""source"":""hyp"",""palabra"":""Bouchard""},{""pos"":1,""source"":""hyp"",""palabra"":""Gritó""}]"
2026-06-04 19:19:08.538814+00,anotador_025,7117,4,,,salta,"[{""pos"":8,""source"":""hyp"",""palabra"":""fueses""},{""pos"":9,""source"":""prem"",""palabra"":""un""}]"
2026-06-04 19:19:24.772735+00,anotador_025,1155,4,,,salta,"[{""pos"":24,""source"":""prem"",""palabra"":""hecho""},{""pos"":23,""source"":""prem"",""palabra"":""han""}]"
2026-06-04 19:19:44.889922+00,anotador_025,3218,5,,,salta,[]
2026-06-04 19:20:00.956223+00,anotador_025,1418,5,,,salta,[]
2026-06-04 19:20:05.796707+00,anotador_025,4317,4,,,salta,"[{""pos"":6,""source"":""prem"",""palabra"":""Smithsonian""},{""pos"":1,""source"":""hyp"",""palabra"":""Smithsonian""}]"
2026-06-04 19:20:21.966974+00,anotador_025,1193,5,,,salta,[]
2026-06-04 19:20:46.885199+00,anotador_025,4355,3,,,salta,"[{""pos"":10,""source"":""prem"",""palabra"":""observó""},{""pos"":12,""source"":""prem"",""palabra"":""Alexander""},{""pos"":1,""source"":""prem"",""palabra"":""Lewis,""},{""pos"":0,""source"":""prem"",""palabra"":""Michael""},{""pos"":17,""source"":""prem"",""palabra"":""creí""},{""pos"":5,""source"":""hyp"",""palabra"":""Michael""},{""pos"":6,""source"":""hyp"",""palabra"":""Lewis""},{""pos"":12,""source"":""hyp"",""palabra"":""Alexander.""}]"
2026-06-04 19:21:15.716042+00,anotador_025,5563,5,,,salta,[]
2026-06-04 19:21:21.334777+00,anotador_025,3089,5,,,salta,[]
2026-06-04 19:21:42.357278+00,anotador_025,2222,5,,,salta,[]
2026-06-04 19:21:57.310535+00,anotador_025,6439,5,,,salta,[]
2026-06-04 19:22:04.157009+00,anotador_025,1165,5,,,salta,[]
2026-06-04 19:22:54.751853+00,anotador_025,5220,4,,,salta,"[{""pos"":9,""source"":""prem"",""palabra"":""«güis»""}]"
2026-06-04 19:23:02.138684+00,anotador_025,16,5,,,salta,[]
2026-06-04 19:23:15.525277+00,anotador_025,6217,5,,,salta,[]
2026-06-04 19:23:28.148056+00,anotador_025,6488,5,,,salta,[]
2026-06-04 19:23:34.041053+00,anotador_025,3795,3,,,salta,"[{""pos"":7,""source"":""prem"",""palabra"":""estado""},{""pos"":6,""source"":""prem"",""palabra"":""nuestro""},{""pos"":11,""source"":""prem"",""palabra"":""Society's""},{""pos"":12,""source"":""prem"",""palabra"":""Hoosier""},{""pos"":13,""source"":""prem"",""palabra"":""History""},{""pos"":14,""source"":""prem"",""palabra"":""Festival.""}]"
2026-06-04 19:23:47.506436+00,anotador_025,3921,4,,,salta,"[{""pos"":6,""source"":""prem"",""palabra"":""estará""},{""pos"":20,""source"":""prem"",""palabra"":""estado.""},{""pos"":5,""source"":""hyp"",""palabra"":""estado.""}]"
2026-06-04 19:24:06.457006+00,anotador_025,4932,5,,,salta,[]
2026-06-04 19:24:13.18587+00,anotador_025,7158,3,,,salta,"[{""pos"":8,""source"":""prem"",""palabra"":""Richard""},{""pos"":9,""source"":""prem"",""palabra"":""Clarke""},{""pos"":6,""source"":""prem"",""palabra"":""teme""},{""pos"":7,""source"":""prem"",""palabra"":""más""},{""pos"":5,""source"":""hyp"",""palabra"":""responderemos""}]"
2026-06-04 19:24:52.30344+00,anotador_025,6729,4,,,salta,"[{""pos"":16,""source"":""prem"",""palabra"":""azotea""}]"
2026-06-04 19:25:05.737279+00,anotador_025,4228,4,,,salta,"[{""pos"":4,""source"":""prem"",""palabra"":""U-Haul""},{""pos"":2,""source"":""hyp"",""palabra"":""U-Haul""}]"
2026-06-04 19:25:40.183702+00,anotador_025,1636,5,,,salta,[]
2026-06-04 19:25:51.322072+00,anotador_025,2973,5,,,salta,[]
2026-06-04 19:25:56.034042+00,anotador_025,2511,5,,,salta,[]
2026-06-04 19:26:04.725725+00,anotador_025,3700,5,,,salta,[]
2026-06-04 19:26:08.55445+00,anotador_025,6222,3,,,salta,"[{""pos"":7,""source"":""prem"",""palabra"":""Flag""},{""pos"":8,""source"":""prem"",""palabra"":""Hill,""},{""pos"":12,""source"":""prem"",""palabra"":""700""},{""pos"":13,""source"":""prem"",""palabra"":""pies""},{""pos"":0,""source"":""hyp"",""palabra"":""Flag""},{""pos"":1,""source"":""hyp"",""palabra"":""Hill""}]"
2026-06-04 19:26:36.005825+00,anotador_025,2515,5,,,salta,[]
2026-06-04 19:26:45.800412+00,anotador_025,5361,4,,,salta,"[{""pos"":13,""source"":""prem"",""palabra"":""Oaklawn.""},{""pos"":8,""source"":""prem"",""palabra"":""heno""}]"
2026-06-04 19:27:11.543622+00,anotador_025,1621,5,,,salta,[]
2026-06-04 19:27:22.396123+00,anotador_025,5208,4,,,salta,"[{""pos"":0,""source"":""hyp"",""palabra"":""¿Permaneció""}]"
2026-06-04 19:27:28.32164+00,anotador_025,2617,5,,,salta,[]
2026-06-04 19:27:47.96062+00,anotador_025,19,3,,,salta,"[{""pos"":2,""source"":""prem"",""palabra"":""Fannie""},{""pos"":3,""source"":""prem"",""palabra"":""Flono.""},{""pos"":6,""source"":""prem"",""palabra"":""Ag--""},{""pos"":7,""source"":""prem"",""palabra"":""Augusta,""},{""pos"":8,""source"":""prem"",""palabra"":""GA,""},{""pos"":0,""source"":""hyp"",""palabra"":""Fannie""},{""pos"":1,""source"":""hyp"",""palabra"":""Flono""},{""pos"":6,""source"":""hyp"",""palabra"":""hablará""},{""pos"":15,""source"":""hyp"",""palabra"":""Augusta,""},{""pos"":16,""source"":""hyp"",""palabra"":""GA.""}]"
2026-06-04 19:28:14.475285+00,anotador_025,7422,5,,,salta,[]
2026-06-04 19:28:21.696945+00,anotador_025,5704,4,,,salta,"[{""pos"":12,""source"":""prem"",""palabra"":""hogares,""},{""pos"":16,""source"":""prem"",""palabra"":""dulces""}]"
2026-06-04 19:28:42.407324+00,anotador_325,9999,1,,,buenos_aires_amba,[]
2026-06-04 19:28:47.874801+00,anotador_025,7306,4,,,salta,"[{""pos"":5,""source"":""prem"",""palabra"":""retos,""},{""pos"":2,""source"":""hyp"",""palabra"":""ha""},{""pos"":3,""source"":""hyp"",""palabra"":""resultado""},{""pos"":11,""source"":""hyp"",""palabra"":""segmentar""}]"
2026-06-04 19:29:10.207519+00,anotador_325,5967,3,,,buenos_aires_amba,[]
2026-06-04 19:29:20.442458+00,anotador_325,1313,4,,,buenos_aires_amba,[]
2026-06-04 19:29:36.263908+00,anotador_325,3616,4,,,buenos_aires_amba,[]
2026-06-04 19:29:45.154347+00,anotador_325,4072,4,,,buenos_aires_amba,[]
2026-06-04 19:29:59.546635+00,anotador_325,4803,4,,,buenos_aires_amba,[]
2026-06-04 19:30:01.034151+00,anotador_025,5291,5,,,salta,[]
2026-06-04 19:30:12.436627+00,anotador_025,2904,4,,,salta,"[{""pos"":3,""source"":""prem"",""palabra"":""condado""},{""pos"":5,""source"":""prem"",""palabra"":""Baltimore""},{""pos"":5,""source"":""hyp"",""palabra"":""Baltimore""}]"
2026-06-04 19:30:14.656984+00,anotador_325,6433,5,,,buenos_aires_amba,[]
2026-06-04 19:30:24.989907+00,anotador_325,6375,5,,,buenos_aires_amba,[]
2026-06-04 19:30:35.576348+00,anotador_025,5622,4,,,salta,"[{""pos"":13,""source"":""prem"",""palabra"":""acompañado""},{""pos"":12,""source"":""prem"",""palabra"":""ha""}]"
2026-06-04 19:30:38.312801+00,anotador_325,6875,5,,,buenos_aires_amba,[]
2026-06-04 19:30:42.257593+00,anotador_025,5226,4,,,salta,"[{""pos"":1,""source"":""prem"",""palabra"":""volveré""},{""pos"":2,""source"":""hyp"",""palabra"":""llamaría""}]"
2026-06-04 19:30:50.76012+00,anotador_325,3626,5,,,buenos_aires_amba,[]
2026-06-04 19:31:25.007169+00,anotador_025,6137,5,,,salta,[]
2026-06-04 19:31:32.400737+00,anotador_025,6350,5,,,salta,[]
2026-06-04 19:31:45.432869+00,anotador_025,156,5,,,salta,[]
2026-06-04 19:32:01.303811+00,anotador_025,5125,5,,,salta,[]
2026-06-04 19:32:20.556152+00,anotador_025,7253,4,,,salta,"[{""pos"":0,""source"":""prem"",""palabra"":""Alternativo""}]"
2026-06-04 19:32:31.888804+00,anotador_025,5768,5,,,salta,"[{""pos"":10,""source"":""prem"",""palabra"":""quitándose""}]"
2026-06-04 19:32:51.548527+00,anotador_025,7250,4,,,salta,"[{""pos"":7,""source"":""prem"",""palabra"":""Podhoretz""},{""pos"":9,""source"":""prem"",""palabra"":""Decter""}]"
2026-06-04 19:33:03.863648+00,anotador_025,1201,4,,,salta,"[{""pos"":5,""source"":""prem"",""palabra"":""Booleana""}]"
2026-06-04 19:33:18.669462+00,anotador_025,2946,4,,,salta,"[{""pos"":5,""source"":""prem"",""palabra"":""National""},{""pos"":6,""source"":""prem"",""palabra"":""Mail""},{""pos"":1,""source"":""hyp"",""palabra"":""National""},{""pos"":2,""source"":""hyp"",""palabra"":""Mail""},{""pos"":3,""source"":""hyp"",""palabra"":""Count""}]"
2026-06-04 19:33:46.273706+00,anotador_025,1530,3,,,salta,"[{""pos"":9,""source"":""prem"",""palabra"":""rugido""},{""pos"":31,""source"":""prem"",""palabra"":""cable""},{""pos"":32,""source"":""prem"",""palabra"":""a""},{""pos"":33,""source"":""prem"",""palabra"":""popa.""}]"
2026-06-04 19:34:14.28034+00,anotador_025,3755,5,,,salta,[]
2026-06-04 19:34:34.674225+00,anotador_025,5545,5,,,salta,[]
2026-06-04 19:35:11.578034+00,anotador_025,3506,5,,,salta,[]
2026-06-04 19:35:18.163265+00,anotador_025,3760,5,,,salta,[]
2026-06-04 19:35:28.839271+00,anotador_025,4859,5,,,salta,[]
2026-06-04 19:35:36.143969+00,anotador_025,3777,5,,,salta,[]
2026-06-04 19:35:41.391459+00,anotador_025,3082,5,,,salta,[]
2026-06-04 19:35:53.054008+00,anotador_025,7276,5,,,salta,[]
2026-06-04 19:36:02.765537+00,anotador_025,5966,4,,,salta,"[{""pos"":13,""source"":""prem"",""palabra"":""vagos""}]"
2026-06-04 19:36:15.219476+00,anotador_025,6511,4,,,salta,"[{""pos"":4,""source"":""hyp"",""palabra"":""Soem""}]"
2026-06-04 19:36:29.120961+00,anotador_025,1870,3,,,salta,"[{""pos"":13,""source"":""prem"",""palabra"":""cierta""},{""pos"":7,""source"":""hyp"",""palabra"":""resolverse""},{""pos"":6,""source"":""hyp"",""palabra"":""podría""}]"
2026-06-04 19:36:44.367688+00,anotador_325,6757,5,,,buenos_aires_amba,[]
2026-06-04 19:36:47.320512+00,anotador_325,264,2,,,buenos_aires_amba,[]
2026-06-04 19:36:57.89876+00,anotador_325,5777,3,,,buenos_aires_amba,[]
2026-06-04 19:37:07.704204+00,anotador_025,6581,5,,,salta,[]
2026-06-04 19:37:10.575327+00,anotador_325,5108,3,,,buenos_aires_amba,[]
2026-06-04 19:37:23.722788+00,anotador_325,2626,4,,,buenos_aires_amba,[]
2026-06-04 19:37:35.503471+00,anotador_325,6888,5,,,buenos_aires_amba,[]
2026-06-04 19:37:49.835364+00,anotador_325,2532,5,,,buenos_aires_amba,[]
2026-06-04 19:37:57.621917+00,anotador_025,7311,4,,,salta,[]
2026-06-04 19:38:04.513649+00,anotador_025,5413,4,,,salta,"[{""pos"":20,""source"":""prem"",""palabra"":""gasolina""},{""pos"":3,""source"":""hyp"",""palabra"":""combustible""},{""pos"":10,""source"":""hyp"",""palabra"":""gasolina.""}]"
2026-06-04 19:38:06.024705+00,anotador_325,5972,5,,,buenos_aires_amba,[]
2026-06-04 19:38:13.598681+00,anotador_325,5073,5,,,buenos_aires_amba,[]
2026-06-04 19:38:20.076094+00,anotador_025,5144,5,,,salta,[]
2026-06-04 19:38:23.315869+00,anotador_325,5169,5,,,buenos_aires_amba,[]
2026-06-04 19:38:34.233769+00,anotador_025,6083,3,,,salta,[]
2026-06-04 19:38:38.842127+00,anotador_025,3707,5,,,salta,[]
2026-06-04 19:38:45.529646+00,anotador_025,6422,4,,,salta,"[{""pos"":10,""source"":""prem"",""palabra"":""los""},{""pos"":17,""source"":""prem"",""palabra"":""los""},{""pos"":8,""source"":""hyp"",""palabra"":""los""}]"
2026-06-04 19:39:05.382786+00,anotador_025,7072,4,,,salta,"[{""pos"":13,""source"":""prem"",""palabra"":""mundana""},{""pos"":16,""source"":""prem"",""palabra"":""bombillas.""}]"
2026-06-04 19:39:32.576324+00,anotador_025,4789,5,,,salta,[]
2026-06-04 19:39:39.348159+00,anotador_025,3906,3,,,salta,"[{""pos"":0,""source"":""prem"",""palabra"":""Jerry""},{""pos"":1,""source"":""prem"",""palabra"":""Bepko,""},{""pos"":4,""source"":""prem"",""palabra"":""IUPUI,""},{""pos"":0,""source"":""hyp"",""palabra"":""Bepko""},{""pos"":8,""source"":""hyp"",""palabra"":""graduación.""}]"
2026-06-04 19:39:59.362785+00,anotador_025,6499,4,,,salta,"[{""pos"":6,""source"":""hyp"",""palabra"":""fallarán.""}]"
2026-06-04 19:40:36.676553+00,anotador_025,3726,4,,,salta,"[{""pos"":5,""source"":""prem"",""palabra"":""Betty""},{""pos"":6,""source"":""prem"",""palabra"":""Groh""},{""pos"":7,""source"":""prem"",""palabra"":""Tower,""}]"
2026-06-04 19:41:06.593846+00,anotador_025,1032,5,,,salta,[]
2026-06-04 19:41:27.304709+00,anotador_025,4298,4,,,salta,"[{""pos"":0,""source"":""prem"",""palabra"":""El""}]"
2026-06-04 19:41:47.271417+00,anotador_025,5993,4,,,salta,"[{""pos"":7,""source"":""hyp"",""palabra"":""delante""}]"
2026-06-04 19:41:59.657582+00,anotador_025,5866,3,,,salta,"[{""pos"":10,""source"":""prem"",""palabra"":""Bouchard""},{""pos"":15,""source"":""prem"",""palabra"":""camarote.""},{""pos"":0,""source"":""hyp"",""palabra"":""Bouchard""},{""pos"":1,""source"":""hyp"",""palabra"":""estaba""}]"
2026-06-04 19:42:26.169403+00,anotador_025,4668,5,,,salta,[]
2026-06-04 19:42:31.038412+00,anotador_025,7038,4,,,salta,"[{""pos"":6,""source"":""prem"",""palabra"":""News""},{""pos"":7,""source"":""prem"",""palabra"":""Quiz""},{""pos"":5,""source"":""hyp"",""palabra"":""News""},{""pos"":6,""source"":""hyp"",""palabra"":""Quiz""}]"
2026-06-04 19:42:44.81063+00,anotador_025,1685,3,,,salta,"[{""pos"":4,""source"":""hyp"",""palabra"":""acontecimiento""},{""pos"":7,""source"":""hyp"",""palabra"":""estremecimiento.""},{""pos"":2,""source"":""prem"",""palabra"":""estremeció""}]"
2026-06-04 19:43:06.210481+00,anotador_025,2204,3,,,salta,"[{""pos"":10,""source"":""prem"",""palabra"":""Sea""},{""pos"":11,""source"":""prem"",""palabra"":""Horse""},{""pos"":12,""source"":""prem"",""palabra"":""Boat""},{""pos"":13,""source"":""prem"",""palabra"":""Rentals,""},{""pos"":14,""source"":""prem"",""palabra"":""Marsh""},{""pos"":15,""source"":""prem"",""palabra"":""Harbour,""},{""pos"":16,""source"":""prem"",""palabra"":""Abacos""},{""pos"":17,""source"":""prem"",""palabra"":""(Tel.""}]"
2026-06-04 19:43:24.418925+00,anotador_025,2916,5,,,salta,[]
2026-06-04 19:43:30.658994+00,anotador_025,1752,5,,,salta,[]
2026-06-04 19:43:37.791922+00,anotador_025,2603,4,,,salta,"[{""pos"":10,""source"":""prem"",""palabra"":""hogar""},{""pos"":15,""source"":""prem"",""palabra"":""compañías""},{""pos"":1,""source"":""hyp"",""palabra"":""compañías""}]"
2026-06-04 19:44:03.336639+00,anotador_025,6050,5,,,salta,[]
2026-06-04 19:44:23.516373+00,anotador_025,4305,5,,,salta,[]
2026-06-04 19:45:01.787656+00,anotador_025,4894,5,,,salta,[]
2026-06-04 19:45:16.290995+00,anotador_025,6677,4,,,salta,"[{""pos"":10,""source"":""prem"",""palabra"":""caducarán""}]"
2026-06-04 19:45:31.17405+00,anotador_025,1299,5,,,salta,[]
2026-06-04 19:45:38.495906+00,anotador_025,1389,,,,,"[{""pos"":10,""source"":""prem"",""palabra"":""Nueva""}]"
2026-06-04 19:45:38.74694+00,anotador_025,1389,4,,,salta,"[{""pos"":10,""source"":""prem"",""palabra"":""Nueva""},{""pos"":11,""source"":""prem"",""palabra"":""Orleans""}]"
2026-06-04 19:46:01.833347+00,anotador_025,3842,4,,,salta,"[{""pos"":11,""source"":""prem"",""palabra"":""servimos""}]"
2026-06-04 19:46:19.849791+00,anotador_025,7204,5,,,salta,[]
2026-06-04 19:46:49.424701+00,anotador_025,3335,5,,,salta,[]
2026-06-04 19:46:54.870898+00,anotador_025,1578,3,,,salta,"[{""pos"":4,""source"":""prem"",""palabra"":""observando""},{""pos"":14,""source"":""prem"",""palabra"":""rostro""},{""pos"":15,""source"":""prem"",""palabra"":""abatido""},{""pos"":18,""source"":""prem"",""palabra"":""ceño""},{""pos"":19,""source"":""prem"",""palabra"":""fruncido""},{""pos"":7,""source"":""hyp"",""palabra"":""rostro.""}]"
2026-06-04 19:47:42.0077+00,anotador_025,2181,5,,,salta,[]
2026-06-04 19:47:55.953089+00,anotador_025,2520,5,,,salta,[]
2026-06-04 19:48:08.653456+00,anotador_025,1244,5,,,salta,[]
2026-06-04 19:48:23.062337+00,anotador_025,2307,4,,,salta,"[{""pos"":13,""source"":""prem"",""palabra"":""El""},{""pos"":14,""source"":""prem"",""palabra"":""Megaron,""},{""pos"":17,""source"":""prem"",""palabra"":""Vas.""},{""pos"":1,""source"":""hyp"",""palabra"":""Megaron""},{""pos"":0,""source"":""hyp"",""palabra"":""El""}]"
2026-06-04 19:48:51.54823+00,anotador_025,4086,4,,,salta,"[{""pos"":11,""source"":""prem"",""palabra"":""Washington""},{""pos"":11,""source"":""hyp"",""palabra"":""Washington.""}]"
2026-06-04 19:49:06.98109+00,anotador_025,6385,5,,,salta,[]
2026-06-04 19:49:13.455399+00,anotador_025,7416,4,,,salta,"[{""pos"":8,""source"":""prem"",""palabra"":""South""},{""pos"":9,""source"":""prem"",""palabra"":""Midland""},{""pos"":14,""source"":""prem"",""palabra"":""los""},{""pos"":0,""source"":""prem"",""palabra"":""RH-II""},{""pos"":1,""source"":""hyp"",""palabra"":""RH-II,""}]"
2026-06-04 19:49:50.119806+00,anotador_025,6437,4,,,salta,[]
2026-06-04 19:50:12.850267+00,anotador_025,5616,4,,,salta,"[{""pos"":27,""source"":""prem"",""palabra"":""estadounidense.""}]"
2026-06-04 19:50:21.290724+00,anotador_025,6151,4,,,salta,"[{""pos"":0,""source"":""prem"",""palabra"":""Encontrarás""},{""pos"":3,""source"":""prem"",""palabra"":""Brehan""},{""pos"":2,""source"":""prem"",""palabra"":""Museo""}]"
2026-06-04 19:51:03.052279+00,anotador_025,2427,4,,,salta,"[{""pos"":11,""source"":""prem"",""palabra"":""hoyo""},{""pos"":12,""source"":""prem"",""palabra"":""18""},{""pos"":13,""source"":""prem"",""palabra"":""Pok-Ta-Pok,""},{""pos"":0,""source"":""hyp"",""palabra"":""Pok-Ta-Pok""}]"
2026-06-04 19:51:58.302547+00,anotador_025,2616,5,,,salta,[]
2026-06-04 19:52:04.096447+00,anotador_025,4106,5,,,salta,[]
2026-06-04 19:52:13.956985+00,anotador_025,3529,5,,,salta,[]
2026-06-04 19:52:18.694408+00,anotador_025,5444,4,,,salta,"[{""pos"":1,""source"":""prem"",""palabra"":""claro,""},{""pos"":20,""source"":""prem"",""palabra"":""extensas""}]"
2026-06-04 19:52:43.110425+00,anotador_025,2949,5,,,salta,[]
2026-06-04 19:52:47.492314+00,anotador_025,6076,5,,,salta,[]
2026-06-04 19:53:14.493972+00,anotador_025,6549,5,,,salta,[]
2026-06-04 19:53:41.509735+00,anotador_025,138,3,,,salta,"[{""pos"":0,""source"":""prem"",""palabra"":""Continué""},{""pos"":4,""source"":""prem"",""palabra"":""equipaje""},{""pos"":3,""source"":""prem"",""palabra"":""el""},{""pos"":14,""source"":""prem"",""palabra"":""debía.""}]"
2026-06-04 19:53:54.96541+00,anotador_025,3832,4,,,salta,"[{""pos"":4,""source"":""prem"",""palabra"":""Indianápolis""},{""pos"":31,""source"":""prem"",""palabra"":""secundario.""},{""pos"":1,""source"":""hyp"",""palabra"":""he""},{""pos"":2,""source"":""hyp"",""palabra"":""trabajado""}]"
2026-06-04 19:54:25.816639+00,anotador_025,4301,5,,,salta,[]
2026-06-04 19:54:31.279704+00,anotador_025,4154,5,,,salta,[]
2026-06-04 19:54:37.807993+00,anotador_025,4565,5,,,salta,[]
2026-06-04 19:54:41.727888+00,anotador_025,5223,5,,,salta,[]
2026-06-04 19:54:52.26119+00,anotador_025,3065,5,,,salta,[]
2026-06-04 19:55:06.565306+00,anotador_025,5345,5,,,salta,[]
2026-06-04 19:55:09.905575+00,anotador_025,4267,2,,,salta,"[{""pos"":1,""source"":""prem"",""palabra"":""alcalde""},{""pos"":3,""source"":""prem"",""palabra"":""Letohrad,""},{""pos"":2,""source"":""prem"",""palabra"":""de""},{""pos"":17,""source"":""prem"",""palabra"":""Albright""},{""pos"":8,""source"":""prem"",""palabra"":""Josef""},{""pos"":9,""source"":""prem"",""palabra"":""Korbel,""},{""pos"":13,""source"":""prem"",""palabra"":""envió""},{""pos"":12,""source"":""prem"",""palabra"":""le""},{""pos"":0,""source"":""hyp"",""palabra"":""Korbel""},{""pos"":1,""source"":""hyp"",""palabra"":""dirigió""},{""pos"":2,""source"":""hyp"",""palabra"":""a""},{""pos"":3,""source"":""hyp"",""palabra"":""Letohrad.""}]"
2026-06-04 19:55:41.391825+00,anotador_025,4919,5,,,salta,[]
2026-06-04 19:55:44.411788+00,anotador_025,4698,3,,,salta,"[{""pos"":0,""source"":""prem"",""palabra"":""Lil""},{""pos"":1,""source"":""prem"",""palabra"":""Armstrong,""},{""pos"":14,""source"":""prem"",""palabra"":""Muskrat""},{""pos"":15,""source"":""prem"",""palabra"":""Ramble;""},{""pos"":19,""source"":""prem"",""palabra"":""Red?""},{""pos"":3,""source"":""hyp"",""palabra"":""Armstrong,""},{""pos"":2,""source"":""hyp"",""palabra"":""Lil""}]"
2026-06-04 19:56:12.215132+00,anotador_025,3617,3,,,salta,"[{""pos"":6,""source"":""prem"",""palabra"":""Social""},{""pos"":7,""source"":""prem"",""palabra"":""Health""},{""pos"":8,""source"":""prem"",""palabra"":""Association""},{""pos"":15,""source"":""prem"",""palabra"":""tres""},{""pos"":14,""source"":""prem"",""palabra"":""en""}]"
2026-06-04 19:56:37.88051+00,anotador_025,2753,5,,,salta,[]
2026-06-04 19:56:49.918895+00,anotador_025,6230,5,,,salta,[]
2026-06-04 19:56:56.296511+00,anotador_025,6392,4,,,salta,"[{""pos"":5,""source"":""prem"",""palabra"":""obstante,""},{""pos"":4,""source"":""prem"",""palabra"":""no""}]"
2026-06-04 19:57:05.587142+00,anotador_025,5320,4,,,salta,"[{""pos"":5,""source"":""hyp"",""palabra"":""Minnesota.""}]"
2026-06-04 19:57:18.617113+00,anotador_025,7022,5,,,salta,[]
2026-06-04 19:57:30.316522+00,anotador_025,6157,4,,,salta,[]
2026-06-04 19:57:57.94769+00,anotador_025,5577,5,,,salta,[]
2026-06-04 19:58:23.41722+00,anotador_025,4249,5,,,salta,[]
2026-06-04 19:58:46.781073+00,anotador_025,4996,5,,,salta,[]
2026-06-04 19:58:53.41157+00,anotador_025,1583,4,,,salta,"[{""pos"":5,""source"":""prem"",""palabra"":""asediada,""},{""pos"":7,""source"":""prem"",""palabra"":""atravesó""}]"
2026-06-04 19:59:04.436625+00,anotador_025,6975,4,,,salta,"[{""pos"":8,""source"":""prem"",""palabra"":""estará""},{""pos"":13,""source"":""prem"",""palabra"":""y.""}]"
2026-06-04 19:59:16.651582+00,anotador_025,2277,4,,,salta,"[{""pos"":11,""source"":""prem"",""palabra"":""Samuel""},{""pos"":12,""source"":""prem"",""palabra"":""de""},{""pos"":13,""source"":""prem"",""palabra"":""Champlain,""},{""pos"":19,""source"":""prem"",""palabra"":""Dufferin""},{""pos"":20,""source"":""prem"",""palabra"":""Terrace,""},{""pos"":23,""source"":""prem"",""palabra"":""magnífica""}]"
2026-06-04 19:59:38.384296+00,anotador_025,4820,4,,,salta,"[{""pos"":16,""source"":""prem"",""palabra"":""los""},{""pos"":17,""source"":""hyp"",""palabra"":""los""}]"
2026-06-04 20:00:01.045242+00,anotador_025,1609,4,,,salta,"[{""pos"":10,""source"":""prem"",""palabra"":""le""}]"
2026-06-04 20:00:12.089467+00,anotador_025,7483,2,,,salta,"[{""pos"":8,""source"":""prem"",""palabra"":""fornido""},{""pos"":15,""source"":""prem"",""palabra"":""Universidad""},{""pos"":16,""source"":""prem"",""palabra"":""de""},{""pos"":17,""source"":""prem"",""palabra"":""Iowa,""},{""pos"":24,""source"":""prem"",""palabra"":""Hawkeyes.""},{""pos"":19,""source"":""prem"",""palabra"":""los""},{""pos"":20,""source"":""prem"",""palabra"":""equipos""},{""pos"":21,""source"":""prem"",""palabra"":""deportivos""},{""pos"":9,""source"":""hyp"",""palabra"":""equipos""},{""pos"":10,""source"":""hyp"",""palabra"":""deportivos""},{""pos"":11,""source"":""hyp"",""palabra"":""de""},{""pos"":13,""source"":""hyp"",""palabra"":""Universidad""},{""pos"":14,""source"":""hyp"",""palabra"":""de""},{""pos"":15,""source"":""hyp"",""palabra"":""Iowa,""},{""pos"":19,""source"":""hyp"",""palabra"":""Hawkeyes.""}]"
2026-06-04 20:00:42.46132+00,anotador_025,5273,4,,,salta,"[{""pos"":4,""source"":""prem"",""palabra"":""agradables""},{""pos"":6,""source"":""hyp"",""palabra"":""agradables.""}]"
2026-06-04 20:01:02.384904+00,anotador_025,6018,4,,,salta,"[{""pos"":0,""source"":""prem"",""palabra"":""Ve""},{""pos"":8,""source"":""hyp"",""palabra"":""observar.""}]"
2026-06-04 20:01:13.975689+00,anotador_025,3701,4,,,salta,"[{""pos"":7,""source"":""prem"",""palabra"":""magnífica""},{""pos"":3,""source"":""hyp"",""palabra"":""exhibirá""}]"
2026-06-04 20:01:32.907649+00,anotador_025,4687,3,,,salta,"[{""pos"":19,""source"":""prem"",""palabra"":""Missouri.""},{""pos"":22,""source"":""prem"",""palabra"":""Show-Me""},{""pos"":21,""source"":""prem"",""palabra"":""estado""}]"
2026-06-04 20:02:18.472877+00,anotador_025,2168,3,,,salta,"[{""pos"":7,""source"":""prem"",""palabra"":""Warwick""},{""pos"":8,""source"":""prem"",""palabra"":""Long""},{""pos"":9,""source"":""prem"",""palabra"":""Bay""},{""pos"":14,""source"":""prem"",""palabra"":""Horseshoe).""},{""pos"":4,""source"":""hyp"",""palabra"":""5""},{""pos"":5,""source"":""hyp"",""palabra"":""$.""}]"
2026-06-04 20:02:19.990319+00,anotador_214,9999,1,,,,[]
2026-06-04 20:02:28.62153+00,anotador_214,3931,5,,,,[]
2026-06-04 20:02:34.144794+00,anotador_025,5555,4,,,salta,"[{""pos"":5,""source"":""hyp"",""palabra"":""tendrá""}]"
2026-06-04 20:02:41.237713+00,anotador_214,5200,5,,,,[]
2026-06-04 20:02:48.196836+00,anotador_214,2579,3,,,,"[{""pos"":1,""source"":""prem"",""palabra"":""esfuerzos""},{""pos"":2,""source"":""prem"",""palabra"":""de""},{""pos"":3,""source"":""prem"",""palabra"":""colaboración""}]"
2026-06-04 20:02:52.319797+00,anotador_025,6052,3,,,salta,"[{""pos"":10,""source"":""prem"",""palabra"":""tiendas""},{""pos"":19,""source"":""prem"",""palabra"":""Karl-Marx-Allee,""},{""pos"":18,""source"":""prem"",""palabra"":""línea""},{""pos"":26,""source"":""prem"",""palabra"":""Alex.""},{""pos"":1,""source"":""hyp"",""palabra"":""Karl-Marx-Allee""}]"
2026-06-04 20:03:02.031487+00,anotador_214,6009,5,,,,[]
2026-06-04 20:03:08.485506+00,anotador_214,84,5,,,,[]
2026-06-04 20:03:13.354322+00,anotador_214,4000,5,,,,[]
2026-06-04 20:03:23.686638+00,anotador_214,6590,5,,,,[]
2026-06-04 20:03:26.523607+00,anotador_025,7290,5,,,salta,[]
2026-06-04 20:03:36.579546+00,anotador_025,3640,4,,,salta,"[{""pos"":23,""source"":""prem"",""palabra"":""currículo""}]"
2026-06-04 20:03:51.746897+00,anotador_025,5004,2,,,salta,[]
2026-06-04 20:04:01.619926+00,anotador_025,6597,4,,,salta,"[{""pos"":14,""source"":""prem"",""palabra"":""Nueva""},{""pos"":15,""source"":""prem"",""palabra"":""York,""},{""pos"":6,""source"":""hyp"",""palabra"":""FDNY""}]"
2026-06-04 20:04:21.752406+00,anotador_025,7104,3,,,salta,"[{""pos"":2,""source"":""prem"",""palabra"":""una""},{""pos"":3,""source"":""prem"",""palabra"":""morena""},{""pos"":9,""source"":""prem"",""palabra"":""regordeta,""},{""pos"":11,""source"":""prem"",""palabra"":""carnosos""},{""pos"":2,""source"":""hyp"",""palabra"":""cabello""}]"
2026-06-04 20:04:48.688319+00,anotador_025,7401,4,,,salta,"[{""pos"":8,""source"":""prem"",""palabra"":""será""},{""pos"":13,""source"":""prem"",""palabra"":""pronto""},{""pos"":17,""source"":""prem"",""palabra"":""incluirá""}]"
2026-06-04 20:05:23.190715+00,anotador_025,4732,5,,,salta,[]
2026-06-04 20:06:11.485795+00,anotador_025,1386,5,,,salta,[]
2026-06-04 20:06:22.642042+00,anotador_025,4071,5,,,salta,[]
2026-06-04 20:06:30.741452+00,anotador_025,3495,3,,,salta,"[{""pos"":1,""source"":""prem"",""palabra"":""los""},{""pos"":5,""source"":""prem"",""palabra"":""actúan""},{""pos"":17,""source"":""prem"",""palabra"":""harán""},{""pos"":22,""source"":""prem"",""palabra"":""nosotros.""},{""pos"":2,""source"":""hyp"",""palabra"":""estarían""},{""pos"":7,""source"":""hyp"",""palabra"":""los""}]"
2026-06-04 20:07:04.19789+00,anotador_025,3578,5,,,salta,[]
2026-06-04 20:07:12.132156+00,anotador_025,1591,4,,,salta,"[{""pos"":11,""source"":""prem"",""palabra"":""Bouchard""},{""pos"":22,""source"":""prem"",""palabra"":""Barbados""},{""pos"":6,""source"":""hyp"",""palabra"":""Barbados""}]"
2026-06-04 20:07:33.94507+00,anotador_025,2304,3,,,salta,"[{""pos"":6,""source"":""prem"",""palabra"":""cuarto""},{""pos"":7,""source"":""prem"",""palabra"":""de""},{""pos"":5,""source"":""prem"",""palabra"":""un""},{""pos"":9,""source"":""prem"",""palabra"":""a""},{""pos"":19,""source"":""prem"",""palabra"":""conduce""},{""pos"":1,""source"":""prem"",""palabra"":""túnel""},{""pos"":10,""source"":""hyp"",""palabra"":""túnel""}]"
2026-06-04 20:08:08.984702+00,anotador_025,13,5,,,salta,[]
2026-06-04 20:08:16.108304+00,anotador_025,4123,5,,,salta,[]
2026-06-04 20:08:19.751635+00,anotador_025,4809,2,,,salta,"[{""pos"":3,""source"":""prem"",""palabra"":""Broadway""},{""pos"":7,""source"":""prem"",""palabra"":""mencionados""},{""pos"":9,""source"":""prem"",""palabra"":""The""},{""pos"":10,""source"":""prem"",""palabra"":""New""},{""pos"":11,""source"":""prem"",""palabra"":""York""},{""pos"":12,""source"":""prem"",""palabra"":""Times?""},{""pos"":1,""source"":""prem"",""palabra"":""pastores""},{""pos"":0,""source"":""hyp"",""palabra"":""¡Broadway""},{""pos"":5,""source"":""hyp"",""palabra"":""pastores!""}]"
2026-06-04 20:08:42.127624+00,anotador_025,791,4,,,salta,"[{""pos"":12,""source"":""prem"",""palabra"":""UPS""},{""pos"":3,""source"":""hyp"",""palabra"":""FedEx.""}]"
2026-06-04 20:08:58.093437+00,anotador_025,6908,4,,,salta,"[{""pos"":10,""source"":""prem"",""palabra"":""1992-92,""},{""pos"":2,""source"":""hyp"",""palabra"":""seguirá""}]"
2026-06-04 20:09:07.736344+00,anotador_025,5287,3,,,salta,"[{""pos"":3,""source"":""prem"",""palabra"":""supongo""},{""pos"":4,""source"":""prem"",""palabra"":""tan""},{""pos"":5,""source"":""prem"",""palabra"":""bien""},{""pos"":6,""source"":""prem"",""palabra"":""que""},{""pos"":7,""source"":""prem"",""palabra"":""no""},{""pos"":8,""source"":""prem"",""palabra"":""sé,""},{""pos"":11,""source"":""prem"",""palabra"":""he""},{""pos"":12,""source"":""prem"",""palabra"":""resuelto""},{""pos"":8,""source"":""hyp"",""palabra"":""saldré""}]"
2026-06-04 20:09:53.523456+00,anotador_025,2749,4,,,salta,[]
2026-06-04 20:10:01.551432+00,anotador_025,4946,4,,,salta,"[{""pos"":1,""source"":""hyp"",""palabra"":""hacia""},{""pos"":4,""source"":""hyp"",""palabra"":""hacia""}]"
2026-06-04 20:10:15.977736+00,anotador_025,176,3,,,salta,"[{""pos"":12,""source"":""prem"",""palabra"":""estuve""},{""pos"":13,""source"":""prem"",""palabra"":""a""},{""pos"":14,""source"":""prem"",""palabra"":""punto""},{""pos"":15,""source"":""prem"",""palabra"":""de""},{""pos"":11,""source"":""prem"",""palabra"":""que""},{""pos"":9,""source"":""prem"",""palabra"":""en""},{""pos"":10,""source"":""prem"",""palabra"":""el""}]"
2026-06-04 20:10:36.124966+00,anotador_025,5670,4,,,salta,"[{""pos"":4,""source"":""prem"",""palabra"":""pudiéramos""}]"
2026-06-04 20:10:45.092865+00,anotador_025,1672,4,,,salta,"[{""pos"":2,""source"":""prem"",""palabra"":""detendré""},{""pos"":2,""source"":""hyp"",""palabra"":""detendré""},{""pos"":1,""source"":""hyp"",""palabra"":""lo""}]"
2026-06-04 20:11:02.422819+00,anotador_025,3857,4,,,salta,"[{""pos"":10,""source"":""prem"",""palabra"":""secundario""},{""pos"":9,""source"":""prem"",""palabra"":""y""}]"
2026-06-04 20:11:22.323169+00,anotador_025,3911,5,,,salta,[]
2026-06-04 20:20:28.188613+00,anotador_261,3552,5,,,buenos_aires_amba,[]
2026-06-04 20:28:03.607534+00,anotador_044,9999,1,,,,"[{""pos"":2,""source"":""prem"",""palabra"":""cogió""},{""pos"":4,""source"":""prem"",""palabra"":""móvil""},{""pos"":1,""source"":""hyp"",""palabra"":""Kettering,""},{""pos"":3,""source"":""hyp"",""palabra"":""Wollongong""},{""pos"":4,""source"":""hyp"",""palabra"":""Bears""},{""pos"":7,""source"":""hyp"",""palabra"":""Tournament""},{""pos"":9,""source"":""hyp"",""palabra"":""Kilimsworth""}]"
2026-06-04 20:28:50.47461+00,anotador_044,4858,5,,,,"[{""pos"":14,""source"":""prem"",""palabra"":""de""},{""pos"":15,""source"":""prem"",""palabra"":""nuevo""}]"
2026-06-04 20:31:28.545065+00,anotador_261,2101,5,,,buenos_aires_amba,[]
2026-06-04 20:37:32.562548+00,anotador_131,1269,2,,,buenos_aires_amba,"[{""pos"":3,""source"":""prem"",""palabra"":""veremos""}]"
2026-06-04 20:37:53.152715+00,anotador_131,6487,2,,,buenos_aires_amba,"[{""pos"":10,""source"":""hyp"",""palabra"":""tendrá""}]"
2026-06-04 21:06:07.306727+00,anotador_262,9999,,,,,"[{""pos"":1,""source"":""prem"",""palabra"":""chaval""}]"
2026-06-04 21:06:08.189057+00,anotador_262,9999,,,,,"[{""pos"":1,""source"":""prem"",""palabra"":""chaval""},{""pos"":2,""source"":""prem"",""palabra"":""cogió""}]"
2026-06-04 21:06:08.684858+00,anotador_262,9999,3,,,buenos_aires_amba,"[{""pos"":1,""source"":""prem"",""palabra"":""chaval""},{""pos"":2,""source"":""prem"",""palabra"":""cogió""},{""pos"":4,""source"":""prem"",""palabra"":""móvil""},{""pos"":8,""source"":""prem"",""palabra"":""piso""}]"
2026-06-04 21:06:51.888044+00,anotador_102,9999,1,,,buenos_aires_amba,[]
2026-06-04 21:07:10.843879+00,anotador_102,7138,5,,,buenos_aires_amba,[]
2026-06-04 21:07:17.827948+00,anotador_262,2782,5,,,buenos_aires_amba,[]
2026-06-04 21:07:26.66933+00,anotador_102,6394,4,,,buenos_aires_amba,[]
2026-06-04 21:07:37.661142+00,anotador_262,2592,5,,,buenos_aires_amba,[]
2026-06-04 21:07:46.26096+00,anotador_262,4003,5,,,buenos_aires_amba,[]
2026-06-04 21:07:50.6498+00,anotador_102,4341,5,,,buenos_aires_amba,[]
2026-06-04 21:07:59.746213+00,anotador_262,7454,5,,,buenos_aires_amba,[]
2026-06-04 21:08:22.747372+00,anotador_262,3475,4,,,buenos_aires_amba,"[{""pos"":19,""source"":""hyp"",""palabra"":""oficina""},{""pos"":20,""source"":""hyp"",""palabra"":""de""},{""pos"":21,""source"":""hyp"",""palabra"":""correos""}]"
2026-06-04 21:08:24.849809+00,anotador_102,6349,5,,,buenos_aires_amba,[]
2026-06-04 21:08:43.716441+00,anotador_262,4316,5,,,buenos_aires_amba,[]
2026-06-04 21:08:44.671547+00,anotador_102,4929,5,,,buenos_aires_amba,[]
2026-06-04 21:08:50.262628+00,anotador_262,617,5,,,buenos_aires_amba,[]
2026-06-04 21:08:56.586344+00,anotador_262,3588,5,,,buenos_aires_amba,[]
2026-06-04 21:09:06.531692+00,anotador_262,3985,5,,,buenos_aires_amba,[]
2026-06-04 21:09:08.800156+00,anotador_102,2757,5,,,buenos_aires_amba,[]
2026-06-04 21:09:28.869442+00,anotador_102,1832,3,,,buenos_aires_amba,[]
2026-06-04 21:09:36.272921+00,anotador_056,9999,1,,,,[]
2026-06-04 21:09:38.554013+00,anotador_262,5922,5,,,buenos_aires_amba,[]
2026-06-04 21:10:03.431488+00,anotador_262,7408,,,,,"[{""pos"":19,""source"":""hyp"",""palabra"":""bombardean""}]"
2026-06-04 21:10:03.965808+00,anotador_262,7408,,,,,"[{""pos"":19,""source"":""hyp"",""palabra"":""bombardean""},{""pos"":21,""source"":""hyp"",""palabra"":""abortan.""}]"
2026-06-04 21:10:06.023036+00,anotador_262,7408,4,,,buenos_aires_amba,"[{""pos"":19,""source"":""hyp"",""palabra"":""bombardean""},{""pos"":21,""source"":""hyp"",""palabra"":""abortan.""}]"
2026-06-04 21:10:11.863548+00,anotador_102,4675,5,,,buenos_aires_amba,[]
2026-06-04 21:10:18.755956+00,anotador_262,7234,5,,,buenos_aires_amba,[]
2026-06-04 21:10:23.163353+00,anotador_102,5705,5,,,buenos_aires_amba,[]
2026-06-04 21:10:28.915869+00,anotador_262,4131,5,,,buenos_aires_amba,[]
2026-06-04 21:10:38.825642+00,anotador_262,4400,5,,,buenos_aires_amba,[]
2026-06-04 21:10:42.567935+00,anotador_262,15,5,,,buenos_aires_amba,[]
2026-06-04 21:11:11.840249+00,anotador_102,7079,5,,,buenos_aires_amba,[]
2026-06-04 21:11:43.31672+00,anotador_102,5407,5,,,buenos_aires_amba,[]
2026-06-04 21:12:02.977688+00,anotador_102,5154,5,,,buenos_aires_amba,[]
2026-06-04 21:12:19.116329+00,anotador_262,1440,4,,,buenos_aires_amba,[]
2026-06-04 21:12:29.199986+00,anotador_262,6585,4,,,buenos_aires_amba,"[{""pos"":1,""source"":""prem"",""palabra"":""periódicos""},{""pos"":2,""source"":""hyp"",""palabra"":""periódicos""}]"
2026-06-04 21:12:49.829539+00,anotador_262,2806,4,,,buenos_aires_amba,"[{""pos"":6,""source"":""prem"",""palabra"":""seguro""},{""pos"":7,""source"":""prem"",""palabra"":""social""}]"
2026-06-04 21:13:14.579889+00,anotador_102,2768,4,,,buenos_aires_amba,[]
2026-06-04 21:13:16.885462+00,anotador_262,5187,5,,,buenos_aires_amba,[]
2026-06-04 21:13:48.678324+00,anotador_049,9999,1,Palabras muy españolas ,,buenos_aires_amba,"[{""pos"":1,""source"":""prem"",""palabra"":""chaval""},{""pos"":2,""source"":""prem"",""palabra"":""cogió""},{""pos"":4,""source"":""prem"",""palabra"":""móvil""},{""pos"":8,""source"":""prem"",""palabra"":""piso""}]"
2026-06-04 21:13:52.544238+00,anotador_266,9999,2,,,buenos_aires_amba,"[{""pos"":1,""source"":""prem"",""palabra"":""chaval""},{""pos"":2,""source"":""prem"",""palabra"":""cogió""},{""pos"":4,""source"":""prem"",""palabra"":""móvil""},{""pos"":8,""source"":""prem"",""palabra"":""piso""},{""pos"":1,""source"":""hyp"",""palabra"":""Kettering,""},{""pos"":3,""source"":""hyp"",""palabra"":""Wollongong""},{""pos"":4,""source"":""hyp"",""palabra"":""Bears""},{""pos"":7,""source"":""hyp"",""palabra"":""Tournament""},{""pos"":8,""source"":""hyp"",""palabra"":""of""},{""pos"":9,""source"":""hyp"",""palabra"":""Kilimsworth""}]"
2026-06-04 21:13:54.700225+00,anotador_102,4968,5,,,buenos_aires_amba,[]
2026-06-04 21:14:14.377911+00,anotador_266,3638,5,,,buenos_aires_amba,[]
2026-06-04 21:14:16.656281+00,anotador_049,3375,4,"Está bien, en un contexto profesional / laboral",,buenos_aires_amba,[]
2026-06-04 21:14:25.892489+00,anotador_102,5214,5,,,buenos_aires_amba,[]
2026-06-04 21:14:36.397684+00,anotador_102,1329,5,,,buenos_aires_amba,[]
2026-06-04 21:14:45.139611+00,anotador_266,7062,4,Al y a la ,,buenos_aires_amba,"[{""pos"":6,""source"":""prem"",""palabra"":""a""},{""pos"":7,""source"":""prem"",""palabra"":""medio""},{""pos"":8,""source"":""prem"",""palabra"":""hermano""},{""pos"":9,""source"":""prem"",""palabra"":""y""},{""pos"":10,""source"":""prem"",""palabra"":""media""},{""pos"":11,""source"":""prem"",""palabra"":""hermana""}]"
2026-06-04 21:14:52.36634+00,anotador_102,6092,5,,,buenos_aires_amba,[]
2026-06-04 21:14:54.770976+00,anotador_049,6306,5,Está perfecto,,buenos_aires_amba,[]
2026-06-04 21:15:14.724468+00,anotador_102,3165,3,,,buenos_aires_amba,[]
2026-06-04 21:15:17.061659+00,anotador_049,2541,4,Pondría después en vez de luego ,,buenos_aires_amba,"[{""pos"":0,""source"":""prem"",""palabra"":""Luego,""}]"
2026-06-04 21:15:26.144668+00,anotador_266,5781,5,,,buenos_aires_amba,[]
2026-06-04 21:15:31.011398+00,anotador_102,2107,4,,,buenos_aires_amba,[]
2026-06-04 21:15:33.345309+00,anotador_266,7132,5,,,buenos_aires_amba,[]
2026-06-04 21:15:40.482663+00,anotador_049,2539,5,Impec ,,buenos_aires_amba,[]
2026-06-04 21:15:44.608249+00,anotador_266,1375,5,,,buenos_aires_amba,[]
2026-06-04 21:15:51.773431+00,anotador_266,2810,5,,,buenos_aires_amba,[]
2026-06-04 21:15:55.581598+00,anotador_049,283,3,Casi lo bastante no se dice en argentina ,,buenos_aires_amba,"[{""pos"":3,""source"":""prem"",""palabra"":""lo""},{""pos"":4,""source"":""prem"",""palabra"":""bastante""},{""pos"":2,""source"":""prem"",""palabra"":""casi""}]"
2026-06-04 21:16:04.022146+00,anotador_266,6504,5,,,buenos_aires_amba,[]
2026-06-04 21:16:19.912541+00,anotador_266,4874,4,A poner a disposición de,,buenos_aires_amba,"[{""pos"":12,""source"":""prem"",""palabra"":""hacer""},{""pos"":13,""source"":""prem"",""palabra"":""disponibles""},{""pos"":11,""source"":""prem"",""palabra"":""para""},{""pos"":14,""source"":""prem"",""palabra"":""a""}]"
2026-06-04 21:16:32.27952+00,anotador_049,763,3,"Ya sabés no me parece muy argentino, tampoco de afuera, pero me hace pensar más en el “ya tu sabes”",,buenos_aires_amba,"[{""pos"":17,""source"":""prem"",""palabra"":""ya""},{""pos"":18,""source"":""prem"",""palabra"":""sabés""}]"
2026-06-04 21:17:16.612099+00,anotador_020,9999,1,,,buenos_aires_amba,"[{""pos"":1,""source"":""prem"",""palabra"":""chaval""},{""pos"":1,""source"":""hyp"",""palabra"":""Kettering,""}]"
2026-06-04 21:17:20.445286+00,anotador_049,3599,3,Tendrás “pondría vas a tener” y en vez de selectos pondría “preferenciales”,,buenos_aires_amba,"[{""pos"":5,""source"":""prem"",""palabra"":""tendrás""},{""pos"":7,""source"":""prem"",""palabra"":""selectos""}]"
2026-06-04 21:17:23.987855+00,anotador_101,9999,1,,,buenos_aires_amba,"[{""pos"":1,""source"":""prem"",""palabra"":""chaval""},{""pos"":1,""source"":""hyp"",""palabra"":""Kettering,""}]"
2026-06-04 21:17:38.062802+00,anotador_020,5472,5,,,buenos_aires_amba,[]
2026-06-04 21:17:44.43746+00,anotador_101,6998,5,,,buenos_aires_amba,[]
2026-06-04 21:17:46.628697+00,anotador_020,5396,5,,,buenos_aires_amba,[]
2026-06-04 21:17:50.827864+00,anotador_266,2400,5,,,buenos_aires_amba,[]
2026-06-04 21:17:57.089623+00,anotador_101,2605,5,,,buenos_aires_amba,[]
2026-06-04 21:18:00.003413+00,anotador_020,5280,5,,,buenos_aires_amba,[]
2026-06-04 21:18:03.92985+00,anotador_101,1096,5,,,buenos_aires_amba,[]
2026-06-04 21:18:13.765606+00,anotador_020,1308,5,,,buenos_aires_amba,[]
2026-06-04 21:18:14.34062+00,anotador_101,6432,5,,,buenos_aires_amba,[]
2026-06-04 21:18:21.655224+00,anotador_101,1697,5,,,buenos_aires_amba,[]
2026-06-04 21:18:23.976813+00,anotador_020,1381,5,,,buenos_aires_amba,[]
2026-06-04 21:18:25.655087+00,anotador_266,4161,4,No tiene sentido,,buenos_aires_amba,"[{""pos"":7,""source"":""prem"",""palabra"":""quien""},{""pos"":8,""source"":""prem"",""palabra"":""es""},{""pos"":9,""source"":""prem"",""palabra"":""con""},{""pos"":10,""source"":""prem"",""palabra"":""la""},{""pos"":11,""source"":""prem"",""palabra"":""ALA""}]"
2026-06-04 21:18:29.948429+00,anotador_101,7082,4,,,buenos_aires_amba,"[{""pos"":1,""source"":""prem"",""palabra"":""Scotsman""}]"
2026-06-04 21:18:34.573668+00,anotador_020,2031,,,,,"[{""pos"":22,""source"":""prem"",""palabra"":""quedado""}]"
2026-06-04 21:18:35.435328+00,anotador_020,2031,,,,,"[{""pos"":21,""source"":""prem"",""palabra"":""han""}]"
2026-06-04 21:18:36.633497+00,anotador_020,2031,2,,,buenos_aires_amba,"[{""pos"":22,""source"":""prem"",""palabra"":""quedado""},{""pos"":21,""source"":""prem"",""palabra"":""han""}]"
2026-06-04 21:18:43.26566+00,anotador_049,5463,4,Decimos caro en ve de costoso ,,buenos_aires_amba,"[{""pos"":0,""source"":""prem"",""palabra"":""costoso,""}]"
2026-06-04 21:18:48.533226+00,anotador_101,695,3,,,buenos_aires_amba,[]
2026-06-04 21:18:53.60076+00,anotador_020,4395,,,,,"[{""pos"":4,""source"":""prem"",""palabra"":""motel""}]"
2026-06-04 21:18:54.655623+00,anotador_020,4395,4,,,buenos_aires_amba,"[{""pos"":4,""source"":""prem"",""palabra"":""motel""}]"
2026-06-04 21:18:55.813033+00,anotador_266,3172,5,,,buenos_aires_amba,[]
2026-06-04 21:18:58.551622+00,anotador_101,3164,4,,,buenos_aires_amba,[]
2026-06-04 21:19:00.39132+00,anotador_049,1763,3,A través tuyo pondría ,,buenos_aires_amba,"[{""pos"":7,""source"":""prem"",""palabra"":""de""},{""pos"":8,""source"":""prem"",""palabra"":""vos.""}]"
2026-06-04 21:19:05.420936+00,anotador_266,1790,5,,,buenos_aires_amba,[]
2026-06-04 21:19:09.990664+00,anotador_101,1908,5,,,buenos_aires_amba,[]
2026-06-04 21:19:18.907035+00,anotador_101,2794,5,,,buenos_aires_amba,[]
2026-06-04 21:19:21.830143+00,anotador_020,2100,5,,,buenos_aires_amba,[]
2026-06-04 21:19:22.248104+00,anotador_100,9999,2,,,buenos_aires_amba,"[{""pos"":1,""source"":""prem"",""palabra"":""chaval""},{""pos"":2,""source"":""prem"",""palabra"":""cogió""},{""pos"":4,""source"":""prem"",""palabra"":""móvil""},{""pos"":8,""source"":""prem"",""palabra"":""piso""},{""pos"":8,""source"":""hyp"",""palabra"":""of""},{""pos"":9,""source"":""hyp"",""palabra"":""Kilimsworth""},{""pos"":7,""source"":""hyp"",""palabra"":""Tournament""}]"
2026-06-04 21:19:23.483274+00,anotador_049,1082,1,"En vez de la niña “la nena”. En vez de pataleta, “berrinche”. En vez de molesta “enojada”",,buenos_aires_amba,"[{""pos"":7,""source"":""prem"",""palabra"":""pataletas""},{""pos"":2,""source"":""prem"",""palabra"":""niña,""},{""pos"":1,""source"":""prem"",""palabra"":""la""},{""pos"":2,""source"":""hyp"",""palabra"":""molesta""}]"
2026-06-04 21:19:27.089872+00,anotador_101,5885,5,,,buenos_aires_amba,[]
2026-06-04 21:19:29.416911+00,anotador_020,5277,3,,,buenos_aires_amba,"[{""pos"":0,""source"":""hyp"",""palabra"":""Corrige""}]"
2026-06-04 21:19:35.937032+00,anotador_101,3583,5,,,buenos_aires_amba,[]
2026-06-04 21:19:36.519377+00,anotador_266,3510,4,Correo,,buenos_aires_amba,"[{""pos"":5,""source"":""hyp"",""palabra"":""servicio""},{""pos"":6,""source"":""hyp"",""palabra"":""postal""}]"
2026-06-04 21:19:47.717811+00,anotador_101,4343,5,,,buenos_aires_amba,[]
2026-06-04 21:19:54.905473+00,anotador_020,3778,3,,,buenos_aires_amba,"[{""pos"":2,""source"":""hyp"",""palabra"":""de""},{""pos"":3,""source"":""hyp"",""palabra"":""naturaleza""}]"
2026-06-04 21:19:56.486067+00,anotador_266,4962,5,,,buenos_aires_amba,[]
2026-06-04 21:19:57.321668+00,anotador_101,1758,5,,,buenos_aires_amba,[]
2026-06-04 21:20:04.832678+00,anotador_101,4011,5,,,buenos_aires_amba,[]
2026-06-04 21:20:06.871826+00,anotador_020,4790,5,,,buenos_aires_amba,[]
2026-06-04 21:20:14.002098+00,anotador_101,4840,5,,,buenos_aires_amba,[]
2026-06-04 21:20:18.975128+00,anotador_049,5302,5,,,buenos_aires_amba,[]
2026-06-04 21:20:20.373143+00,anotador_101,2536,5,,,buenos_aires_amba,[]
2026-06-04 21:20:23.021454+00,anotador_020,4261,5,,,buenos_aires_amba,[]
2026-06-04 21:20:23.088406+00,anotador_049,3761,3,En vez de acabamos de empezar “Recién empezamos”,,buenos_aires_amba,"[{""pos"":0,""source"":""hyp"",""palabra"":""Acabamos""},{""pos"":2,""source"":""hyp"",""palabra"":""empezar""},{""pos"":1,""source"":""hyp"",""palabra"":""de""}]"
2026-06-04 21:20:31.270238+00,anotador_101,7466,5,,,buenos_aires_amba,[]
2026-06-04 21:20:36.722304+00,anotador_266,2876,3,No tiene mucho sentido ,,buenos_aires_amba,"[{""pos"":8,""source"":""prem"",""palabra"":""necesidad""},{""pos"":7,""source"":""prem"",""palabra"":""la""},{""pos"":9,""source"":""prem"",""palabra"":""de""},{""pos"":10,""source"":""prem"",""palabra"":""modificaciones""},{""pos"":11,""source"":""prem"",""palabra"":""de""},{""pos"":12,""source"":""prem"",""palabra"":""la""},{""pos"":13,""source"":""prem"",""palabra"":""caldera""},{""pos"":14,""source"":""prem"",""palabra"":""que""},{""pos"":15,""source"":""prem"",""palabra"":""se""},{""pos"":16,""source"":""prem"",""palabra"":""han""},{""pos"":17,""source"":""prem"",""palabra"":""de""},{""pos"":18,""source"":""prem"",""palabra"":""tomar""},{""pos"":19,""source"":""prem"",""palabra"":""para""},{""pos"":20,""source"":""prem"",""palabra"":""adaptar""},{""pos"":21,""source"":""prem"",""palabra"":""el""},{""pos"":22,""source"":""prem"",""palabra"":""SCR""},{""pos"":23,""source"":""prem"",""palabra"":""a""},{""pos"":24,""source"":""prem"",""palabra"":""la""},{""pos"":25,""source"":""prem"",""palabra"":""instalación""}]"
2026-06-04 21:20:37.172495+00,anotador_101,5951,5,,,buenos_aires_amba,[]
2026-06-04 21:20:37.531468+00,anotador_100,2104,5,,,buenos_aires_amba,[]
2026-06-04 21:20:40.768123+00,anotador_020,4987,5,,,buenos_aires_amba,[]
2026-06-04 21:20:46.542535+00,anotador_020,551,5,,,buenos_aires_amba,[]
2026-06-04 21:20:52.130261+00,anotador_049,2939,5,,,buenos_aires_amba,[]
2026-06-04 21:20:54.123885+00,anotador_100,6110,5,,,buenos_aires_amba,[]
2026-06-04 21:20:57.696123+00,anotador_049,5417,5,,,buenos_aires_amba,[]
2026-06-04 21:21:02.876368+00,anotador_049,1839,5,,,buenos_aires_amba,[]
2026-06-04 21:21:05.277714+00,anotador_100,1197,5,,,buenos_aires_amba,[]
2026-06-04 21:21:07.532601+00,anotador_049,5239,5,,,buenos_aires_amba,[]
2026-06-04 21:21:10.59403+00,anotador_049,5315,5,,,buenos_aires_amba,[]
2026-06-04 21:21:15.409906+00,anotador_049,1963,3,Me voy a pudrir en vez de pudriré… servir no es muy argentino… trabajar para ,,buenos_aires_amba,"[{""pos"":1,""source"":""prem"",""palabra"":""pudriré""},{""pos"":7,""source"":""prem"",""palabra"":""servir""},{""pos"":2,""source"":""hyp"",""palabra"":""sirviendo""}]"
2026-06-04 21:21:24.240341+00,anotador_020,6599,5,,,buenos_aires_amba,[]
2026-06-04 21:21:37.28488+00,anotador_100,4978,4,,,buenos_aires_amba,"[{""pos"":12,""source"":""prem"",""palabra"":""ha""},{""pos"":13,""source"":""prem"",""palabra"":""sido""}]"
2026-06-04 21:21:52.087264+00,anotador_100,4091,5,,,buenos_aires_amba,[]
2026-06-04 21:21:53.864684+00,anotador_266,2280,5,,,buenos_aires_amba,[]
2026-06-04 21:21:59.911369+00,anotador_049,5575,4,,,buenos_aires_amba,[]
2026-06-04 21:22:02.403507+00,anotador_266,7129,5,,,buenos_aires_amba,[]
2026-06-04 21:22:06.097294+00,anotador_100,7424,5,,,buenos_aires_amba,[]
2026-06-04 21:22:15.908528+00,anotador_020,4708,5,,,buenos_aires_amba,[]
2026-06-04 21:22:17.270721+00,anotador_134,9999,1,,,,"[{""pos"":1,""source"":""prem"",""palabra"":""chaval""},{""pos"":4,""source"":""prem"",""palabra"":""móvil""},{""pos"":8,""source"":""prem"",""palabra"":""piso""},{""pos"":11,""source"":""prem"",""palabra"":""luego""}]"
2026-06-04 21:22:31.019727+00,anotador_266,5425,4,Tuve,,buenos_aires_amba,"[{""pos"":5,""source"":""prem"",""palabra"":""he""},{""pos"":6,""source"":""prem"",""palabra"":""tenido""}]"
2026-06-04 21:22:33.378851+00,anotador_020,2911,5,,,buenos_aires_amba,[]
2026-06-04 21:22:38.08826+00,anotador_100,7170,5,,,buenos_aires_amba,[]
2026-06-04 21:22:40.369125+00,anotador_020,7238,5,,,buenos_aires_amba,[]
2026-06-04 21:22:52.796958+00,anotador_266,3745,5,,,buenos_aires_amba,[]
2026-06-04 21:22:54.672324+00,anotador_134,5264,2,,,,"[{""pos"":3,""source"":""prem"",""palabra"":""cooperativa""},{""pos"":3,""source"":""hyp"",""palabra"":""unión""}]"
2026-06-04 21:22:57.866656+00,anotador_020,2926,5,,,buenos_aires_amba,[]
2026-06-04 21:24:21.581125+00,anotador_310,9999,1,,,buenos_aires_amba,[]
2026-06-04 21:24:29.084595+00,anotador_310,4143,5,,,buenos_aires_amba,[]
2026-06-04 21:24:37.718131+00,anotador_310,5794,3,,,buenos_aires_amba,[]
2026-06-04 21:24:54.955837+00,anotador_310,4883,3,,,buenos_aires_amba,[]
2026-06-04 21:25:05.660891+00,anotador_310,7331,4,,,buenos_aires_amba,[]
2026-06-04 21:25:16.729052+00,anotador_100,5334,5,,,buenos_aires_amba,[]
2026-06-04 21:25:18.510365+00,anotador_310,4061,4,,,buenos_aires_amba,[]
2026-06-04 21:25:29.129459+00,anotador_100,3826,5,,,,[]
2026-06-04 21:25:29.654024+00,anotador_100,3826,4,,,buenos_aires_amba,[]
2026-06-04 21:25:30.333204+00,anotador_310,6929,4,,,buenos_aires_amba,[]
2026-06-04 21:25:36.268653+00,anotador_100,1570,4,,,buenos_aires_amba,"[{""pos"":3,""source"":""prem"",""palabra"":""ha""},{""pos"":4,""source"":""prem"",""palabra"":""sido""},{""pos"":7,""source"":""prem"",""palabra"":""ha""},{""pos"":8,""source"":""prem"",""palabra"":""sido""},{""pos"":10,""source"":""prem"",""palabra"":""ha""},{""pos"":11,""source"":""prem"",""palabra"":""hecho""},{""pos"":14,""source"":""prem"",""palabra"":""ha""},{""pos"":15,""source"":""prem"",""palabra"":""hecho""}]"
2026-06-04 21:25:37.09384+00,anotador_310,2334,3,,,buenos_aires_amba,[]
2026-06-04 21:25:54.277863+00,anotador_310,1327,4,,,buenos_aires_amba,[]
2026-06-04 21:26:04.630962+00,anotador_100,5708,4,,,buenos_aires_amba,"[{""pos"":3,""source"":""prem"",""palabra"":""tanto""}]"
2026-06-04 21:26:09.185732+00,anotador_265,9999,3,,,buenos_aires_amba,"[{""pos"":1,""source"":""prem"",""palabra"":""chaval""},{""pos"":2,""source"":""prem"",""palabra"":""cogió""},{""pos"":4,""source"":""prem"",""palabra"":""móvil""},{""pos"":8,""source"":""prem"",""palabra"":""piso""},{""pos"":11,""source"":""prem"",""palabra"":""luego""},{""pos"":7,""source"":""hyp"",""palabra"":""Tournament""}]"
2026-06-04 21:26:09.509782+00,anotador_310,2952,4,,,buenos_aires_amba,[]
2026-06-04 21:26:17.548717+00,anotador_100,1173,4,,,buenos_aires_amba,"[{""pos"":10,""source"":""prem"",""palabra"":""arcilla""},{""pos"":18,""source"":""prem"",""palabra"":""paja""},{""pos"":19,""source"":""prem"",""palabra"":""de""},{""pos"":20,""source"":""prem"",""palabra"":""barro,""}]"
2026-06-04 21:26:20.815447+00,anotador_310,1824,5,,,buenos_aires_amba,[]
2026-06-04 21:26:32.975496+00,anotador_310,2213,3,,,buenos_aires_amba,[]
2026-06-04 21:26:38.485139+00,anotador_100,3836,4,,,buenos_aires_amba,"[{""pos"":0,""source"":""prem"",""palabra"":""Por""},{""pos"":1,""source"":""prem"",""palabra"":""tanto,""}]"
2026-06-04 21:26:38.518004+00,anotador_310,3655,3,,,buenos_aires_amba,[]
2026-06-04 21:27:01.77111+00,anotador_100,6573,3,,,buenos_aires_amba,"[{""pos"":12,""source"":""prem"",""palabra"":""munición""},{""pos"":14,""source"":""prem"",""palabra"":""pistola""},{""pos"":7,""source"":""hyp"",""palabra"":""equipaje""}]"
2026-06-04 21:27:21.806748+00,anotador_265,2580,4,,,buenos_aires_amba,"[{""pos"":3,""source"":""prem"",""palabra"":""condado""},{""pos"":3,""source"":""hyp"",""palabra"":""condado""}]"
2026-06-04 21:27:32.020955+00,anotador_100,3885,4,,,buenos_aires_amba,[]
2026-06-04 21:27:45.481639+00,anotador_100,6922,4,,,buenos_aires_amba,"[{""pos"":9,""source"":""prem"",""palabra"":""montar""}]"
2026-06-04 21:28:07.426165+00,anotador_100,2297,3,,,buenos_aires_amba,"[{""pos"":22,""source"":""prem"",""palabra"":""resort,""},{""pos"":9,""source"":""hyp"",""palabra"":""sitio!""}]"
2026-06-04 21:28:20.149672+00,anotador_265,4536,,,,,"[{""pos"":24,""source"":""prem"",""palabra"":""menos""}]"
2026-06-04 21:28:20.42161+00,anotador_265,4536,4,,,buenos_aires_amba,"[{""pos"":24,""source"":""prem"",""palabra"":""menos""},{""pos"":25,""source"":""prem"",""palabra"":""costoso).""}]"
2026-06-04 21:28:24.061588+00,anotador_100,5423,3,,,buenos_aires_amba,"[{""pos"":6,""source"":""prem"",""palabra"":""pasteles.""},{""pos"":6,""source"":""hyp"",""palabra"":""pasteles,""},{""pos"":10,""source"":""hyp"",""palabra"":""utilizo.""}]"
2026-06-04 21:28:36.724111+00,anotador_265,1501,5,,,buenos_aires_amba,"[{""pos"":1,""source"":""hyp"",""palabra"":""progenitor""}]"
2026-06-04 21:28:42.888852+00,anotador_100,1498,4,,,buenos_aires_amba,"[{""pos"":7,""source"":""prem"",""palabra"":""vuelto""},{""pos"":6,""source"":""prem"",""palabra"":""ha""}]"
2026-06-04 21:28:52.582084+00,anotador_265,2103,5,,,buenos_aires_amba,"[{""pos"":11,""source"":""prem"",""palabra"":""puñado""}]"
2026-06-04 21:29:20.305323+00,anotador_265,6915,4,,,buenos_aires_amba,"[{""pos"":4,""source"":""hyp"",""palabra"":""tonelada""}]"
2026-06-04 21:29:25.763772+00,anotador_265,3744,4,,,buenos_aires_amba,"[{""pos"":6,""source"":""prem"",""palabra"":""norteamericanos""}]"
2026-06-04 21:29:43.125531+00,anotador_100,6213,4,,,,"[{""pos"":37,""source"":""prem"",""palabra"":""trasera.""}]"
2026-06-04 21:29:47.025298+00,anotador_265,3224,5,,,buenos_aires_amba,[]
2026-06-04 21:29:55.75528+00,anotador_265,6335,5,,,buenos_aires_amba,[]
2026-06-04 21:30:06.092935+00,anotador_265,2575,4,,,buenos_aires_amba,"[{""pos"":8,""source"":""hyp"",""palabra"":""les""}]"
2026-06-04 21:30:15.032631+00,anotador_265,5304,3,,,buenos_aires_amba,"[{""pos"":7,""source"":""prem"",""palabra"":""frijoles""},{""pos"":4,""source"":""hyp"",""palabra"":""frijoles""}]"
2026-06-04 21:30:20.694035+00,anotador_100,2643,4,,,,[]
2026-06-04 21:30:32.214273+00,anotador_265,3978,5,,,buenos_aires_amba,[]
2026-06-04 21:30:39.415552+00,anotador_265,3437,4,,,buenos_aires_amba,"[{""pos"":23,""source"":""prem"",""palabra"":""han""},{""pos"":22,""source"":""prem"",""palabra"":""no""},{""pos"":24,""source"":""prem"",""palabra"":""encontrado""}]"
2026-06-04 21:30:58.646197+00,anotador_100,4023,3,,,,"[{""pos"":32,""source"":""prem"",""palabra"":""su""},{""pos"":31,""source"":""prem"",""palabra"":""a""},{""pos"":33,""source"":""prem"",""palabra"":""lado.""}]"
2026-06-04 21:30:59.784192+00,anotador_265,4113,4,,,buenos_aires_amba,"[{""pos"":9,""source"":""hyp"",""palabra"":""periódico""},{""pos"":13,""source"":""prem"",""palabra"":""periódico""}]"
2026-06-04 21:31:23.361373+00,anotador_265,6971,4,,,buenos_aires_amba,[]
2026-06-04 21:31:49.60563+00,anotador_265,6354,5,,,buenos_aires_amba,[]
2026-06-04 21:31:54.153959+00,anotador_100,4321,,,,,"[{""pos"":15,""source"":""prem"",""palabra"":""se""}]"
2026-06-04 21:31:54.608702+00,anotador_100,4321,4,,,,"[{""pos"":15,""source"":""prem"",""palabra"":""se""},{""pos"":16,""source"":""prem"",""palabra"":""parten""},{""pos"":18,""source"":""prem"",""palabra"":""la""},{""pos"":17,""source"":""prem"",""palabra"":""de""},{""pos"":19,""source"":""prem"",""palabra"":""risa,""},{""pos"":25,""source"":""prem"",""palabra"":""les""}]"
2026-06-04 21:32:00.644871+00,anotador_265,6793,5,,,buenos_aires_amba,[]
2026-06-04 21:32:05.108171+00,anotador_265,7258,3,,,buenos_aires_amba,"[{""pos"":17,""source"":""hyp"",""palabra"":""peñasco.""},{""pos"":2,""source"":""prem"",""palabra"":""grava""},{""pos"":6,""source"":""prem"",""palabra"":""trasera""},{""pos"":29,""source"":""prem"",""palabra"":""rocas.""}]"
2026-06-04 21:32:24.127419+00,anotador_265,6885,4,,,buenos_aires_amba,"[{""pos"":6,""source"":""prem"",""palabra"":""blasón""}]"
2026-06-04 21:32:35.697109+00,anotador_265,6473,5,,,buenos_aires_amba,[]
2026-06-04 21:32:54.395451+00,anotador_100,5471,5,,,,[]
2026-06-04 21:32:57.946185+00,anotador_310,2709,5,,,buenos_aires_amba,[]
2026-06-04 21:33:01.751629+00,anotador_100,3630,3,,,,"[{""pos"":1,""source"":""prem"",""palabra"":""casillas""},{""pos"":23,""source"":""prem"",""palabra"":""perdieron""},{""pos"":25,""source"":""prem"",""palabra"":""vida""},{""pos"":24,""source"":""prem"",""palabra"":""la""}]"
2026-06-04 21:33:06.143141+00,anotador_310,1690,5,,,buenos_aires_amba,[]
2026-06-04 21:33:16.649825+00,anotador_310,758,5,,,buenos_aires_amba,[]
2026-06-04 21:33:25.727436+00,anotador_310,1837,5,,,buenos_aires_amba,[]
2026-06-04 21:33:31.309095+00,anotador_310,2006,5,,,buenos_aires_amba,[]
2026-06-04 21:33:48.558776+00,anotador_310,6952,5,,,buenos_aires_amba,[]
2026-06-04 21:33:57.402097+00,anotador_310,5855,5,,,buenos_aires_amba,[]
2026-06-04 21:34:27.823815+00,anotador_100,6841,3,,,,"[{""pos"":3,""source"":""prem"",""palabra"":""reclutar""},{""pos"":5,""source"":""prem"",""palabra"":""formar""}]"
2026-06-04 21:35:14.712836+00,anotador_100,3793,4,,,,"[{""pos"":5,""source"":""prem"",""palabra"":""has""},{""pos"":6,""source"":""prem"",""palabra"":""ayudado""}]"
2026-06-04 21:36:17.377538+00,anotador_100,6862,3,,,,"[{""pos"":1,""source"":""prem"",""palabra"":""continúan""},{""pos"":7,""source"":""hyp"",""palabra"":""capital.""}]"
2026-06-04 21:53:34.368057+00,anotador_135,9999,1,,,buenos_aires_amba,[]
2026-06-04 21:53:56.686419+00,anotador_135,4679,5,,,buenos_aires_amba,[]
2026-06-04 21:54:12.972582+00,anotador_318,9999,1,,,buenos_aires_interior,[]
2026-06-04 21:54:20.033043+00,anotador_135,2376,5,,,buenos_aires_amba,[]
2026-06-04 21:54:30.966287+00,anotador_135,6112,5,,,buenos_aires_amba,[]
2026-06-04 21:54:41.924313+00,anotador_135,6512,5,,,buenos_aires_amba,[]
2026-06-04 21:55:03.459232+00,anotador_135,6777,5,,,buenos_aires_amba,[]
2026-06-04 21:55:13.63583+00,anotador_318,6671,1,,,buenos_aires_interior,[]
2026-06-04 21:55:15.422878+00,anotador_135,2974,5,,,buenos_aires_amba,[]
2026-06-04 21:55:24.429795+00,anotador_135,6636,5,,,buenos_aires_amba,[]
2026-06-04 21:56:00.347987+00,anotador_318,2748,1,,,buenos_aires_interior,[]
2026-06-04 21:56:17.026664+00,anotador_318,2241,5,,,buenos_aires_interior,[]
2026-06-04 21:56:23.773728+00,anotador_318,5195,5,,,buenos_aires_interior,[]
2026-06-04 21:56:38.413319+00,anotador_177,9999,,,,,"[{""pos"":1,""source"":""prem"",""palabra"":""chaval""},{""pos"":2,""source"":""prem"",""palabra"":""cogió""},{""pos"":4,""source"":""prem"",""palabra"":""móvil""}]"
2026-06-04 21:56:57.407923+00,anotador_318,5192,5,,,buenos_aires_interior,[]
2026-06-04 21:57:09.900874+00,anotador_318,5571,5,,,buenos_aires_interior,[]
2026-06-04 21:57:27.476996+00,anotador_318,5487,3,,,buenos_aires_interior,[]
2026-06-04 21:57:59.26057+00,anotador_318,6523,1,,,buenos_aires_interior,[]
2026-06-04 21:58:07.814308+00,anotador_318,1587,5,,,buenos_aires_interior,[]
2026-06-04 21:58:15.770044+00,anotador_318,1265,1,,,buenos_aires_interior,[]
2026-06-04 21:58:24.074939+00,anotador_318,6874,5,,,buenos_aires_interior,[]
2026-06-04 21:58:35.555658+00,anotador_318,4540,1,,,buenos_aires_interior,[]
2026-06-04 21:58:51.376525+00,anotador_318,1268,5,,,buenos_aires_interior,[]
2026-06-04 21:59:01.332917+00,anotador_318,3733,5,,,buenos_aires_interior,[]
2026-06-04 21:59:12.016751+00,anotador_318,5826,5,,,buenos_aires_interior,[]
2026-06-04 21:59:19.781969+00,anotador_318,6419,3,,,buenos_aires_interior,[]
2026-06-04 22:00:04.426147+00,anotador_318,4291,3,,,buenos_aires_interior,[]
2026-06-04 22:00:17.226882+00,anotador_318,1681,5,,,buenos_aires_interior,[]
2026-06-04 22:00:23.492401+00,anotador_318,1279,5,,,buenos_aires_interior,[]
2026-06-04 22:00:47.400532+00,anotador_269,9999,2,,,buenos_aires_amba,"[{""pos"":1,""source"":""prem"",""palabra"":""chaval""},{""pos"":2,""source"":""prem"",""palabra"":""cogió""},{""pos"":8,""source"":""prem"",""palabra"":""piso""},{""pos"":1,""source"":""hyp"",""palabra"":""Kettering,""},{""pos"":3,""source"":""hyp"",""palabra"":""Wollongong""},{""pos"":4,""source"":""hyp"",""palabra"":""Bears""},{""pos"":7,""source"":""hyp"",""palabra"":""Tournament""},{""pos"":4,""source"":""prem"",""palabra"":""móvil""}]"
2026-06-04 22:01:28.102755+00,anotador_269,6011,5,,,buenos_aires_amba,[]
2026-06-04 22:01:41.162878+00,anotador_269,3992,4,,,buenos_aires_amba,"[{""pos"":2,""source"":""prem"",""palabra"":""dá""},{""pos"":8,""source"":""prem"",""palabra"":""dándote""},{""pos"":6,""source"":""hyp"",""palabra"":""da""}]"
2026-06-04 22:02:11.92334+00,anotador_269,6964,5,,,buenos_aires_amba,[]
2026-06-04 22:02:22.950909+00,anotador_269,4119,4,,,buenos_aires_amba,"[{""pos"":1,""source"":""prem"",""palabra"":""monetario""}]"
2026-06-04 22:02:44.883812+00,anotador_269,1988,5,,,buenos_aires_amba,[]
2026-06-04 22:03:04.813586+00,anotador_269,3817,4,,,buenos_aires_amba,"[{""pos"":9,""source"":""hyp"",""palabra"":""decepcionante.""}]"
2026-06-04 22:03:34.360824+00,anotador_269,5677,5,,,buenos_aires_amba,[]
2026-06-04 22:03:46.677631+00,anotador_269,2498,3,,,buenos_aires_amba,"[{""pos"":6,""source"":""prem"",""palabra"":""tendrás""},{""pos"":14,""source"":""prem"",""palabra"":""afueras""},{""pos"":6,""source"":""hyp"",""palabra"":""sitio""}]"
2026-06-04 22:04:13.388372+00,anotador_269,1278,5,,,buenos_aires_amba,[]
2026-06-04 22:04:22.710266+00,anotador_269,5374,4,,,buenos_aires_amba,"[{""pos"":8,""source"":""prem"",""palabra"":""disuasores""},{""pos"":27,""source"":""prem"",""palabra"":""disuasor""}]"
2026-06-04 22:04:46.113313+00,anotador_269,2972,5,,,buenos_aires_amba,[]
2026-06-04 22:05:01.533314+00,anotador_269,4289,4,,,buenos_aires_amba,"[{""pos"":3,""source"":""hyp"",""palabra"":""provocarían""},{""pos"":14,""source"":""prem"",""palabra"":""harían""}]"
2026-06-04 22:05:05.955996+00,anotador_044,1585,1,,,,"[{""pos"":0,""source"":""hyp"",""palabra"":""Dígale""},{""pos"":0,""source"":""prem"",""palabra"":""Diga""}]"
2026-06-04 22:05:19.998667+00,anotador_269,3828,4,,,buenos_aires_amba,"[{""pos"":3,""source"":""prem"",""palabra"":""realizó""}]"
2026-06-04 22:05:20.387098+00,anotador_110,9999,1,,,,"[{""pos"":1,""source"":""prem"",""palabra"":""chaval""},{""pos"":8,""source"":""prem"",""palabra"":""piso""},{""pos"":2,""source"":""prem"",""palabra"":""cogió""},{""pos"":4,""source"":""prem"",""palabra"":""móvil""}]"
2026-06-04 22:05:33.665235+00,anotador_269,2192,5,,,buenos_aires_amba,[]
2026-06-04 22:05:54.953201+00,anotador_269,5621,5,,,buenos_aires_amba,[]
2026-06-04 22:06:00.221574+00,anotador_269,6396,4,,,buenos_aires_amba,"[{""pos"":2,""source"":""prem"",""palabra"":""interés""},{""pos"":10,""source"":""prem"",""palabra"":""estrechamente""},{""pos"":11,""source"":""hyp"",""palabra"":""efecto""},{""pos"":12,""source"":""hyp"",""palabra"":""inmediato.""}]"
2026-06-04 22:06:22.451977+00,anotador_110,7097,3,,,,"[{""pos"":0,""source"":""prem"",""palabra"":""¿Por""},{""pos"":1,""source"":""hyp"",""palabra"":""qué""},{""pos"":0,""source"":""hyp"",""palabra"":""¿Por""},{""pos"":2,""source"":""hyp"",""palabra"":""coincide""},{""pos"":4,""source"":""hyp"",""palabra"":""la""},{""pos"":5,""source"":""hyp"",""palabra"":""solución""},{""pos"":3,""source"":""hyp"",""palabra"":""que""},{""pos"":6,""source"":""hyp"",""palabra"":""correcta""},{""pos"":8,""source"":""hyp"",""palabra"":""la""},{""pos"":7,""source"":""hyp"",""palabra"":""es""},{""pos"":9,""source"":""hyp"",""palabra"":""que""},{""pos"":10,""source"":""hyp"",""palabra"":""resulta""},{""pos"":11,""source"":""hyp"",""palabra"":""más""},{""pos"":12,""source"":""hyp"",""palabra"":""coherente?""},{""pos"":1,""source"":""prem"",""palabra"":""qué""},{""pos"":4,""source"":""prem"",""palabra"":""consistente""},{""pos"":3,""source"":""prem"",""palabra"":""solución""},{""pos"":2,""source"":""prem"",""palabra"":""la""},{""pos"":6,""source"":""prem"",""palabra"":""la""},{""pos"":7,""source"":""prem"",""palabra"":""solución""},{""pos"":8,""source"":""prem"",""palabra"":""correcta?""}]"
2026-06-04 22:06:22.74363+00,anotador_110,7096,3,,,,"[{""pos"":0,""source"":""prem"",""palabra"":""¿Por""},{""pos"":1,""source"":""prem"",""palabra"":""qué""},{""pos"":4,""source"":""prem"",""palabra"":""consistente""},{""pos"":3,""source"":""prem"",""palabra"":""solución""},{""pos"":2,""source"":""prem"",""palabra"":""la""},{""pos"":6,""source"":""prem"",""palabra"":""la""},{""pos"":7,""source"":""prem"",""palabra"":""solución""},{""pos"":8,""source"":""prem"",""palabra"":""correcta?""}]"
2026-06-04 22:06:23.874272+00,anotador_269,3272,5,,,buenos_aires_amba,"[{""pos"":4,""source"":""prem"",""palabra"":""Center""}]"
2026-06-04 22:06:41.057833+00,anotador_269,7229,5,,,buenos_aires_amba,[]
2026-06-04 22:06:44.643696+00,anotador_269,2596,3,,,buenos_aires_amba,"[{""pos"":1,""source"":""prem"",""palabra"":""CIO""},{""pos"":9,""source"":""prem"",""palabra"":""CIO,""},{""pos"":32,""source"":""prem"",""palabra"":""interoperable""},{""pos"":1,""source"":""hyp"",""palabra"":""CIO""},{""pos"":8,""source"":""hyp"",""palabra"":""rendimiento.""}]"
2026-06-04 22:09:49.488778+00,anotador_110,4345,3,,,,[]
2026-06-04 22:10:13.562569+00,anotador_110,6982,3,,,,[]
2026-06-04 22:10:50.457542+00,anotador_110,4847,4,,,,[]
2026-06-04 22:11:08.317561+00,anotador_110,1303,4,,,,[]
2026-06-04 22:11:23.938819+00,anotador_110,3970,3,,,,[]
2026-06-04 22:13:14.206221+00,anotador_208,9999,3,,,,"[{""pos"":1,""source"":""prem"",""palabra"":""chaval""},{""pos"":1,""source"":""hyp"",""palabra"":""Kettering,""},{""pos"":9,""source"":""hyp"",""palabra"":""Kilimsworth""},{""pos"":10,""source"":""hyp"",""palabra"":""ante""},{""pos"":2,""source"":""prem"",""palabra"":""cogió""},{""pos"":11,""source"":""prem"",""palabra"":""luego""}]"
2026-06-04 22:13:50.044113+00,anotador_208,1326,4,,,,[]
2026-06-04 22:14:28.081682+00,anotador_208,1691,4,,,,"[{""pos"":2,""source"":""prem"",""palabra"":""cabina,""}]"
2026-06-04 22:14:50.723318+00,anotador_208,6103,3,,,,[]
2026-06-04 22:15:45.296449+00,anotador_135,4537,5,,,buenos_aires_amba,[]
2026-06-04 22:16:01.760868+00,anotador_135,2411,5,,,buenos_aires_amba,[]
2026-06-04 22:16:11.364485+00,anotador_135,7429,5,,,buenos_aires_amba,[]
2026-06-04 22:16:18.628266+00,anotador_135,5450,5,,,buenos_aires_amba,[]
2026-06-04 22:16:33.899593+00,anotador_135,4102,5,,,buenos_aires_amba,[]
2026-06-04 22:16:48.192603+00,anotador_135,3735,5,,,buenos_aires_amba,[]
2026-06-04 22:17:00.486943+00,anotador_135,6119,5,,,buenos_aires_amba,[]
2026-06-04 22:17:11.429415+00,anotador_135,4007,5,,,buenos_aires_amba,[]
2026-06-04 22:17:19.846258+00,anotador_135,666,5,,,buenos_aires_amba,[]
2026-06-04 22:17:29.468012+00,anotador_135,2176,5,,,buenos_aires_amba,[]
2026-06-04 22:17:46.854262+00,anotador_135,2352,5,,,buenos_aires_amba,[]
2026-06-04 22:17:56.931462+00,anotador_135,6290,5,,,buenos_aires_amba,[]
2026-06-04 22:31:43.131033+00,anotador_241,9999,1,,,buenos_aires_amba,"[{""pos"":2,""source"":""prem"",""palabra"":""cogió""},{""pos"":1,""source"":""prem"",""palabra"":""chaval""},{""pos"":4,""source"":""prem"",""palabra"":""móvil""},{""pos"":1,""source"":""hyp"",""palabra"":""Kettering,""},{""pos"":3,""source"":""hyp"",""palabra"":""Wollongong""},{""pos"":4,""source"":""hyp"",""palabra"":""Bears""},{""pos"":7,""source"":""hyp"",""palabra"":""Tournament""},{""pos"":9,""source"":""hyp"",""palabra"":""Kilimsworth""}]"
2026-06-04 22:32:29.354541+00,anotador_241,205,4,,,buenos_aires_amba,[]
2026-06-04 22:32:43.868179+00,anotador_241,5790,4,,,buenos_aires_amba,"[{""pos"":4,""source"":""prem"",""palabra"":""motín""}]"
2026-06-04 22:33:37.325926+00,anotador_241,3939,5,,,buenos_aires_amba,[]
2026-06-04 22:33:56.453914+00,anotador_241,6894,5,,,buenos_aires_amba,[]
2026-06-04 22:34:05.915321+00,anotador_241,4140,4,,,buenos_aires_amba,"[{""pos"":15,""source"":""prem"",""palabra"":""nerd.""}]"
2026-06-04 22:34:39.866596+00,anotador_241,20,4,,,buenos_aires_amba,[]
2026-06-04 22:34:53.989543+00,anotador_241,6444,5,,,buenos_aires_amba,[]
2026-06-04 22:35:13.817102+00,anotador_241,2654,5,,,buenos_aires_amba,[]
2026-06-04 22:35:18.532324+00,anotador_241,4284,5,,,buenos_aires_amba,[]
2026-06-04 22:35:58.459193+00,anotador_241,620,4,,,buenos_aires_amba,[]
2026-06-04 22:36:01.650882+00,anotador_241,2625,5,,,buenos_aires_amba,[]
2026-06-04 22:36:29.814333+00,anotador_241,1928,5,,,buenos_aires_amba,[]
2026-06-04 22:36:42.213252+00,anotador_241,5126,3,,,buenos_aires_amba,"[{""pos"":5,""source"":""hyp"",""palabra"":""ocurriría""},{""pos"":6,""source"":""hyp"",""palabra"":""cuando""},{""pos"":7,""source"":""hyp"",""palabra"":""ocurriera.""}]"
2026-06-04 22:37:03.031232+00,anotador_241,5085,5,,,buenos_aires_amba,[]
2026-06-04 22:37:07.330476+00,anotador_241,4999,5,,,buenos_aires_amba,[]
2026-06-04 22:37:32.124175+00,anotador_241,6330,5,,,buenos_aires_amba,[]
2026-06-04 22:37:42.928051+00,anotador_241,4300,5,,,buenos_aires_amba,[]
2026-06-04 22:38:02.116716+00,anotador_241,257,5,,,buenos_aires_amba,[]
2026-06-04 22:38:17.851439+00,anotador_241,2683,5,,,buenos_aires_amba,[]
2026-06-04 22:41:52.765706+00,anotador_154,9999,1,,,buenos_aires_amba,[]
2026-06-04 22:42:14.273709+00,anotador_154,7293,4,,,buenos_aires_amba,[]
2026-06-04 22:42:28.295959+00,anotador_154,3672,5,,,buenos_aires_amba,[]
2026-06-04 22:42:45.613522+00,anotador_154,3943,5,,,buenos_aires_amba,[]
2026-06-04 22:43:08.738193+00,anotador_154,1458,4,,,buenos_aires_amba,[]
2026-06-04 22:43:23.223639+00,anotador_154,3905,5,,,buenos_aires_amba,[]
2026-06-04 22:43:43.807777+00,anotador_154,1766,4,,,buenos_aires_amba,[]
2026-06-04 22:44:05.785769+00,anotador_154,2401,4,,,buenos_aires_amba,[]
2026-06-04 22:44:22.655186+00,anotador_154,4460,3,,,buenos_aires_amba,[]
2026-06-04 22:44:44.964252+00,anotador_154,2675,5,,,buenos_aires_amba,[]
2026-06-04 22:45:03.154237+00,anotador_154,7073,3,,,buenos_aires_amba,[]
2026-06-04 22:45:16.673819+00,anotador_154,6708,4,,,buenos_aires_amba,[]
2026-06-04 22:45:34.203546+00,anotador_154,6896,5,,,buenos_aires_amba,[]
2026-06-04 22:45:56.654373+00,anotador_154,5955,5,,,buenos_aires_amba,[]
2026-06-04 22:46:08.314755+00,anotador_154,1288,5,,,buenos_aires_amba,[]
2026-06-04 22:46:24.30163+00,anotador_154,4534,5,,,buenos_aires_amba,[]
2026-06-04 22:46:47.518922+00,anotador_154,5734,5,,,buenos_aires_amba,[]
2026-06-04 22:47:01.286224+00,anotador_154,1664,3,,,buenos_aires_amba,[]
2026-06-04 22:47:12.263594+00,anotador_154,1622,5,,,buenos_aires_amba,[]
2026-06-04 22:47:23.484369+00,anotador_154,2238,5,,,buenos_aires_amba,[]
2026-06-04 22:48:29.799106+00,anotador_154,4699,4,,,,[]
2026-06-04 22:48:40.986096+00,anotador_154,1420,1,,,,[]
2026-06-04 22:57:47.060897+00,anotador_243,9999,1,,,buenos_aires_amba,"[{""pos"":1,""source"":""prem"",""palabra"":""chaval""},{""pos"":0,""source"":""prem"",""palabra"":""El""},{""pos"":4,""source"":""prem"",""palabra"":""móvil""},{""pos"":8,""source"":""prem"",""palabra"":""piso""}]"
2026-06-04 22:59:10.613017+00,anotador_243,7397,5,,,buenos_aires_amba,[]
2026-06-04 22:59:39.411771+00,anotador_243,4431,5,,,buenos_aires_amba,[]
2026-06-04 23:00:03.85349+00,anotador_243,6522,5,,,buenos_aires_amba,[]
2026-06-04 23:00:22.0689+00,anotador_243,7205,5,,,buenos_aires_amba,[]
2026-06-04 23:00:39.420927+00,anotador_243,4134,5,,,buenos_aires_amba,[]
2026-06-04 23:01:10.011728+00,anotador_243,6518,5,,,buenos_aires_amba,[]
2026-06-04 23:01:33.793119+00,anotador_243,4791,5,,,buenos_aires_amba,[]
2026-06-04 23:01:51.199666+00,anotador_243,7312,5,,,buenos_aires_amba,[]
2026-06-04 23:02:06.423819+00,anotador_243,4897,5,,,buenos_aires_amba,[]
2026-06-04 23:02:31.047793+00,anotador_243,1546,5,,,buenos_aires_amba,[]
2026-06-04 23:02:43.683413+00,anotador_243,2531,5,,,buenos_aires_amba,[]
2026-06-04 23:02:53.355845+00,anotador_243,4491,5,,,buenos_aires_amba,[]
2026-06-04 23:03:13.463798+00,anotador_243,6089,5,,,buenos_aires_amba,[]
2026-06-04 23:03:35.039503+00,anotador_243,7163,5,,,buenos_aires_amba,[]
2026-06-04 23:03:41.963131+00,anotador_243,5018,5,,,buenos_aires_amba,[]
2026-06-04 23:04:15.256357+00,anotador_243,6854,3,,,buenos_aires_amba,[]
2026-06-04 23:04:38.399242+00,anotador_243,7437,5,,,buenos_aires_amba,[]
2026-06-04 23:04:59.275586+00,anotador_243,2057,5,,,buenos_aires_amba,[]
2026-06-04 23:05:25.156487+00,anotador_243,5715,5,,,buenos_aires_amba,[]
2026-06-04 23:10:52.412931+00,anotador_187,9999,2,,,buenos_aires_amba,"[{""pos"":1,""source"":""prem"",""palabra"":""chaval""},{""pos"":2,""source"":""prem"",""palabra"":""cogió""},{""pos"":4,""source"":""prem"",""palabra"":""móvil""}]"
2026-06-04 23:11:20.535679+00,anotador_187,86,4,,,buenos_aires_amba,[]
2026-06-04 23:11:29.007177+00,anotador_187,3820,4,,,buenos_aires_amba,"[{""pos"":16,""source"":""prem"",""palabra"":""modesta,""}]"
2026-06-04 23:11:46.477883+00,anotador_187,5323,5,,,buenos_aires_amba,[]
2026-06-04 23:11:50.062106+00,anotador_261,6815,3,,,buenos_aires_amba,"[{""pos"":19,""source"":""prem"",""palabra"":""$25""},{""pos"":7,""source"":""hyp"",""palabra"":""33""},{""pos"":8,""source"":""hyp"",""palabra"":""dólares.""}]"
2026-06-04 23:11:51.222335+00,anotador_187,261,3,,,buenos_aires_amba,"[{""pos"":7,""source"":""prem"",""palabra"":""tómate""},{""pos"":7,""source"":""hyp"",""palabra"":""prisa.""},{""pos"":6,""source"":""hyp"",""palabra"":""darme""}]"
2026-06-04 23:12:06.108315+00,anotador_187,5464,5,,,buenos_aires_amba,[]
2026-06-04 23:12:13.467235+00,anotador_187,4786,3,en vez de no es así debería ser solo no,,buenos_aires_amba,"[{""pos"":3,""source"":""prem"",""palabra"":""¿no""},{""pos"":5,""source"":""prem"",""palabra"":""así?""},{""pos"":4,""source"":""prem"",""palabra"":""es""},{""pos"":12,""source"":""hyp"",""palabra"":""¿no""},{""pos"":13,""source"":""hyp"",""palabra"":""es""},{""pos"":14,""source"":""hyp"",""palabra"":""así?""}]"
2026-06-04 23:12:23.30053+00,anotador_261,1548,5,,,buenos_aires_amba,[]
2026-06-04 23:12:32.635671+00,anotador_261,6126,4,,,buenos_aires_amba,[]
2026-06-04 23:12:38.187363+00,anotador_187,6704,5,,,buenos_aires_amba,[]
2026-06-04 23:12:44.097864+00,anotador_187,4306,5,,,buenos_aires_amba,[]
2026-06-04 23:12:48.082824+00,anotador_261,2650,4,,,buenos_aires_amba,[]
2026-06-04 23:12:53.707003+00,anotador_187,1551,4,,,buenos_aires_amba,"[{""pos"":7,""source"":""hyp"",""palabra"":""menudo""}]"
2026-06-04 23:12:59.748004+00,anotador_261,6782,4,,,buenos_aires_amba,[]
2026-06-04 23:12:59.881956+00,anotador_187,3950,5,,,buenos_aires_amba,[]
2026-06-04 23:13:05.327086+00,anotador_187,4849,3,,,buenos_aires_amba,"[{""pos"":4,""source"":""prem"",""palabra"":""terminales""},{""pos"":16,""source"":""prem"",""palabra"":""evocaba""}]"
2026-06-04 23:13:10.031913+00,anotador_261,1088,5,,,buenos_aires_amba,[]
2026-06-04 23:13:23.645986+00,anotador_187,4197,5,,,buenos_aires_amba,[]
2026-06-04 23:13:30.890449+00,anotador_187,6486,5,,,buenos_aires_amba,[]
2026-06-04 23:13:32.460924+00,anotador_261,1778,4,,,buenos_aires_amba,[]
2026-06-04 23:13:38.456677+00,anotador_261,1984,5,,,buenos_aires_amba,[]
2026-06-04 23:13:38.718802+00,anotador_187,2214,5,,,buenos_aires_amba,[]
2026-06-04 23:13:47.647793+00,anotador_261,5985,4,,,buenos_aires_amba,[]
2026-06-04 23:13:51.28854+00,anotador_187,5081,5,,,buenos_aires_amba,[]
2026-06-04 23:13:57.809723+00,anotador_187,2239,5,,,buenos_aires_amba,[]
2026-06-04 23:14:00.093121+00,anotador_261,2030,4,,,buenos_aires_amba,[]
2026-06-04 23:14:03.587688+00,anotador_187,6735,5,,,buenos_aires_amba,[]
2026-06-04 23:14:14.097915+00,anotador_261,6016,4,,,buenos_aires_amba,[]
2026-06-04 23:14:15.556889+00,anotador_187,2873,5,,,buenos_aires_amba,[]
2026-06-04 23:14:22.635604+00,anotador_187,7443,5,,,buenos_aires_amba,[]
2026-06-04 23:14:26.788841+00,anotador_261,1345,4,,,buenos_aires_amba,[]
2026-06-04 23:14:31.702707+00,anotador_261,3142,4,,,buenos_aires_amba,[]
2026-06-04 23:14:52.796891+00,anotador_261,5835,4,,,buenos_aires_amba,[]
2026-06-04 23:15:13.721164+00,anotador_261,3527,5,,,buenos_aires_amba,[]
2026-06-04 23:15:24.294944+00,anotador_261,1848,4,,,buenos_aires_amba,[]
2026-06-04 23:15:33.82433+00,anotador_261,4463,4,,,buenos_aires_amba,[]
2026-06-04 23:15:41.172491+00,anotador_261,3961,2,,,buenos_aires_amba,"[{""pos"":3,""source"":""prem"",""palabra"":""Washington,""},{""pos"":4,""source"":""prem"",""palabra"":""Colorado""},{""pos"":6,""source"":""prem"",""palabra"":""Dakota""},{""pos"":8,""source"":""prem"",""palabra"":""Norte,""},{""pos"":7,""source"":""prem"",""palabra"":""del""},{""pos"":16,""source"":""prem"",""palabra"":""Alan""},{""pos"":17,""source"":""prem"",""palabra"":""Dixon,""},{""pos"":0,""source"":""hyp"",""palabra"":""Alan""},{""pos"":1,""source"":""hyp"",""palabra"":""Dixon""}]"
2026-06-04 23:15:59.536143+00,anotador_261,6421,4,,,buenos_aires_amba,[]
2026-06-04 23:16:36.63417+00,anotador_261,2963,4,,,buenos_aires_amba,[]
2026-06-04 23:16:43.134301+00,anotador_261,2954,4,,,buenos_aires_amba,[]
2026-06-04 23:17:52.30949+00,anotador_261,2817,3,,,buenos_aires_amba,"[{""pos"":8,""source"":""hyp"",""palabra"":""de""},{""pos"":9,""source"":""hyp"",""palabra"":""inmediato.""}]"
2026-06-04 23:18:08.239773+00,anotador_261,6776,2,,,buenos_aires_amba,"[{""pos"":15,""source"":""prem"",""palabra"":""Indianápolis""},{""pos"":9,""source"":""hyp"",""palabra"":""Indianápolis""}]"
2026-06-04 23:18:20.380489+00,anotador_261,2321,4,,,buenos_aires_amba,[]
2026-06-04 23:18:30.264435+00,anotador_261,5841,4,,,buenos_aires_amba,[]
2026-06-04 23:18:40.92393+00,anotador_261,7155,5,,,buenos_aires_amba,[]
2026-06-04 23:19:15.703356+00,anotador_261,2607,4,,,buenos_aires_amba,[]
2026-06-04 23:19:26.788159+00,anotador_261,5615,5,,,buenos_aires_amba,[]
2026-06-04 23:19:45.059472+00,anotador_261,7447,4,,,buenos_aires_amba,[]
2026-06-04 23:19:56.246514+00,anotador_261,724,4,esta raro ahi puesto,,buenos_aires_amba,"[{""pos"":5,""source"":""prem"",""palabra"":""así""}]"
2026-06-04 23:20:27.906748+00,anotador_261,5176,5,,,buenos_aires_amba,[]
2026-06-04 23:20:35.347787+00,anotador_261,4165,5,,,buenos_aires_amba,[]
2026-06-04 23:20:41.93445+00,anotador_261,2390,4,,,buenos_aires_amba,[]
2026-06-04 23:20:47.174269+00,anotador_261,5813,2,con placer? ..,,buenos_aires_amba,"[{""pos"":6,""source"":""prem"",""palabra"":""buena""},{""pos"":7,""source"":""prem"",""palabra"":""gana.""}]"
2026-06-04 23:21:25.569313+00,anotador_261,3102,3,,,buenos_aires_amba,[]
2026-06-04 23:21:44.550848+00,anotador_261,4578,4,,,buenos_aires_amba,[]
2026-06-04 23:21:47.902893+00,anotador_261,5105,3,"cachetada, cocholatada",,buenos_aires_amba,"[{""pos"":4,""source"":""prem"",""palabra"":""bofetada,""},{""pos"":16,""source"":""prem"",""palabra"":""chocolate""},{""pos"":17,""source"":""prem"",""palabra"":""con""},{""pos"":6,""source"":""hyp"",""palabra"":""leche""},{""pos"":7,""source"":""hyp"",""palabra"":""con""},{""pos"":8,""source"":""hyp"",""palabra"":""chocolate""}]"
2026-06-04 23:22:20.054757+00,anotador_261,7139,5,,,buenos_aires_amba,[]
2026-06-04 23:22:24.487819+00,anotador_261,105,5,,,buenos_aires_amba,[]
2026-06-04 23:22:37.99919+00,anotador_261,2880,4,,,buenos_aires_amba,[]
2026-06-04 23:22:50.745946+00,anotador_261,3648,4,,,buenos_aires_amba,[]
2026-06-04 23:23:15.154723+00,anotador_261,5629,,,,,"[{""pos"":1,""source"":""prem"",""palabra"":""vaquero""}]"
2026-06-04 23:23:15.416418+00,anotador_261,5629,3,,,buenos_aires_amba,"[{""pos"":1,""source"":""prem"",""palabra"":""vaquero""},{""pos"":3,""source"":""prem"",""palabra"":""buckaroo""},{""pos"":10,""source"":""prem"",""palabra"":""cowboy""}]"
2026-06-04 23:23:26.906534+00,anotador_261,2688,3,,,buenos_aires_amba,[]
2026-06-04 23:23:32.956478+00,anotador_261,4747,4,,,buenos_aires_amba,[]
2026-06-04 23:23:41.890895+00,anotador_261,6554,4,,,buenos_aires_amba,[]
2026-06-04 23:23:52.470077+00,anotador_261,5530,5,,,buenos_aires_amba,[]
2026-06-04 23:23:54.716255+00,anotador_261,4266,2,,,buenos_aires_amba,"[{""pos"":3,""source"":""prem"",""palabra"":""Letohrad,""},{""pos"":8,""source"":""prem"",""palabra"":""Josef""},{""pos"":9,""source"":""prem"",""palabra"":""Korbel,""},{""pos"":17,""source"":""prem"",""palabra"":""Albright""},{""pos"":0,""source"":""hyp"",""palabra"":""Korbel""}]"
2026-06-04 23:24:10.740204+00,anotador_261,4357,2,"celular directo

parlotee es pesimo",,buenos_aires_amba,"[{""pos"":27,""source"":""prem"",""palabra"":""parlotee""},{""pos"":22,""source"":""prem"",""palabra"":""Boss""},{""pos"":23,""source"":""prem"",""palabra"":""Tweed)""},{""pos"":30,""source"":""prem"",""palabra"":""teléfono""},{""pos"":31,""source"":""prem"",""palabra"":""celular.""},{""pos"":6,""source"":""hyp"",""palabra"":""teléfonos""},{""pos"":7,""source"":""hyp"",""palabra"":""celulares.""}]"
2026-06-04 23:24:50.99095+00,anotador_261,7304,4,,,buenos_aires_amba,[]
2026-06-04 23:24:57.439789+00,anotador_261,4682,4,,,buenos_aires_amba,[]
2026-06-04 23:25:11.490969+00,anotador_261,2938,3,,,buenos_aires_amba,[]
2026-06-04 23:25:16.435614+00,anotador_261,2503,4,,,buenos_aires_amba,[]
2026-06-04 23:25:21.286558+00,anotador_261,2943,5,,,buenos_aires_amba,[]
2026-06-04 23:25:38.624206+00,anotador_261,2477,4,,,buenos_aires_amba,[]
2026-06-04 23:25:54.134432+00,anotador_261,4709,4,,,buenos_aires_amba,[]
2026-06-04 23:26:01.183694+00,anotador_261,6441,4,,,buenos_aires_amba,[]
2026-06-04 23:26:07.233169+00,anotador_261,3071,5,,,buenos_aires_amba,[]
2026-06-04 23:26:12.789667+00,anotador_261,1624,5,,,buenos_aires_amba,[]
2026-06-04 23:26:21.76379+00,anotador_261,2159,5,,,buenos_aires_amba,[]
2026-06-04 23:26:41.739839+00,anotador_261,3653,5,,,buenos_aires_amba,[]
2026-06-04 23:26:49.956565+00,anotador_261,3849,4,,,buenos_aires_amba,[]
2026-06-04 23:27:05.170109+00,anotador_261,4779,4,,,buenos_aires_amba,[]
2026-06-04 23:27:13.760042+00,anotador_261,1254,4,,,buenos_aires_amba,[]
2026-06-04 23:27:23.977318+00,anotador_261,5556,4,,,buenos_aires_amba,[]
2026-06-04 23:27:30.566525+00,anotador_261,5609,3,,,buenos_aires_amba,"[{""pos"":12,""source"":""prem"",""palabra"":""bonitas""},{""pos"":15,""source"":""prem"",""palabra"":""Castilla,""},{""pos"":4,""source"":""hyp"",""palabra"":""cima""}]"
2026-06-04 23:27:43.080271+00,anotador_261,4371,3,,,buenos_aires_amba,"[{""pos"":2,""source"":""hyp"",""palabra"":""apuntaba.""}]"
2026-06-04 23:28:09.664733+00,anotador_261,5983,2,"te defenderías

ni te gastes en defenderte",,buenos_aires_amba,"[{""pos"":6,""source"":""prem"",""palabra"":""molestarte""},{""pos"":7,""source"":""prem"",""palabra"":""en""},{""pos"":8,""source"":""prem"",""palabra"":""defenderte""},{""pos"":5,""source"":""prem"",""palabra"":""deberías""}]"
2026-06-04 23:28:52.912586+00,anotador_261,6091,4,,,buenos_aires_amba,[]
2026-06-04 23:29:07.752175+00,anotador_261,2088,2,,,buenos_aires_amba,"[{""pos"":1,""source"":""hyp"",""palabra"":""Dora""},{""pos"":2,""source"":""hyp"",""palabra"":""Stratou""},{""pos"":3,""source"":""hyp"",""palabra"":""Folk""},{""pos"":4,""source"":""hyp"",""palabra"":""Dance""},{""pos"":24,""source"":""prem"",""palabra"":""Philopappos""},{""pos"":25,""source"":""prem"",""palabra"":""Hill""},{""pos"":15,""source"":""prem"",""palabra"":""griega""},{""pos"":5,""source"":""prem"",""palabra"":""Dora""},{""pos"":6,""source"":""prem"",""palabra"":""Stratou""},{""pos"":4,""source"":""prem"",""palabra"":""Folklórica""},{""pos"":3,""source"":""prem"",""palabra"":""Danza""}]"
2026-06-04 23:29:20.783028+00,anotador_261,1911,3,Atreveté,,buenos_aires_amba,[]
2026-06-04 23:30:06.284115+00,anotador_261,672,4,,,buenos_aires_amba,[]
2026-06-04 23:30:37.018645+00,anotador_261,741,3,,,buenos_aires_amba,[]
2026-06-04 23:30:53.36805+00,anotador_261,4621,4,,,buenos_aires_amba,[]
2026-06-04 23:31:00.290895+00,anotador_261,7101,5,,,buenos_aires_amba,[]
2026-06-04 23:31:06.634871+00,anotador_261,4877,5,,,buenos_aires_amba,[]
2026-06-04 23:31:12.855148+00,anotador_261,4103,3,,,buenos_aires_amba,"[{""pos"":5,""source"":""prem"",""palabra"":""Weisberg,""},{""pos"":6,""source"":""prem"",""palabra"":""Car""},{""pos"":7,""source"":""prem"",""palabra"":""Talk,""},{""pos"":0,""source"":""hyp"",""palabra"":""Weisberg""}]"
2026-06-04 23:31:26.177671+00,anotador_261,4425,3,,,buenos_aires_amba,[]
2026-06-04 23:31:27.068921+00,anotador_013,9999,1,"Todo, nada suena argentino",,buenos_aires_amba,"[{""pos"":1,""source"":""prem"",""palabra"":""chaval""},{""pos"":2,""source"":""prem"",""palabra"":""cogió""},{""pos"":4,""source"":""prem"",""palabra"":""móvil""},{""pos"":11,""source"":""prem"",""palabra"":""luego""},{""pos"":8,""source"":""prem"",""palabra"":""piso""},{""pos"":1,""source"":""hyp"",""palabra"":""Kettering,""},{""pos"":3,""source"":""hyp"",""palabra"":""Wollongong""},{""pos"":4,""source"":""hyp"",""palabra"":""Bears""},{""pos"":7,""source"":""hyp"",""palabra"":""Tournament""},{""pos"":9,""source"":""hyp"",""palabra"":""Kilimsworth""}]"
2026-06-04 23:31:36.559897+00,anotador_261,7094,3,,,buenos_aires_amba,[]
2026-06-04 23:31:54.066953+00,anotador_261,6979,4,,,buenos_aires_amba,[]
2026-06-04 23:32:03.059994+00,anotador_261,5021,4,,,buenos_aires_amba,[]
2026-06-04 23:32:09.084172+00,anotador_261,7233,2,kilos,,buenos_aires_amba,"[{""pos"":12,""source"":""prem"",""palabra"":""phen""},{""pos"":11,""source"":""prem"",""palabra"":""fen""},{""pos"":12,""source"":""hyp"",""palabra"":""libras""},{""pos"":11,""source"":""hyp"",""palabra"":""20""}]"
2026-06-04 23:32:33.301042+00,anotador_261,5069,4,,,buenos_aires_amba,[]
2026-06-04 23:32:45.444358+00,anotador_261,3104,4,,,buenos_aires_amba,[]
2026-06-04 23:32:48.126889+00,anotador_013,3090,5,,,buenos_aires_amba,[]
2026-06-04 23:32:51.292655+00,anotador_261,201,,,,,"[{""pos"":11,""source"":""prem"",""palabra"":""niño""}]"
2026-06-04 23:32:51.5107+00,anotador_261,201,4,chico solo ,,buenos_aires_amba,"[{""pos"":11,""source"":""prem"",""palabra"":""niño""},{""pos"":12,""source"":""prem"",""palabra"":""chico,""}]"
2026-06-04 23:33:13.154738+00,anotador_013,773,4,,,buenos_aires_amba,[]
2026-06-04 23:33:18.014784+00,anotador_261,117,4,,,buenos_aires_amba,[]
2026-06-04 23:33:20.671325+00,anotador_261,5742,2,,,buenos_aires_amba,"[{""pos"":1,""source"":""prem"",""palabra"":""Wallis""},{""pos"":3,""source"":""prem"",""palabra"":""Varjabedian""},{""pos"":19,""source"":""prem"",""palabra"":""Nuevo""},{""pos"":20,""source"":""prem"",""palabra"":""México.""},{""pos"":1,""source"":""hyp"",""palabra"":""moradas""},{""pos"":10,""source"":""prem"",""palabra"":""moradas""},{""pos"":11,""source"":""hyp"",""palabra"":""Nuevo""},{""pos"":12,""source"":""hyp"",""palabra"":""México.""}]"
2026-06-04 23:33:45.220017+00,anotador_261,6001,4,,,buenos_aires_amba,[]
2026-06-04 23:33:51.172862+00,anotador_261,3198,5,,,buenos_aires_amba,[]
2026-06-04 23:33:55.323264+00,anotador_261,1914,4,,,buenos_aires_amba,[]
2026-06-04 23:33:59.513647+00,anotador_013,2758,5,,,buenos_aires_amba,[]
2026-06-04 23:34:10.513202+00,anotador_261,3544,4,,,buenos_aires_amba,[]
2026-06-04 23:34:10.706044+00,anotador_013,629,5,,,buenos_aires_amba,[]
2026-06-04 23:34:18.981273+00,anotador_013,7065,5,,,buenos_aires_amba,[]
2026-06-04 23:34:26.060956+00,anotador_013,4046,5,,,buenos_aires_amba,[]
2026-06-04 23:34:26.802403+00,anotador_261,5665,4,,,buenos_aires_amba,[]
2026-06-04 23:34:34.444353+00,anotador_013,1885,5,,,buenos_aires_amba,[]
2026-06-04 23:34:39.967653+00,anotador_261,2543,4,,,buenos_aires_amba,[]
2026-06-04 23:34:52.199559+00,anotador_013,6715,5,,,buenos_aires_amba,[]
2026-06-04 23:34:54.883672+00,anotador_261,638,4,,,buenos_aires_amba,[]
2026-06-04 23:34:58.18453+00,anotador_261,2089,2,,,buenos_aires_amba,"[{""pos"":1,""source"":""prem"",""palabra"":""Teatro""},{""pos"":3,""source"":""prem"",""palabra"":""Danza""},{""pos"":4,""source"":""prem"",""palabra"":""Folklórica""},{""pos"":5,""source"":""prem"",""palabra"":""Dora""},{""pos"":6,""source"":""prem"",""palabra"":""Stratou""},{""pos"":24,""source"":""prem"",""palabra"":""Philopappos""},{""pos"":25,""source"":""prem"",""palabra"":""Hill""},{""pos"":3,""source"":""hyp"",""palabra"":""Philopappos""},{""pos"":4,""source"":""hyp"",""palabra"":""Hill""}]"
2026-06-04 23:35:23.911327+00,anotador_013,7462,4,,,buenos_aires_amba,[]
2026-06-04 23:35:28.846358+00,anotador_261,1847,3,,,buenos_aires_amba,"[{""pos"":0,""source"":""prem"",""palabra"":""Pitt,""},{""pos"":0,""source"":""hyp"",""palabra"":""Pitt""}]"
2026-06-04 23:35:38.841068+00,anotador_261,6660,2,,,buenos_aires_amba,"[{""pos"":4,""source"":""prem"",""palabra"":""Rumsfeld""},{""pos"":11,""source"":""prem"",""palabra"":""talibanes.""},{""pos"":7,""source"":""hyp"",""palabra"":""talibanes.""}]"
2026-06-04 23:35:49.973257+00,anotador_013,2829,5,,,buenos_aires_amba,[]
2026-06-04 23:35:53.727859+00,anotador_261,6197,3,,,buenos_aires_amba,[]
2026-06-04 23:36:00.146932+00,anotador_013,3409,5,,,buenos_aires_amba,[]
2026-06-04 23:36:09.106566+00,anotador_013,2937,5,,,buenos_aires_amba,[]
2026-06-04 23:36:13.013257+00,anotador_013,4898,5,,,buenos_aires_amba,[]
2026-06-04 23:36:17.265226+00,anotador_261,4411,3,,,buenos_aires_amba,[]
2026-06-04 23:36:17.346041+00,anotador_013,7315,5,,,buenos_aires_amba,[]
2026-06-04 23:36:24.080884+00,anotador_261,6917,3,hectareas,,buenos_aires_amba,"[{""pos"":9,""source"":""prem"",""palabra"":""acres""}]"
2026-06-04 23:36:28.271331+00,anotador_013,4190,5,,,buenos_aires_amba,[]
2026-06-04 23:36:32.734981+00,anotador_002,9999,1,,,,"[{""pos"":4,""source"":""prem"",""palabra"":""móvil""},{""pos"":2,""source"":""prem"",""palabra"":""cogió""},{""pos"":1,""source"":""prem"",""palabra"":""chaval""},{""pos"":1,""source"":""hyp"",""palabra"":""Kettering,""},{""pos"":3,""source"":""hyp"",""palabra"":""Wollongong""},{""pos"":4,""source"":""hyp"",""palabra"":""Bears""},{""pos"":7,""source"":""hyp"",""palabra"":""Tournament""},{""pos"":9,""source"":""hyp"",""palabra"":""Kilimsworth""},{""pos"":8,""source"":""hyp"",""palabra"":""of""}]"
2026-06-04 23:36:41.709468+00,anotador_013,4354,5,,,buenos_aires_amba,[]
2026-06-04 23:36:44.298352+00,anotador_261,5427,5,,,buenos_aires_amba,[]
2026-06-04 23:36:50.384587+00,anotador_013,6985,5,,,buenos_aires_amba,[]
2026-06-04 23:36:50.534436+00,anotador_261,6305,3,,,buenos_aires_amba,"[{""pos"":2,""source"":""prem"",""palabra"":""Regional""},{""pos"":3,""source"":""prem"",""palabra"":""Haze""},{""pos"":4,""source"":""prem"",""palabra"":""RIA""},{""pos"":7,""source"":""prem"",""palabra"":""NOx""},{""pos"":8,""source"":""prem"",""palabra"":""SIP""},{""pos"":9,""source"":""prem"",""palabra"":""Call""},{""pos"":10,""source"":""prem"",""palabra"":""RIA),""}]"
2026-06-04 23:37:01.079633+00,anotador_013,5117,5,,,buenos_aires_amba,[]
2026-06-04 23:37:25.00309+00,anotador_013,2725,5,,,buenos_aires_amba,[]
2026-06-04 23:37:31.471889+00,anotador_261,7473,3,,,buenos_aires_amba,"[{""pos"":6,""source"":""hyp"",""palabra"":""Richards.""},{""pos"":2,""source"":""prem"",""palabra"":""Richards""}]"
2026-06-04 23:37:38.414228+00,anotador_261,5846,2,vergonzoso,,buenos_aires_amba,"[{""pos"":9,""source"":""hyp"",""palabra"":""embarazoso!""}]"
2026-06-04 23:37:50.060182+00,anotador_283,9999,1,,,buenos_aires_amba,"[{""pos"":1,""source"":""prem"",""palabra"":""chaval""},{""pos"":4,""source"":""prem"",""palabra"":""móvil""},{""pos"":10,""source"":""prem"",""palabra"":""internet,""},{""pos"":11,""source"":""prem"",""palabra"":""luego""},{""pos"":7,""source"":""hyp"",""palabra"":""Tournament""},{""pos"":10,""source"":""hyp"",""palabra"":""ante""},{""pos"":13,""source"":""hyp"",""palabra"":""fans.""}]"
2026-06-04 23:37:51.999445+00,anotador_261,3713,2,Soda Estereo,,buenos_aires_amba,"[{""pos"":11,""source"":""prem"",""palabra"":""FOREVER""},{""pos"":12,""source"":""prem"",""palabra"":""PLAID""}]"
2026-06-04 23:38:15.811084+00,anotador_261,4991,2,Srta ____ español formal y académico,,buenos_aires_amba,"[{""pos"":3,""source"":""prem"",""palabra"":""Srta.""},{""pos"":4,""source"":""prem"",""palabra"":""Dalrymple,""},{""pos"":22,""source"":""prem"",""palabra"":""inglés""},{""pos"":23,""source"":""prem"",""palabra"":""clásico""}]"
2026-06-04 23:38:47.017154+00,anotador_283,6346,5,,,buenos_aires_amba,[]
2026-06-04 23:38:49.748567+00,anotador_002,4662,4,,,,[]
2026-06-04 23:38:53.376673+00,anotador_283,3822,5,,,buenos_aires_amba,[]
2026-06-04 23:39:10.422284+00,anotador_261,6291,4,,,buenos_aires_amba,[]
2026-06-04 23:39:13.878719+00,anotador_283,3582,4,,,buenos_aires_amba,"[{""pos"":17,""source"":""prem"",""palabra"":""tangible""}]"
2026-06-04 23:39:14.736491+00,anotador_261,2157,2,"colate,",,buenos_aires_amba,"[{""pos"":6,""source"":""prem"",""palabra"":""cuélate""}]"
2026-06-04 23:39:16.130816+00,anotador_002,4205,4,,,,[]
2026-06-04 23:39:30.198643+00,anotador_002,7342,4,,,,[]
2026-06-04 23:39:34.91057+00,anotador_107,9999,3,,,buenos_aires_amba,"[{""pos"":1,""source"":""prem"",""palabra"":""chaval""},{""pos"":2,""source"":""prem"",""palabra"":""cogió""}]"
2026-06-04 23:39:35.772463+00,anotador_283,4347,5,,,buenos_aires_amba,[]
2026-06-04 23:39:36.354992+00,anotador_261,6641,3,,,buenos_aires_amba,[]
2026-06-04 23:39:36.622075+00,anotador_261,6641,3,,,buenos_aires_amba,[]
2026-06-04 23:39:37.03257+00,anotador_002,2462,3,,,,"[{""pos"":12,""source"":""prem"",""palabra"":""Potter's""},{""pos"":13,""source"":""prem"",""palabra"":""Cay.""},{""pos"":0,""source"":""hyp"",""palabra"":""Potter's""},{""pos"":1,""source"":""hyp"",""palabra"":""Cay""}]"
2026-06-04 23:39:43.516962+00,anotador_283,1883,4,,,buenos_aires_amba,"[{""pos"":8,""source"":""prem"",""palabra"":""rió""},{""pos"":9,""source"":""prem"",""palabra"":""suavemente.""},{""pos"":0,""source"":""hyp"",""palabra"":""Siempre""},{""pos"":2,""source"":""hyp"",""palabra"":""tan""},{""pos"":1,""source"":""hyp"",""palabra"":""sos""},{""pos"":3,""source"":""hyp"",""palabra"":""codicioso,""},{""pos"":4,""source"":""hyp"",""palabra"":""dijo""},{""pos"":5,""source"":""hyp"",""palabra"":""con""},{""pos"":6,""source"":""hyp"",""palabra"":""una""},{""pos"":7,""source"":""hyp"",""palabra"":""sonrisa.""}]"
2026-06-04 23:39:49.536008+00,anotador_261,204,4,,,buenos_aires_amba,[]
2026-06-04 23:39:49.709583+00,anotador_002,2945,3,,,,[]
2026-06-04 23:40:02.025956+00,anotador_261,2759,4,,,buenos_aires_amba,[]
2026-06-04 23:40:04.436198+00,anotador_261,2261,3,Montevideo? Pinamar Mardel Plata?,,buenos_aires_amba,"[{""pos"":13,""source"":""prem"",""palabra"":""Mallorca),""},{""pos"":1,""source"":""prem"",""palabra"":""Mondragó""},{""pos"":0,""source"":""prem"",""palabra"":""Cala""},{""pos"":2,""source"":""hyp"",""palabra"":""Mondragó""},{""pos"":1,""source"":""hyp"",""palabra"":""cala""}]"
2026-06-04 23:40:11.049616+00,anotador_002,322,3,,,,[]
2026-06-04 23:40:17.150564+00,anotador_283,2571,4,,,buenos_aires_amba,"[{""pos"":0,""source"":""hyp"",""palabra"":""Luego""}]"
2026-06-04 23:40:24.387606+00,anotador_107,3871,4,,,buenos_aires_amba,"[{""pos"":5,""source"":""prem"",""palabra"":""connota""}]"
2026-06-04 23:40:24.43574+00,anotador_002,5397,3,,,,[]
2026-06-04 23:40:28.473846+00,anotador_283,2696,5,,,buenos_aires_amba,[]
2026-06-04 23:40:33.485179+00,anotador_002,5709,4,,,,[]
2026-06-04 23:40:38.548806+00,anotador_283,3553,3,,,buenos_aires_amba,"[{""pos"":2,""source"":""prem"",""palabra"":""no""},{""pos"":3,""source"":""prem"",""palabra"":""vaya""},{""pos"":4,""source"":""prem"",""palabra"":""a""},{""pos"":12,""source"":""hyp"",""palabra"":""créeme,""}]"
2026-06-04 23:40:59.44249+00,anotador_107,1258,5,,,buenos_aires_amba,[]
2026-06-04 23:41:06.896124+00,anotador_107,5386,5,,,buenos_aires_amba,[]
2026-06-04 23:41:08.304202+00,anotador_283,6006,4,,,buenos_aires_amba,"[{""pos"":7,""source"":""prem"",""palabra"":""suba""},{""pos"":16,""source"":""prem"",""palabra"":""encontrará""}]"
2026-06-04 23:41:13.465754+00,anotador_261,5865,3,,,buenos_aires_amba,[]
2026-06-04 23:41:22.852628+00,anotador_107,3099,4,,,buenos_aires_amba,[]
2026-06-04 23:41:25.136299+00,anotador_261,5842,4,,,buenos_aires_amba,[]
2026-06-04 23:41:29.676938+00,anotador_283,2915,5,,,buenos_aires_amba,[]
2026-06-04 23:41:47.712631+00,anotador_283,730,,,,,"[{""pos"":18,""source"":""prem"",""palabra"":""o""}]"
2026-06-04 23:41:47.911507+00,anotador_283,730,5,,,buenos_aires_amba,[]
2026-06-04 23:42:06.328771+00,anotador_283,995,3,,,buenos_aires_amba,"[{""pos"":5,""source"":""hyp"",""palabra"":""serán""},{""pos"":4,""source"":""hyp"",""palabra"":""cosas""},{""pos"":3,""source"":""hyp"",""palabra"":""las""},{""pos"":6,""source"":""hyp"",""palabra"":""como""},{""pos"":7,""source"":""hyp"",""palabra"":""siempre.""}]"
2026-06-04 23:42:17.883286+00,anotador_283,6802,5,,,buenos_aires_amba,[]
2026-06-04 23:42:42.508706+00,anotador_283,5733,5,,,buenos_aires_amba,[]
2026-06-04 23:42:50.904224+00,anotador_283,1613,4,,,buenos_aires_amba,"[{""pos"":31,""source"":""prem"",""palabra"":""le""},{""pos"":32,""source"":""prem"",""palabra"":""seguía""},{""pos"":33,""source"":""prem"",""palabra"":""mirando""}]"
2026-06-04 23:43:08.954084+00,anotador_283,7015,5,,,buenos_aires_amba,[]
2026-06-04 23:43:16.470681+00,anotador_283,178,5,,,buenos_aires_amba,[]
2026-06-04 23:43:26.07585+00,anotador_283,4912,2,,,buenos_aires_amba,[]
2026-06-04 23:43:28.733492+00,anotador_283,1755,3,,,buenos_aires_amba,"[{""pos"":0,""source"":""prem"",""palabra"":""¡Espera!""},{""pos"":1,""source"":""hyp"",""palabra"":""permitió""}]"
2026-06-05 00:30:44.459688+00,anotador_261,6409,3,,,buenos_aires_amba,[]
2026-06-05 00:30:51.315526+00,anotador_261,1826,4,,,buenos_aires_amba,[]
2026-06-05 00:31:01.819317+00,anotador_261,6300,4,,,buenos_aires_amba,[]
2026-06-05 00:31:10.799003+00,anotador_261,4002,4,,,buenos_aires_amba,[]
2026-06-05 00:31:19.803525+00,anotador_261,4254,4,,,buenos_aires_amba,[]
2026-06-05 00:31:26.963479+00,anotador_261,614,5,,,buenos_aires_amba,[]
2026-06-05 00:34:07.658958+00,anotador_261,7476,2,,,buenos_aires_amba,"[{""pos"":8,""source"":""prem"",""palabra"":""ranchero""},{""pos"":15,""source"":""prem"",""palabra"":""pedruscos""}]"
2026-06-05 00:34:34.29632+00,anotador_261,3914,3,,,buenos_aires_amba,"[{""pos"":5,""source"":""hyp"",""palabra"":""Pursuit""},{""pos"":6,""source"":""hyp"",""palabra"":""of""},{""pos"":7,""source"":""hyp"",""palabra"":""Excellence""}]"
2026-06-05 00:34:46.91767+00,anotador_261,2492,3,maquinitas,,buenos_aires_amba,"[{""pos"":21,""source"":""prem"",""palabra"":""tragamonedas.""},{""pos"":20,""source"":""prem"",""palabra"":""máquinas""}]"
2026-06-05 00:35:20.085609+00,anotador_261,3182,4,,,buenos_aires_amba,[]
2026-06-05 00:35:24.103937+00,anotador_261,216,4,,,buenos_aires_amba,[]
2026-06-05 00:35:29.298208+00,anotador_261,3276,,,,,"[{""pos"":6,""source"":""prem"",""palabra"":""White""}]"
2026-06-05 00:35:29.550467+00,anotador_261,3276,3,,,buenos_aires_amba,"[{""pos"":6,""source"":""prem"",""palabra"":""White""},{""pos"":7,""source"":""prem"",""palabra"":""House""}]"
2026-06-05 00:35:49.858943+00,anotador_261,6717,3,,,buenos_aires_amba,"[{""pos"":9,""source"":""prem"",""palabra"":""ibíd.""},{""pos"":7,""source"":""prem"",""palabra"":""Brooklyn-Battery,""},{""pos"":2,""source"":""hyp"",""palabra"":""Brooklyn-Battery""}]"
2026-06-05 00:36:02.677973+00,anotador_261,1816,4,,,buenos_aires_amba,[]
2026-06-05 00:36:13.098207+00,anotador_261,3988,4,,,buenos_aires_amba,[]
2026-06-05 00:36:18.402603+00,anotador_261,5486,5,,,buenos_aires_amba,[]
2026-06-05 00:36:21.965475+00,anotador_261,5958,4,,,buenos_aires_amba,[]
2026-06-05 00:36:35.556632+00,anotador_261,5112,3,"destruidos, ",,buenos_aires_amba,"[{""pos"":5,""source"":""hyp"",""palabra"":""abatidos""}]"
2026-06-05 00:37:03.647639+00,anotador_261,3801,3,,,buenos_aires_amba,"[{""pos"":15,""source"":""prem"",""palabra"":""Chris""},{""pos"":16,""source"":""prem"",""palabra"":""Young,""},{""pos"":0,""source"":""hyp"",""palabra"":""Chris""},{""pos"":1,""source"":""hyp"",""palabra"":""Young""}]"
2026-06-05 00:37:15.356213+00,anotador_261,3633,3,,,buenos_aires_amba,"[{""pos"":7,""source"":""prem"",""palabra"":""IUPUI""},{""pos"":1,""source"":""hyp"",""palabra"":""IUPUI""}]"
2026-06-05 00:37:26.490499+00,anotador_261,3301,4,,,buenos_aires_amba,[]
2026-06-05 00:37:39.547677+00,anotador_261,2642,4,,,buenos_aires_amba,[]
2026-06-05 00:37:51.646354+00,anotador_261,5501,4,,,buenos_aires_amba,[]
2026-06-05 00:37:59.062628+00,anotador_261,3414,4,,,buenos_aires_amba,[]
2026-06-05 00:38:06.895823+00,anotador_261,4337,4,de derecha / de izquierda / de tal partido,,buenos_aires_amba,"[{""pos"":5,""source"":""hyp"",""palabra"":""republicanos.""}]"
2026-06-05 00:38:37.023466+00,anotador_261,1379,4,,,buenos_aires_amba,[]
2026-06-05 00:38:45.106253+00,anotador_261,4839,4,,,buenos_aires_amba,[]
2026-06-05 00:38:52.337232+00,anotador_261,7026,4,,,buenos_aires_amba,"[{""pos"":8,""source"":""prem"",""palabra"":""Hatch.""},{""pos"":0,""source"":""hyp"",""palabra"":""Hatch""}]"
2026-06-05 00:39:02.689789+00,anotador_261,3796,3,,,buenos_aires_amba,"[{""pos"":11,""source"":""prem"",""palabra"":""Society's""},{""pos"":13,""source"":""prem"",""palabra"":""History""},{""pos"":14,""source"":""prem"",""palabra"":""Festival.""},{""pos"":12,""source"":""prem"",""palabra"":""Hoosier""}]"
2026-06-05 00:39:22.718905+00,anotador_261,2478,3,se va pies,,buenos_aires_amba,"[{""pos"":22,""source"":""prem"",""palabra"":""(3000""},{""pos"":23,""source"":""prem"",""palabra"":""pies).""}]"
2026-06-05 00:39:36.98208+00,anotador_261,5236,4,,,buenos_aires_amba,[]
2026-06-05 00:39:45.839049+00,anotador_261,3557,3,,,buenos_aires_amba,"[{""pos"":4,""source"":""prem"",""palabra"":""recinto""}]"
2026-06-05 00:40:00.40356+00,anotador_261,5546,4,,,buenos_aires_amba,[]
2026-06-05 00:40:12.571002+00,anotador_261,4683,4,,,buenos_aires_amba,[]
2026-06-05 00:40:17.377703+00,anotador_261,4479,4,,,buenos_aires_amba,[]
2026-06-05 00:40:30.39717+00,anotador_261,2886,4,,,buenos_aires_amba,[]
2026-06-05 00:40:41.307243+00,anotador_261,7285,4,,,buenos_aires_amba,[]
2026-06-05 00:40:47.063443+00,anotador_261,2005,4,flyers,,buenos_aires_amba,"[{""pos"":7,""source"":""hyp"",""palabra"":""folletos.""}]"
2026-06-05 00:41:12.518547+00,anotador_261,4375,4,,,buenos_aires_amba,[]
2026-06-05 00:41:24.894494+00,anotador_261,6950,4,,,buenos_aires_amba,[]
2026-06-05 00:41:35.485431+00,anotador_261,2269,5,,,buenos_aires_amba,[]
2026-06-05 00:41:41.885274+00,anotador_261,3607,3,,,buenos_aires_amba,[]
2026-06-05 00:41:59.838955+00,anotador_261,687,4,,,buenos_aires_amba,[]
2026-06-05 00:42:09.887481+00,anotador_261,4382,4,,,buenos_aires_amba,[]
2026-06-05 00:42:24.668282+00,anotador_261,7420,1,"1-score a la primer oracion
5-score a la 2da",,buenos_aires_amba,"[{""pos"":0,""source"":""prem"",""palabra"":""Batta""},{""pos"":2,""source"":""prem"",""palabra"":""begar,""},{""pos"":3,""source"":""prem"",""palabra"":""chaprasi,""},{""pos"":4,""source"":""prem"",""palabra"":""dakoit,""},{""pos"":5,""source"":""prem"",""palabra"":""dakoity,""},{""pos"":6,""source"":""prem"",""palabra"":""dhan,""},{""pos"":7,""source"":""prem"",""palabra"":""dharna,""},{""pos"":8,""source"":""prem"",""palabra"":""kotwal,""},{""pos"":9,""source"":""prem"",""palabra"":""kotwali,""},{""pos"":10,""source"":""prem"",""palabra"":""panchayat,""},{""pos"":11,""source"":""prem"",""palabra"":""pottah,""},{""pos"":12,""source"":""prem"",""palabra"":""sabha""}]"
2026-06-05 00:43:01.590727+00,anotador_261,1683,3,"entusiasmo, otro sinonimo de deleite que no sea estremecio",,buenos_aires_amba,"[{""pos"":2,""source"":""hyp"",""palabra"":""deleite""}]"
2026-06-05 00:44:01.717893+00,anotador_261,2763,4,,,buenos_aires_amba,[]
2026-06-05 00:44:20.914432+00,anotador_261,1511,4,,,buenos_aires_amba,[]
2026-06-05 00:44:31.695942+00,anotador_261,5881,4,,,buenos_aires_amba,[]
2026-06-05 00:45:01.361704+00,anotador_261,5029,3,,,buenos_aires_amba,[]
2026-06-05 00:45:19.766441+00,anotador_261,7493,3,"peronistas y libertarios /  de izquierda y de derecha, dandose la mano?",,buenos_aires_amba,"[{""pos"":9,""source"":""prem"",""palabra"":""Republicanos""},{""pos"":11,""source"":""prem"",""palabra"":""Demócratas""},{""pos"":13,""source"":""prem"",""palabra"":""chocando""},{""pos"":15,""source"":""prem"",""palabra"":""cinco.""},{""pos"":14,""source"":""prem"",""palabra"":""los""}]"
2026-06-05 00:46:47.133875+00,anotador_261,1388,4,,,buenos_aires_amba,[]
2026-06-05 00:46:54.246611+00,anotador_261,3618,4,,,buenos_aires_amba,[]
2026-06-05 00:46:57.732743+00,anotador_261,4208,4,,,buenos_aires_amba,[]
2026-06-05 00:47:12.036916+00,anotador_153,9999,2,,,buenos_aires_amba,"[{""pos"":1,""source"":""prem"",""palabra"":""chaval""},{""pos"":2,""source"":""prem"",""palabra"":""cogió""},{""pos"":4,""source"":""prem"",""palabra"":""móvil""}]"
2026-06-05 00:47:15.017562+00,anotador_261,2246,3,,,buenos_aires_amba,[]
2026-06-05 00:47:23.959851+00,anotador_261,3584,3,,,buenos_aires_amba,"[{""pos"":11,""source"":""prem"",""palabra"":""Audubon""},{""pos"":4,""source"":""hyp"",""palabra"":""National""},{""pos"":5,""source"":""hyp"",""palabra"":""Audubon""},{""pos"":6,""source"":""hyp"",""palabra"":""Society""}]"
2026-06-05 00:47:43.588144+00,anotador_261,2882,3,,,buenos_aires_amba,[]
2026-06-05 00:47:52.328832+00,anotador_261,7198,4,,,buenos_aires_amba,[]
2026-06-05 00:48:03.268392+00,anotador_261,5573,3,,,buenos_aires_amba,[]
2026-06-05 00:48:07.507989+00,anotador_153,7463,3,,,buenos_aires_amba,"[{""pos"":3,""source"":""hyp"",""palabra"":""condominios""}]"
2026-06-05 00:48:11.923133+00,anotador_261,2052,2,"antes de tiempo
va a arruinar, va a cagar",,buenos_aires_amba,"[{""pos"":7,""source"":""hyp"",""palabra"":""estropeará""},{""pos"":6,""source"":""hyp"",""palabra"":""adelantado;""},{""pos"":5,""source"":""hyp"",""palabra"":""por""}]"
2026-06-05 00:48:36.964451+00,anotador_153,7145,3,,,buenos_aires_amba,"[{""pos"":7,""source"":""hyp"",""palabra"":""norma.""}]"
2026-06-05 00:48:55.231464+00,anotador_022,9999,2,,,neuquen,"[{""pos"":1,""source"":""prem"",""palabra"":""chaval""},{""pos"":2,""source"":""prem"",""palabra"":""cogió""},{""pos"":4,""source"":""prem"",""palabra"":""móvil""},{""pos"":8,""source"":""prem"",""palabra"":""piso""},{""pos"":11,""source"":""prem"",""palabra"":""luego""},{""pos"":7,""source"":""hyp"",""palabra"":""Tournament""}]"
2026-06-05 00:48:56.392486+00,anotador_261,2439,4,,,buenos_aires_amba,[]
2026-06-05 00:49:04.400869+00,anotador_261,7430,4,,,buenos_aires_amba,[]
2026-06-05 00:49:14.830937+00,anotador_261,5872,4,,,buenos_aires_amba,[]
2026-06-05 00:49:15.471723+00,anotador_153,6297,3,,,buenos_aires_amba,"[{""pos"":10,""source"":""hyp"",""palabra"":""manera.""},{""pos"":8,""source"":""hyp"",""palabra"":""de""},{""pos"":9,""source"":""hyp"",""palabra"":""una""}]"
2026-06-05 00:49:19.521185+00,anotador_261,1366,4,,,buenos_aires_amba,[]
2026-06-05 00:49:29.040665+00,anotador_261,5190,4,,,buenos_aires_amba,[]
2026-06-05 00:49:34.142052+00,anotador_153,5101,4,,,buenos_aires_amba,[]
2026-06-05 00:49:38.352144+00,anotador_153,4545,4,,,buenos_aires_amba,[]
2026-06-05 00:49:39.847321+00,anotador_261,2177,4,,,buenos_aires_amba,[]
2026-06-05 00:49:41.247847+00,anotador_022,1791,5,,,neuquen,[]
2026-06-05 00:49:46.806813+00,anotador_022,7194,3,,,neuquen,"[{""pos"":2,""source"":""prem"",""palabra"":""bola""},{""pos"":6,""source"":""prem"",""palabra"":""letrero""},{""pos"":15,""source"":""prem"",""palabra"":""Discover""},{""pos"":16,""source"":""prem"",""palabra"":""Card.""},{""pos"":1,""source"":""hyp"",""palabra"":""letrero""}]"
2026-06-05 00:49:50.024626+00,anotador_261,3134,4,,,buenos_aires_amba,[]
2026-06-05 00:49:51.307003+00,anotador_153,3958,4,,,buenos_aires_amba,[]
2026-06-05 00:49:59.987159+00,anotador_261,3926,4,,,buenos_aires_amba,[]
2026-06-05 00:50:09.461136+00,anotador_022,6275,4,,,neuquen,[]
2026-06-05 00:50:11.89427+00,anotador_153,2569,4,,,buenos_aires_amba,[]
2026-06-05 00:50:15.825479+00,anotador_022,2567,4,,,neuquen,"[{""pos"":13,""source"":""prem"",""palabra"":""anuncios""},{""pos"":4,""source"":""prem"",""palabra"":""cajas""},{""pos"":9,""source"":""hyp"",""palabra"":""anuncios""}]"
2026-06-05 00:50:25.568043+00,anotador_153,3979,4,,,buenos_aires_amba,[]
2026-06-05 00:50:31.211325+00,anotador_153,1508,2,,,buenos_aires_amba,"[{""pos"":9,""source"":""prem"",""palabra"":""descontentos.""},{""pos"":4,""source"":""hyp"",""palabra"":""sacudieron""},{""pos"":9,""source"":""hyp"",""palabra"":""reflexiones.""}]"
2026-06-05 00:50:39.795586+00,anotador_022,4560,5,,,neuquen,[]
2026-06-05 00:50:48.6648+00,anotador_022,6224,5,,,neuquen,[]
2026-06-05 00:50:49.062093+00,anotador_153,3174,2,,,buenos_aires_amba,[]
2026-06-05 00:50:53.216919+00,anotador_022,5625,5,,,neuquen,[]
2026-06-05 00:51:03.599984+00,anotador_153,4461,4,,,buenos_aires_amba,[]
2026-06-05 00:51:05.190669+00,anotador_022,1283,5,,,neuquen,[]
2026-06-05 00:51:09.104957+00,anotador_022,3558,4,,,neuquen,"[{""pos"":0,""source"":""prem"",""palabra"":""Le""},{""pos"":5,""source"":""prem"",""palabra"":""Futures""},{""pos"":6,""source"":""prem"",""palabra"":""for""},{""pos"":7,""source"":""prem"",""palabra"":""Children""},{""pos"":12,""source"":""hyp"",""palabra"":""Futures""},{""pos"":13,""source"":""hyp"",""palabra"":""for""},{""pos"":14,""source"":""hyp"",""palabra"":""Children.""}]"
2026-06-05 00:51:14.236868+00,anotador_153,3624,4,,,buenos_aires_amba,[]
2026-06-05 00:51:20.261505+00,anotador_153,2555,5,,,buenos_aires_amba,[]
2026-06-05 00:51:29.849846+00,anotador_153,2002,3,,,buenos_aires_amba,[]
2026-06-05 00:51:34.344081+00,anotador_153,4095,5,,,buenos_aires_amba,[]
2026-06-05 00:51:34.391596+00,anotador_022,4220,5,,,neuquen,[]
2026-06-05 00:51:42.862053+00,anotador_022,3092,5,,,neuquen,[]
2026-06-05 00:51:44.086167+00,anotador_153,7070,4,,,buenos_aires_amba,[]
2026-06-05 00:51:47.990261+00,anotador_261,4141,5,,,buenos_aires_amba,[]
2026-06-05 00:51:49.590191+00,anotador_022,5998,4,,,neuquen,"[{""pos"":0,""source"":""prem"",""palabra"":""Mira""}]"
2026-06-05 00:51:54.452428+00,anotador_153,7458,3,,,buenos_aires_amba,[]
2026-06-05 00:51:58.735406+00,anotador_153,4620,4,,,buenos_aires_amba,"[{""pos"":5,""source"":""prem"",""palabra"":""dispreferida,""}]"
2026-06-05 00:52:02.994429+00,anotador_022,4989,5,,,neuquen,[]
2026-06-05 00:52:10.751817+00,anotador_022,6251,5,,,neuquen,[]
2026-06-05 00:52:11.04069+00,anotador_153,7492,4,,,buenos_aires_amba,[]
2026-06-05 00:52:17.932789+00,anotador_022,3738,5,,,neuquen,[]
2026-06-05 00:52:28.324743+00,anotador_022,1276,5,,,neuquen,[]
2026-06-05 00:52:38.495738+00,anotador_022,4188,4,,,neuquen,[]
2026-06-05 00:52:48.968937+00,anotador_022,6578,5,,,neuquen,[]
2026-06-05 00:52:54.691421+00,anotador_022,1640,3,,,neuquen,"[{""pos"":4,""source"":""prem"",""palabra"":""he""},{""pos"":5,""source"":""prem"",""palabra"":""hecho""},{""pos"":21,""source"":""prem"",""palabra"":""vaciló,""},{""pos"":1,""source"":""hyp"",""palabra"":""he""},{""pos"":2,""source"":""hyp"",""palabra"":""hecho""},{""pos"":8,""source"":""hyp"",""palabra"":""avergüence""}]"
2026-06-05 01:11:02.702826+00,anotador_261,3611,4,,,buenos_aires_amba,[]
2026-06-05 01:11:34.542537+00,anotador_261,2563,4,,,buenos_aires_amba,[]
2026-06-05 01:11:50.706468+00,anotador_261,4756,4,,,buenos_aires_amba,[]
2026-06-05 01:12:04.848945+00,anotador_261,1462,4,,,buenos_aires_amba,[]
2026-06-05 01:12:12.003914+00,anotador_261,1442,4,,,buenos_aires_amba,[]
2026-06-05 01:12:27.662869+00,anotador_261,6266,4,,,buenos_aires_amba,[]
2026-06-05 01:12:47.074465+00,anotador_261,6295,4,,,buenos_aires_amba,[]
2026-06-05 01:12:51.617337+00,anotador_261,1960,4,,,buenos_aires_amba,[]
2026-06-05 01:12:59.69837+00,anotador_261,7281,4,,,buenos_aires_amba,[]
2026-06-05 01:13:04.852207+00,anotador_261,477,4,,,buenos_aires_amba,[]
2026-06-05 01:13:08.65014+00,anotador_261,2167,,,,,"[{""pos"":7,""source"":""prem"",""palabra"":""Warwick""}]"
2026-06-05 01:13:08.921322+00,anotador_261,2167,3,,,buenos_aires_amba,"[{""pos"":7,""source"":""prem"",""palabra"":""Warwick""},{""pos"":8,""source"":""prem"",""palabra"":""Long""},{""pos"":9,""source"":""prem"",""palabra"":""Bay""},{""pos"":14,""source"":""prem"",""palabra"":""Horseshoe).""}]"
2026-06-05 01:13:14.487712+00,anotador_261,3658,,,,buenos_aires_amba,"[{""pos"":0,""source"":""prem"",""palabra"":""Clinton""}]"
2026-06-05 01:13:14.735637+00,anotador_261,3658,3,,,buenos_aires_amba,[]
2026-06-05 01:13:33.472843+00,anotador_261,6842,4,,,buenos_aires_amba,[]
2026-06-05 01:13:41.347943+00,anotador_261,3290,4,,,buenos_aires_amba,[]
2026-06-05 01:13:44.162946+00,anotador_261,4264,4,,,buenos_aires_amba,[]
2026-06-05 01:13:52.463297+00,anotador_261,6358,4,,,buenos_aires_amba,[]
2026-06-05 01:13:55.091019+00,anotador_261,2198,3,,,buenos_aires_amba,"[{""pos"":4,""source"":""prem"",""palabra"":""Batu""},{""pos"":5,""source"":""prem"",""palabra"":""Hitam""},{""pos"":5,""source"":""hyp"",""palabra"":""Batu""},{""pos"":6,""source"":""hyp"",""palabra"":""Hitam.""}]"
2026-06-05 01:14:02.440944+00,anotador_261,3698,3,,,buenos_aires_amba,"[{""pos"":10,""source"":""prem"",""palabra"":""niño""},{""pos"":11,""source"":""prem"",""palabra"":""chico""}]"
2026-06-05 01:14:21.936959+00,anotador_131,6390,,,,,"[{""pos"":4,""source"":""prem"",""palabra"":""no""}]"
2026-06-05 01:14:22.46521+00,anotador_131,6390,2,"""pero"" suena mejor que ""no obstante"". ""Vieron"" suena mejor que ""observaron""",,buenos_aires_amba,"[{""pos"":4,""source"":""prem"",""palabra"":""no""},{""pos"":5,""source"":""prem"",""palabra"":""obstante,""},{""pos"":1,""source"":""prem"",""palabra"":""observaron""}]"
2026-06-05 01:14:24.283039+00,anotador_261,4927,4,,,buenos_aires_amba,[]
2026-06-05 01:14:36.792367+00,anotador_261,834,3,"mayores muy repetido, esta raro pero quiza esta bien",,buenos_aires_amba,[]
2026-06-05 01:15:03.580657+00,anotador_261,6857,4,,,buenos_aires_amba,[]
2026-06-05 01:15:04.964577+00,anotador_131,3384,2,"""saber"" en vez de ""averiguar"". ""Andá"" en vez de ""ve""",,buenos_aires_amba,"[{""pos"":1,""source"":""prem"",""palabra"":""averiguar""},{""pos"":13,""source"":""prem"",""palabra"":""ve""}]"
2026-06-05 01:15:08.538903+00,anotador_261,1786,4,,,buenos_aires_amba,[]
2026-06-05 01:15:17.542265+00,anotador_261,2771,4,,,buenos_aires_amba,[]
2026-06-05 01:15:26.213803+00,anotador_261,2648,4,,,buenos_aires_amba,[]
2026-06-05 01:15:32.311077+00,anotador_261,6988,5,,,buenos_aires_amba,[]
2026-06-05 01:15:35.374843+00,anotador_261,945,5,,,buenos_aires_amba,[]
2026-06-05 01:15:44.289639+00,anotador_131,5864,1,"""Abajo"" suena más argentino que ""debajo"". ""Vas a ser"" suena más argentino que ""serás""",,buenos_aires_amba,"[{""pos"":3,""source"":""prem"",""palabra"":""debajo,""},{""pos"":11,""source"":""prem"",""palabra"":""serás""}]"
2026-06-05 01:15:45.486957+00,anotador_261,5724,4,,,buenos_aires_amba,[]
2026-06-05 01:16:44.007938+00,anotador_131,5399,3,,,buenos_aires_amba,[]
2026-06-05 01:16:56.810998+00,anotador_131,4069,2,"""prometió"" suena mejor que ""ha prometido""",,buenos_aires_amba,"[{""pos"":1,""source"":""prem"",""palabra"":""ha""},{""pos"":2,""source"":""prem"",""palabra"":""prometido""}]"
2026-06-05 01:17:17.737603+00,anotador_131,5601,2,"""empiezo"" es más argentino que ""comienzo""",,buenos_aires_amba,"[{""pos"":0,""source"":""prem"",""palabra"":""Comienzo""}]"
2026-06-05 01:17:35.754895+00,anotador_131,1777,1,"""va a ser"" es más argentino. ""Adelante"" suena más argentino ",,buenos_aires_amba,"[{""pos"":0,""source"":""prem"",""palabra"":""Será""},{""pos"":4,""source"":""prem"",""palabra"":""será.""},{""pos"":3,""source"":""prem"",""palabra"":""lo""},{""pos"":11,""source"":""prem"",""palabra"":""delante""}]"
2026-06-05 01:18:11.290858+00,anotador_131,6074,,,,,"[{""pos"":11,""source"":""prem"",""palabra"":""han""}]"
2026-06-05 01:18:11.509585+00,anotador_131,6074,2,,,buenos_aires_amba,"[{""pos"":11,""source"":""prem"",""palabra"":""han""},{""pos"":12,""source"":""prem"",""palabra"":""sido""},{""pos"":13,""source"":""prem"",""palabra"":""restaurados,""}]"
2026-06-05 01:18:23.378683+00,anotador_131,3972,3,,,buenos_aires_amba,[]
2026-06-05 01:18:25.958353+00,anotador_131,1087,2,"Se usa más seguido ""usar"" que ""utilizar""",,buenos_aires_amba,"[{""pos"":2,""source"":""prem"",""palabra"":""utilizó""},{""pos"":2,""source"":""hyp"",""palabra"":""utilizó""}]"
2026-06-05 01:18:52.00716+00,anotador_131,1506,3,,,buenos_aires_amba,[]
2026-06-05 01:19:00.25146+00,anotador_131,2466,3,,,buenos_aires_amba,[]
2026-06-05 01:19:12.373508+00,anotador_131,7140,4,,,buenos_aires_amba,[]
2026-06-05 01:19:20.465292+00,anotador_131,4311,3,,,buenos_aires_amba,[]
2026-06-05 01:19:29.056187+00,anotador_131,6029,3,,,buenos_aires_amba,[]
2026-06-05 01:19:38.828976+00,anotador_131,4734,2,,,buenos_aires_amba,"[{""pos"":0,""source"":""prem"",""palabra"":""baratijas""}]"
2026-06-05 01:19:47.89208+00,anotador_131,1724,5,,,buenos_aires_amba,[]
2026-06-05 01:19:58.580506+00,anotador_131,5663,,,,,"[{""pos"":29,""source"":""prem"",""palabra"":""se""}]"
2026-06-05 01:19:58.841029+00,anotador_131,5663,2,,,buenos_aires_amba,"[{""pos"":29,""source"":""prem"",""palabra"":""se""},{""pos"":30,""source"":""prem"",""palabra"":""han""},{""pos"":31,""source"":""prem"",""palabra"":""convertido""}]"
2026-06-05 01:20:17.011847+00,anotador_131,3669,4,,,buenos_aires_amba,[]
2026-06-05 01:20:34.149291+00,anotador_131,3586,3,,,buenos_aires_amba,[]
2026-06-05 02:21:58.622686+00,anotador_261,7452,4,,,buenos_aires_amba,[]
2026-06-05 02:22:07.465018+00,anotador_261,6921,4,,,buenos_aires_amba,[]
2026-06-05 02:22:13.622243+00,anotador_261,1932,4,,,buenos_aires_amba,[]
2026-06-05 02:22:27.486951+00,anotador_261,5135,5,,,buenos_aires_amba,[]
2026-06-05 02:22:34.009063+00,anotador_261,5344,5,,,buenos_aires_amba,[]
2026-06-05 02:22:40.472707+00,anotador_261,1087,3,,,buenos_aires_amba,[]
2026-06-05 02:22:45.890208+00,anotador_261,1567,3,,,buenos_aires_amba,[]
2026-06-05 02:22:49.986597+00,anotador_261,1400,4,,,buenos_aires_amba,[]
2026-06-05 02:23:05.115816+00,anotador_261,4342,4,,,buenos_aires_amba,[]
2026-06-05 02:23:11.326443+00,anotador_261,7310,5,,,buenos_aires_amba,[]
2026-06-05 02:23:30.971958+00,anotador_261,732,4,,,buenos_aires_amba,[]
2026-06-05 02:23:39.796889+00,anotador_261,3794,3,,,buenos_aires_amba,[]
2026-06-05 02:24:01.247732+00,anotador_261,6345,4,,,buenos_aires_amba,[]
2026-06-05 02:24:09.814681+00,anotador_261,2773,4,,,buenos_aires_amba,[]
2026-06-05 02:24:29.757624+00,anotador_261,5512,4,,,buenos_aires_amba,[]
2026-06-05 02:24:33.420887+00,anotador_261,2504,4,,,buenos_aires_amba,[]
2026-06-05 02:24:46.858256+00,anotador_261,4805,4,,,buenos_aires_amba,[]
2026-06-05 02:25:00.636239+00,anotador_261,4793,3,,,buenos_aires_amba,[]
2026-06-05 02:25:00.809103+00,anotador_261,4792,3,,,buenos_aires_amba,[]
2026-06-05 02:25:12.828444+00,anotador_261,6027,3,,,buenos_aires_amba,[]
2026-06-05 02:25:16.605983+00,anotador_261,1771,5,,,buenos_aires_amba,[]
2026-06-05 02:25:25.886412+00,anotador_261,5222,4,,,buenos_aires_amba,[]
2026-06-05 02:25:34.931294+00,anotador_261,4509,4,,,buenos_aires_amba,[]
2026-06-05 02:25:45.608544+00,anotador_261,5185,4,valijas,,buenos_aires_amba,"[{""pos"":5,""source"":""hyp"",""palabra"":""maletas.""}]"
2026-06-05 02:26:07.722481+00,anotador_261,2253,,,,,"[{""pos"":22,""source"":""prem"",""palabra"":""Dawson""}]"
2026-06-05 02:26:07.992203+00,anotador_261,2253,2,,,buenos_aires_amba,"[{""pos"":22,""source"":""prem"",""palabra"":""Dawson""},{""pos"":23,""source"":""prem"",""palabra"":""City""},{""pos"":16,""source"":""prem"",""palabra"":""Klondike,""},{""pos"":34,""source"":""prem"",""palabra"":""Whitehorse""},{""pos"":0,""source"":""hyp"",""palabra"":""Whitehorse""}]"
2026-06-05 02:26:24.080992+00,anotador_261,4204,5,,,buenos_aires_amba,[]
2026-06-05 02:26:31.595961+00,anotador_261,2129,3,,,buenos_aires_amba,[]
2026-06-05 02:26:38.256792+00,anotador_261,944,4,,,buenos_aires_amba,[]
2026-06-05 02:26:45.657272+00,anotador_261,1034,4,,,buenos_aires_amba,[]
2026-06-05 02:26:55.880669+00,anotador_261,3394,3,,,buenos_aires_amba,[]
2026-06-05 02:27:00.048665+00,anotador_261,2913,5,,,buenos_aires_amba,[]
2026-06-05 02:27:05.849315+00,anotador_261,6934,4,,,buenos_aires_amba,[]
2026-06-05 02:27:12.266419+00,anotador_261,1794,5,,,buenos_aires_amba,[]
2026-06-05 02:27:20.839315+00,anotador_261,2179,3,,,buenos_aires_amba,[]
2026-06-05 02:27:27.72897+00,anotador_261,6424,4,,,buenos_aires_amba,[]
2026-06-05 02:27:36.4808+00,anotador_261,2698,4,,,buenos_aires_amba,[]
2026-06-05 02:27:46.542557+00,anotador_261,6256,4,,,buenos_aires_amba,[]
2026-06-05 02:27:52.481427+00,anotador_261,1217,4,,,buenos_aires_amba,[]
2026-06-05 02:28:02.439567+00,anotador_261,6311,4,,,buenos_aires_amba,[]
2026-06-05 02:28:10.713443+00,anotador_261,3834,3,,,buenos_aires_amba,"[{""pos"":7,""source"":""prem"",""palabra"":""Center""},{""pos"":8,""source"":""prem"",""palabra"":""on""},{""pos"":9,""source"":""prem"",""palabra"":""Philanthropy""}]"
2026-06-05 02:30:29.549435+00,anotador_261,1492,4,,,buenos_aires_amba,[]
2026-06-05 02:30:34.732206+00,anotador_261,1382,4,,,buenos_aires_amba,[]
2026-06-05 02:30:47.115288+00,anotador_261,3920,,,,buenos_aires_amba,"[{""pos"":20,""source"":""prem"",""palabra"":""Girl""}]"
2026-06-05 02:30:47.337189+00,anotador_261,3920,3,girl scouts decimos más que niñas exploradoras,,buenos_aires_amba,"[{""pos"":8,""source"":""hyp"",""palabra"":""niñas""},{""pos"":9,""source"":""hyp"",""palabra"":""exploradoras""}]"
2026-06-05 02:32:52.855649+00,anotador_261,7144,3,,,buenos_aires_amba,"[{""pos"":11,""source"":""hyp"",""palabra"":""Laibson.""},{""pos"":14,""source"":""prem"",""palabra"":""Laibson?""}]"
2026-06-05 02:33:00.286835+00,anotador_261,3098,2,,,buenos_aires_amba,"[{""pos"":14,""source"":""prem"",""palabra"":""Chechenia.""},{""pos"":12,""source"":""prem"",""palabra"":""yihad""},{""pos"":7,""source"":""hyp"",""palabra"":""Chechenia.""}]"
2026-06-05 02:33:13.171231+00,anotador_261,3597,2,,,buenos_aires_amba,"[{""pos"":4,""source"":""prem"",""palabra"":""Circle,""},{""pos"":3,""source"":""prem"",""palabra"":""Inner""},{""pos"":3,""source"":""hyp"",""palabra"":""Inner""},{""pos"":4,""source"":""hyp"",""palabra"":""Circle""}]"
2026-06-05 02:33:21.491036+00,anotador_261,4398,4,,,buenos_aires_amba,[]
2026-06-05 02:33:25.900526+00,anotador_261,5548,3,,,buenos_aires_amba,[]
2026-06-05 02:33:41.61151+00,anotador_261,2290,,,,buenos_aires_amba,"[{""pos"":0,""source"":""prem"",""palabra"":""Kodaly""}]"
2026-06-05 02:33:42.717494+00,anotador_261,2290,4,,,buenos_aires_amba,[]
2026-06-05 02:34:01.927704+00,anotador_261,806,5,,,buenos_aires_amba,[]
2026-06-05 02:34:13.866418+00,anotador_261,7000,3,,,buenos_aires_amba,[]
2026-06-05 02:34:15.851032+00,anotador_261,3996,3,,,buenos_aires_amba,[]
2026-06-05 02:34:32.340605+00,anotador_261,3688,4,vas a querer,,buenos_aires_amba,"[{""pos"":5,""source"":""prem"",""palabra"":""querrás""}]"
2026-06-05 02:34:58.147132+00,anotador_261,4753,3,Es raro buscar una adaptación,,buenos_aires_amba,"[{""pos"":9,""source"":""prem"",""palabra"":""echar""},{""pos"":11,""source"":""prem"",""palabra"":""y""},{""pos"":10,""source"":""prem"",""palabra"":""sapos""},{""pos"":12,""source"":""prem"",""palabra"":""culebras""},{""pos"":15,""source"":""prem"",""palabra"":""echar""},{""pos"":16,""source"":""prem"",""palabra"":""sapos""},{""pos"":17,""source"":""prem"",""palabra"":""y""},{""pos"":18,""source"":""prem"",""palabra"":""culebras.""},{""pos"":5,""source"":""hyp"",""palabra"":""arrojar""},{""pos"":6,""source"":""hyp"",""palabra"":""ranas""},{""pos"":0,""source"":""hyp"",""palabra"":""Echar""},{""pos"":1,""source"":""hyp"",""palabra"":""sapos""},{""pos"":3,""source"":""hyp"",""palabra"":""culebras""}]"
2026-06-05 02:35:40.857418+00,anotador_261,5254,3,Hice ,,buenos_aires_amba,"[{""pos"":0,""source"":""hyp"",""palabra"":""Cometí""}]"
2026-06-05 02:35:59.283315+00,anotador_261,7134,4,,,buenos_aires_amba,[]
2026-06-05 02:36:09.847485+00,anotador_261,6516,4,,,buenos_aires_amba,[]
2026-06-05 02:36:22.413224+00,anotador_261,2741,3,,,buenos_aires_amba,[]
2026-06-05 02:36:34.480989+00,anotador_261,4661,4,,,buenos_aires_amba,[]
2026-06-05 02:36:42.292397+00,anotador_261,4939,3,bestia chica,,buenos_aires_amba,"[{""pos"":2,""source"":""prem"",""palabra"":""chica""},{""pos"":3,""source"":""prem"",""palabra"":""bestia""}]"
2026-06-05 02:36:51.536884+00,anotador_261,7136,4,,,buenos_aires_amba,[]
2026-06-05 02:37:06.969+00,anotador_261,2145,4,,,buenos_aires_amba,[]
2026-06-05 02:37:12.143221+00,anotador_261,2109,1,,,buenos_aires_amba,"[{""pos"":12,""source"":""prem"",""palabra"":""Emerald""},{""pos"":13,""source"":""prem"",""palabra"":""Pool,""},{""pos"":8,""source"":""prem"",""palabra"":""Mist""},{""pos"":9,""source"":""prem"",""palabra"":""Trail,""},{""pos"":15,""source"":""prem"",""palabra"":""Nevada""},{""pos"":16,""source"":""prem"",""palabra"":""Fall,""},{""pos"":18,""source"":""prem"",""palabra"":""dejarás""},{""pos"":0,""source"":""hyp"",""palabra"":""Nevada""},{""pos"":1,""source"":""hyp"",""palabra"":""Fall""}]"
2026-06-05 02:37:26.520273+00,anotador_261,900,4,,,buenos_aires_amba,[]
2026-06-05 02:37:31.461315+00,anotador_261,1628,4,,,buenos_aires_amba,[]
2026-06-05 02:37:37.036815+00,anotador_261,4855,4,,,buenos_aires_amba,[]
2026-06-05 02:37:41.173628+00,anotador_261,3729,3,,,buenos_aires_amba,"[{""pos"":11,""source"":""prem"",""palabra"":""Citywide""},{""pos"":12,""source"":""prem"",""palabra"":""Friends.""}]"
2026-06-05 02:37:55.45852+00,anotador_261,3183,4,,,buenos_aires_amba,[]
2026-06-05 02:37:59.65125+00,anotador_261,774,4,,,buenos_aires_amba,[]
2026-06-05 02:38:11.096797+00,anotador_261,3736,4,,,buenos_aires_amba,[]
2026-06-05 02:38:15.387305+00,anotador_261,5849,4,,,buenos_aires_amba,[]
2026-06-05 02:38:18.535304+00,anotador_261,2618,4,,,buenos_aires_amba,[]
2026-06-05 02:38:21.662505+00,anotador_261,426,4,,,buenos_aires_amba,[]
2026-06-05 02:38:25.564205+00,anotador_261,5593,4,,,buenos_aires_amba,[]
2026-06-05 02:38:33.343117+00,anotador_261,2854,4,,,buenos_aires_amba,[]
2026-06-05 02:38:39.518135+00,anotador_261,7178,5,,,buenos_aires_amba,[]
2026-06-05 02:38:52.405856+00,anotador_261,2674,4,,,buenos_aires_amba,[]
2026-06-05 02:39:04.27003+00,anotador_261,4451,4,,,buenos_aires_amba,[]
2026-06-05 02:39:11.631412+00,anotador_261,112,4,,,buenos_aires_amba,[]
2026-06-05 02:39:19.650961+00,anotador_261,7434,3,,,buenos_aires_amba,[]
2026-06-05 02:39:23.182587+00,anotador_261,1527,4,,,buenos_aires_amba,[]
2026-06-05 02:39:28.867835+00,anotador_261,1602,4,,,buenos_aires_amba,[]
2026-06-05 02:39:40.899445+00,anotador_261,7050,4,,,buenos_aires_amba,[]
2026-06-05 02:39:53.985099+00,anotador_261,6008,4,,,buenos_aires_amba,[]
2026-06-05 02:40:16.840454+00,anotador_261,4415,4,,,buenos_aires_amba,[]
2026-06-05 02:40:27.82025+00,anotador_261,3298,4,,,buenos_aires_amba,[]
2026-06-05 02:40:34.376025+00,anotador_261,6492,4,,,buenos_aires_amba,[]
2026-06-05 02:40:40.017344+00,anotador_261,1325,4,,,buenos_aires_amba,[]
2026-06-05 02:40:49.123962+00,anotador_261,5103,2,"nalgearme, chocolatada",,buenos_aires_amba,"[{""pos"":18,""source"":""prem"",""palabra"":""leche?""},{""pos"":17,""source"":""prem"",""palabra"":""con""},{""pos"":16,""source"":""prem"",""palabra"":""chocolate""},{""pos"":4,""source"":""prem"",""palabra"":""nalgada,""},{""pos"":2,""source"":""prem"",""palabra"":""darme""},{""pos"":3,""source"":""prem"",""palabra"":""una""}]"
2026-06-05 02:41:12.1765+00,anotador_261,1262,4,,,buenos_aires_amba,[]
2026-06-05 02:41:16.2449+00,anotador_261,4875,4,,,buenos_aires_amba,[]
2026-06-05 02:41:24.748423+00,anotador_261,1291,4,,,buenos_aires_amba,[]
2026-06-05 02:41:32.726538+00,anotador_261,4918,4,,,buenos_aires_amba,[]
2026-06-05 02:41:39.764038+00,anotador_261,3748,3,,,buenos_aires_amba,"[{""pos"":22,""source"":""prem"",""palabra"":""EE.""}]"
2026-06-05 02:41:55.684275+00,anotador_261,1807,3,,,buenos_aires_amba,[]
2026-06-05 02:41:59.735134+00,anotador_261,5896,3,,,buenos_aires_amba,[]
2026-06-05 02:42:06.946536+00,anotador_261,6867,4,,,buenos_aires_amba,[]
2026-06-05 02:42:19.167217+00,anotador_261,2448,3,,,buenos_aires_amba,[]
2026-06-05 02:42:30.411122+00,anotador_261,7379,5,,,buenos_aires_amba,[]
2026-06-05 02:42:33.348833+00,anotador_261,928,4,,,buenos_aires_amba,[]
2026-06-05 02:42:39.465173+00,anotador_261,2452,4,,,buenos_aires_amba,[]
2026-06-05 02:42:45.235622+00,anotador_261,4307,4,,,buenos_aires_amba,[]
2026-06-05 02:42:53.30341+00,anotador_261,2898,4,,,buenos_aires_amba,[]
2026-06-05 02:43:01.516493+00,anotador_261,5229,4,,,buenos_aires_amba,[]
2026-06-05 02:43:15.436644+00,anotador_261,5373,4,,,buenos_aires_amba,[]
2026-06-05 02:43:20.704858+00,anotador_261,5780,5,,,buenos_aires_amba,[]
2026-06-05 02:43:27.545529+00,anotador_261,5275,5,,,buenos_aires_amba,[]
2026-06-05 02:43:30.956906+00,anotador_261,2604,4,,,buenos_aires_amba,[]
2026-06-05 02:43:37.901076+00,anotador_261,2728,4,,,buenos_aires_amba,[]
2026-06-05 02:43:47.190801+00,anotador_261,2082,4,,,buenos_aires_amba,[]
2026-06-05 02:43:58.117908+00,anotador_261,5572,4,,,buenos_aires_amba,[]
2026-06-05 02:44:04.370561+00,anotador_261,4654,4,,,buenos_aires_amba,[]
2026-06-05 02:44:14.302188+00,anotador_261,3719,4,,,buenos_aires_amba,[]
2026-06-05 02:44:20.685419+00,anotador_261,3054,4,,,buenos_aires_amba,[]
2026-06-05 02:44:30.518595+00,anotador_261,6570,4,,,buenos_aires_amba,[]
2026-06-05 02:44:37.880668+00,anotador_261,3088,3,,,buenos_aires_amba,[]
2026-06-05 02:44:45.43108+00,anotador_261,3213,,,,,"[{""pos"":2,""source"":""prem"",""palabra"":""Clarke""}]"
2026-06-05 02:44:45.703656+00,anotador_261,3213,3,,,buenos_aires_amba,"[{""pos"":2,""source"":""prem"",""palabra"":""Clarke""},{""pos"":0,""source"":""hyp"",""palabra"":""Clarke""}]"
2026-06-05 02:44:52.442581+00,anotador_261,6658,4,,,buenos_aires_amba,[]
2026-06-05 02:45:00.315969+00,anotador_261,5690,4,,,buenos_aires_amba,[]
2026-06-05 02:45:03.132532+00,anotador_261,4202,1,,,buenos_aires_amba,"[{""pos"":1,""source"":""prem"",""palabra"":""gobierno""},{""pos"":2,""source"":""prem"",""palabra"":""talibán""},{""pos"":10,""source"":""prem"",""palabra"":""anti""},{""pos"":11,""source"":""prem"",""palabra"":""pastunes""},{""pos"":26,""source"":""prem"",""palabra"":""Kabul.""},{""pos"":13,""source"":""hyp"",""palabra"":""talibán.""},{""pos"":12,""source"":""hyp"",""palabra"":""gobierno""}]"
2026-06-05 02:45:21.294114+00,anotador_261,3436,3,,,buenos_aires_amba,[]
2026-06-05 02:45:25.305529+00,anotador_261,5829,3,,,buenos_aires_amba,[]
2026-06-05 02:45:31.44507+00,anotador_261,3205,3,,,buenos_aires_amba,[]
2026-06-05 02:46:22.203859+00,anotador_261,6902,3,,,buenos_aires_amba,[]
2026-06-05 02:46:54.146171+00,anotador_261,6495,4,,,buenos_aires_amba,[]
2026-06-05 02:47:06.928059+00,anotador_261,6640,4,,,buenos_aires_amba,[]
2026-06-05 02:47:11.24182+00,anotador_261,974,4,,,buenos_aires_amba,[]
2026-06-05 02:47:21.28113+00,anotador_261,6165,4,,,buenos_aires_amba,[]
2026-06-05 02:47:24.125292+00,anotador_261,5245,4,,,buenos_aires_amba,[]
2026-06-05 02:47:30.591307+00,anotador_261,2399,4,,,buenos_aires_amba,[]
2026-06-05 02:47:40.652507+00,anotador_261,6372,4,,,buenos_aires_amba,[]
2026-06-05 02:47:48.437184+00,anotador_261,3632,3,,,buenos_aires_amba,[]
2026-06-05 02:47:52.25455+00,anotador_261,5675,4,,,buenos_aires_amba,[]
2026-06-05 02:47:56.724801+00,anotador_261,6813,3,,,buenos_aires_amba,"[{""pos"":19,""source"":""prem"",""palabra"":""$25""},{""pos"":11,""source"":""prem"",""palabra"":""25""},{""pos"":11,""source"":""hyp"",""palabra"":""25""},{""pos"":12,""source"":""hyp"",""palabra"":""$.""}]"
2026-06-05 02:48:04.69383+00,anotador_261,4378,4,,,buenos_aires_amba,[]
2026-06-05 02:48:11.211908+00,anotador_261,6227,3,,,buenos_aires_amba,[]
2026-06-05 02:48:25.796841+00,anotador_261,5247,4,,,buenos_aires_amba,[]
2026-06-05 02:48:35.676861+00,anotador_261,4175,4,,,buenos_aires_amba,[]
2026-06-05 02:48:45.522662+00,anotador_261,2668,4,,,buenos_aires_amba,[]
2026-06-05 02:48:48.176779+00,anotador_261,6866,4,,,buenos_aires_amba,[]
2026-06-05 02:48:57.556621+00,anotador_261,2233,4,,,buenos_aires_amba,[]
2026-06-05 02:49:06.146605+00,anotador_261,1302,4,,,buenos_aires_amba,[]
2026-06-05 02:49:11.110752+00,anotador_261,5084,4,,,buenos_aires_amba,[]
2026-06-05 02:49:17.799493+00,anotador_261,1437,4,,,buenos_aires_amba,[]
2026-06-05 02:49:23.128351+00,anotador_261,3823,4,,,buenos_aires_amba,[]
2026-06-05 02:49:25.252788+00,anotador_261,6517,4,,,buenos_aires_amba,[]
2026-06-05 02:49:34.241433+00,anotador_261,1919,4,,,buenos_aires_amba,[]
2026-06-05 02:49:36.479677+00,anotador_261,1517,,,,buenos_aires_amba,"[{""pos"":6,""source"":""prem"",""palabra"":""millas""}]"
2026-06-05 02:49:36.725941+00,anotador_261,1517,4,,,buenos_aires_amba,[]
2026-06-05 02:49:51.942928+00,anotador_261,6069,4,,,buenos_aires_amba,[]
2026-06-05 02:49:56.385059+00,anotador_261,5654,5,,,buenos_aires_amba,[]
2026-06-05 02:50:00.982162+00,anotador_261,6105,4,,,buenos_aires_amba,[]
2026-06-05 02:50:19.980079+00,anotador_261,5564,4,,,buenos_aires_amba,[]
2026-06-05 02:50:24.629915+00,anotador_261,4312,4,,,buenos_aires_amba,[]
2026-06-05 02:50:32.802893+00,anotador_261,5931,3,,,buenos_aires_amba,[]
2026-06-05 02:50:44.313625+00,anotador_261,1856,4,,,buenos_aires_amba,[]
2026-06-05 02:50:51.062272+00,anotador_261,1747,4,,,buenos_aires_amba,[]
2026-06-05 02:50:59.201242+00,anotador_261,6462,4,,,buenos_aires_amba,[]
2026-06-05 02:51:03.268727+00,anotador_261,1367,4,,,buenos_aires_amba,[]
2026-06-05 02:51:08.332062+00,anotador_261,6705,4,,,buenos_aires_amba,[]
2026-06-05 02:51:15.19712+00,anotador_261,2746,4,,,buenos_aires_amba,[]
2026-06-05 02:51:24.951702+00,anotador_261,1274,3,,,buenos_aires_amba,[]
2026-06-05 02:51:37.757261+00,anotador_261,6073,3,,,buenos_aires_amba,[]
2026-06-05 02:51:42.412462+00,anotador_261,3930,5,,,buenos_aires_amba,[]
2026-06-05 02:51:55.362647+00,anotador_261,7055,3,,,buenos_aires_amba,[]
2026-06-05 02:52:02.986656+00,anotador_261,3564,4,,,buenos_aires_amba,[]
2026-06-05 02:52:11.79595+00,anotador_261,4401,3,,,buenos_aires_amba,[]
2026-06-05 02:52:23.088375+00,anotador_261,1767,4,,,buenos_aires_amba,[]
2026-06-05 02:52:28.613228+00,anotador_261,1378,4,,,buenos_aires_amba,[]
2026-06-05 02:52:34.707982+00,anotador_261,3292,3,,,buenos_aires_amba,[]
2026-06-05 02:52:37.382927+00,anotador_261,706,4,,,buenos_aires_amba,[]
2026-06-05 02:52:40.441102+00,anotador_261,5107,4,,,buenos_aires_amba,[]
2026-06-05 02:52:45.276472+00,anotador_261,1307,4,,,buenos_aires_amba,[]
2026-06-05 02:52:49.52364+00,anotador_261,4031,4,,,buenos_aires_amba,[]
2026-06-05 02:53:00.020601+00,anotador_261,499,3,,,buenos_aires_amba,[]
2026-06-05 02:53:11.247414+00,anotador_261,2094,4,,,buenos_aires_amba,[]
2026-06-05 02:53:17.887828+00,anotador_261,2291,4,,,buenos_aires_amba,[]
2026-06-05 02:53:23.319333+00,anotador_261,5578,4,,,buenos_aires_amba,[]
2026-06-05 02:53:28.993839+00,anotador_261,563,4,,,buenos_aires_amba,[]
2026-06-05 02:53:32.181226+00,anotador_261,5869,4,,,buenos_aires_amba,[]
2026-06-05 02:53:37.477174+00,anotador_261,2686,4,,,buenos_aires_amba,[]
2026-06-05 02:53:42.274292+00,anotador_261,3808,3,,,buenos_aires_amba,[]
2026-06-05 02:53:49.74661+00,anotador_261,5944,3,,,buenos_aires_amba,[]
2026-06-05 02:53:57.62673+00,anotador_261,3536,3,,,buenos_aires_amba,[]
2026-06-05 02:54:02.994824+00,anotador_261,5893,3,,,buenos_aires_amba,[]
2026-06-05 02:54:10.499751+00,anotador_261,6210,3,,,buenos_aires_amba,[]
2026-06-05 02:54:17.659673+00,anotador_261,1922,5,,,buenos_aires_amba,[]
2026-06-05 02:54:22.9322+00,anotador_261,4552,4,,,buenos_aires_amba,[]
2026-06-05 02:54:29.226783+00,anotador_261,7265,4,,,buenos_aires_amba,[]
2026-06-05 02:54:37.603802+00,anotador_261,5755,5,,,buenos_aires_amba,[]
2026-06-05 02:54:41.892069+00,anotador_261,785,5,,,buenos_aires_amba,[]
2026-06-05 02:54:49.44305+00,anotador_261,7183,3,,,buenos_aires_amba,[]
2026-06-05 02:54:59.26033+00,anotador_261,6490,3,,,buenos_aires_amba,[]
2026-06-05 02:55:06.118785+00,anotador_261,3717,4,,,buenos_aires_amba,[]
2026-06-05 02:55:15.220693+00,anotador_261,4632,4,,,buenos_aires_amba,[]
2026-06-05 02:55:19.83889+00,anotador_261,2010,3,,,buenos_aires_amba,[]
2026-06-05 02:55:25.601369+00,anotador_261,2278,2,,,buenos_aires_amba,"[{""pos"":13,""source"":""prem"",""palabra"":""Champlain,""},{""pos"":11,""source"":""prem"",""palabra"":""Samuel""},{""pos"":9,""source"":""prem"",""palabra"":""1898""},{""pos"":20,""source"":""prem"",""palabra"":""Terrace,""},{""pos"":19,""source"":""prem"",""palabra"":""Dufferin""},{""pos"":36,""source"":""prem"",""palabra"":""Orleans.""}]"
2026-06-05 02:55:43.282901+00,anotador_261,2312,4,,,buenos_aires_amba,[]
2026-06-05 02:55:53.865658+00,anotador_261,3358,4,,,buenos_aires_amba,[]
2026-06-05 02:55:59.732679+00,anotador_261,3230,4,,,buenos_aires_amba,[]
2026-06-05 02:56:04.234355+00,anotador_261,1719,4,,,buenos_aires_amba,"[{""pos"":8,""source"":""prem"",""palabra"":""motín""}]"
2026-06-05 02:56:13.780189+00,anotador_261,1351,4,,,buenos_aires_amba,[]
2026-06-05 02:56:27.591539+00,anotador_261,3518,,,,buenos_aires_amba,"[{""pos"":18,""source"":""prem"",""palabra"":""chica""}]"
2026-06-05 02:56:27.86903+00,anotador_261,3518,3,modica contribución o contribución chica,,buenos_aires_amba,"[{""pos"":18,""source"":""prem"",""palabra"":""chica""},{""pos"":19,""source"":""prem"",""palabra"":""contribución""}]"
2026-06-05 02:56:56.627972+00,anotador_261,982,4,,,buenos_aires_amba,[]
2026-06-05 02:58:08.855411+00,anotador_261,1340,4,,,buenos_aires_amba,[]
2026-06-05 02:58:21.85421+00,anotador_261,5570,2,,,buenos_aires_amba,"[{""pos"":9,""source"":""hyp"",""palabra"":""maíz""},{""pos"":8,""source"":""hyp"",""palabra"":""de""},{""pos"":7,""source"":""hyp"",""palabra"":""frituras""}]"
2026-06-05 02:58:38.131768+00,anotador_261,4500,3,,,buenos_aires_amba,[]
2026-06-05 02:58:46.302798+00,anotador_261,5237,4,Volvi,,buenos_aires_amba,"[{""pos"":0,""source"":""hyp"",""palabra"":""Regresé""}]"
2026-06-05 02:59:01.316221+00,anotador_261,6288,4,,,buenos_aires_amba,[]
2026-06-05 02:59:07.536797+00,anotador_261,1256,4,,,buenos_aires_amba,[]
2026-06-05 02:59:12.242987+00,anotador_261,1891,4,,,buenos_aires_amba,[]
2026-06-05 02:59:15.474779+00,anotador_261,2092,3,,,buenos_aires_amba,[]
2026-06-05 02:59:21.774656+00,anotador_261,514,4,,,buenos_aires_amba,[]
2026-06-05 02:59:30.071646+00,anotador_261,4329,4,,,buenos_aires_amba,[]
2026-06-05 02:59:40.973284+00,anotador_261,5263,4,,,buenos_aires_amba,[]
2026-06-05 02:59:48.275176+00,anotador_261,5933,3,,,buenos_aires_amba,[]
2026-06-05 02:59:51.173486+00,anotador_261,5949,5,,,buenos_aires_amba,[]
2026-06-05 03:00:19.120851+00,anotador_261,2726,4,,,buenos_aires_amba,[]
2026-06-05 03:00:30.353832+00,anotador_261,4704,4,,,buenos_aires_amba,[]
2026-06-05 03:00:36.472633+00,anotador_261,4930,4,,,buenos_aires_amba,[]
2026-06-05 03:00:43.878216+00,anotador_261,7297,4,,,buenos_aires_amba,[]
2026-06-05 03:00:52.621998+00,anotador_261,2086,4,,,,[]
2026-06-05 03:00:52.884445+00,anotador_261,2086,3,,,buenos_aires_amba,[]
2026-06-05 03:00:59.014791+00,anotador_261,6493,5,,,buenos_aires_amba,[]
2026-06-05 03:01:06.130878+00,anotador_261,771,4,cemento y va a pasar,,buenos_aires_amba,"[{""pos"":13,""source"":""prem"",""palabra"":""pasará""},{""pos"":12,""source"":""hyp"",""palabra"":""concreto.""}]"
2026-06-05 03:01:26.369733+00,anotador_261,6106,4,,,buenos_aires_amba,[]
2026-06-05 03:01:33.420225+00,anotador_261,7328,4,,,buenos_aires_amba,[]
2026-06-05 03:01:36.530129+00,anotador_261,1216,3,,,buenos_aires_amba,[]
2026-06-05 03:01:48.844207+00,anotador_261,3934,4,,,buenos_aires_amba,[]
2026-06-05 03:01:52.977498+00,anotador_261,1723,4,,,buenos_aires_amba,[]
2026-06-05 03:02:00.498854+00,anotador_261,4233,3,,,buenos_aires_amba,[]
2026-06-05 03:02:27.428539+00,anotador_261,5688,4,,,buenos_aires_amba,[]
2026-06-05 03:02:32.461027+00,anotador_261,3141,4,,,buenos_aires_amba,[]
2026-06-05 03:02:36.429705+00,anotador_261,6613,4,,,buenos_aires_amba,[]
2026-06-05 03:02:38.924079+00,anotador_261,1926,5,,,buenos_aires_amba,[]
2026-06-05 03:02:43.732272+00,anotador_261,4992,4,,,buenos_aires_amba,[]
2026-06-05 03:02:45.987966+00,anotador_261,4083,2,,,buenos_aires_amba,"[{""pos"":1,""source"":""prem"",""palabra"":""talmúdico""},{""pos"":1,""source"":""hyp"",""palabra"":""talmúdico""}]"
2026-06-05 03:03:08.309476+00,anotador_261,2062,4,,,buenos_aires_amba,[]
2026-06-05 03:03:13.500924+00,anotador_261,7435,4,,,buenos_aires_amba,[]
2026-06-05 03:03:17.171823+00,anotador_261,4754,,,,,"[{""pos"":9,""source"":""prem"",""palabra"":""echar""}]"
2026-06-05 03:03:17.369299+00,anotador_261,4754,2,,,buenos_aires_amba,"[{""pos"":9,""source"":""prem"",""palabra"":""echar""},{""pos"":10,""source"":""prem"",""palabra"":""sapos""},{""pos"":12,""source"":""prem"",""palabra"":""culebras""},{""pos"":11,""source"":""prem"",""palabra"":""y""},{""pos"":16,""source"":""prem"",""palabra"":""sapos""},{""pos"":17,""source"":""prem"",""palabra"":""y""},{""pos"":18,""source"":""prem"",""palabra"":""culebras.""},{""pos"":15,""source"":""prem"",""palabra"":""echar""},{""pos"":6,""source"":""hyp"",""palabra"":""echar""},{""pos"":7,""source"":""hyp"",""palabra"":""sapos""},{""pos"":8,""source"":""hyp"",""palabra"":""y""},{""pos"":9,""source"":""hyp"",""palabra"":""culebras""}]"
2026-06-05 03:03:33.881346+00,anotador_261,3430,4,,,buenos_aires_amba,[]
2026-06-05 03:03:40.435621+00,anotador_261,6792,4,,,buenos_aires_amba,[]
2026-06-05 03:03:44.444603+00,anotador_261,7116,4,,,buenos_aires_amba,[]
2026-06-05 03:03:46.551747+00,anotador_261,5317,4,,,buenos_aires_amba,[]
2026-06-05 03:03:52.395237+00,anotador_261,1893,5,,,buenos_aires_amba,[]
2026-06-05 03:03:59.835347+00,anotador_261,1898,5,,,buenos_aires_amba,[]
2026-06-05 03:04:02.45603+00,anotador_261,2646,3,,,buenos_aires_amba,[]
2026-06-05 03:04:10.605559+00,anotador_261,5495,4,,,buenos_aires_amba,[]
2026-06-05 03:04:17.134424+00,anotador_261,6067,4,,,buenos_aires_amba,[]
2026-06-05 03:04:20.963203+00,anotador_261,4068,4,,,buenos_aires_amba,[]
2026-06-05 03:04:30.077717+00,anotador_261,2997,3,,,buenos_aires_amba,[]
2026-06-05 03:10:34.805142+00,anotador_261,7410,4,,,buenos_aires_amba,[]
2026-06-05 03:10:40.220685+00,anotador_261,5050,4,,,buenos_aires_amba,[]
2026-06-05 03:10:44.07267+00,anotador_261,4811,4,,,buenos_aires_amba,[]
2026-06-05 03:10:48.478745+00,anotador_261,5243,4,,,buenos_aires_amba,[]
2026-06-05 03:10:51.754101+00,anotador_261,3791,4,,,buenos_aires_amba,[]
2026-06-05 03:11:01.135405+00,anotador_261,2022,4,,,buenos_aires_amba,[]
2026-06-05 03:11:04.266145+00,anotador_261,1970,4,,,buenos_aires_amba,[]
2026-06-05 03:11:08.206403+00,anotador_261,6659,3,,,buenos_aires_amba,[]
2026-06-05 03:11:17.6421+00,anotador_261,6783,4,,,buenos_aires_amba,[]
2026-06-05 03:11:25.79691+00,anotador_261,4387,3,,,buenos_aires_amba,[]
2026-06-05 03:11:38.591012+00,anotador_261,2653,3,,,buenos_aires_amba,[]
2026-06-05 03:11:41.747296+00,anotador_261,2859,3,,,buenos_aires_amba,[]
2026-06-05 03:11:53.099648+00,anotador_261,4412,2,,,buenos_aires_amba,[]
2026-06-05 03:12:01.357769+00,anotador_261,2193,3,,,buenos_aires_amba,[]
2026-06-05 03:12:04.779354+00,anotador_261,696,4,,,buenos_aires_amba,[]
2026-06-05 03:12:17.065605+00,anotador_261,3888,4,,,buenos_aires_amba,[]
2026-06-05 03:12:31.348953+00,anotador_261,2708,4,,,buenos_aires_amba,[]
2026-06-05 03:12:35.394475+00,anotador_261,6646,3,,,buenos_aires_amba,[]
2026-06-05 03:12:40.737418+00,anotador_261,4214,2,,,buenos_aires_amba,"[{""pos"":9,""source"":""hyp"",""palabra"":""bambalinas""}]"
2026-06-05 03:12:52.467742+00,anotador_261,7499,4,,,buenos_aires_amba,[]
2026-06-05 03:13:04.904478+00,anotador_261,7020,3,,,buenos_aires_amba,[]
2026-06-05 03:13:12.443839+00,anotador_261,7083,4,,,buenos_aires_amba,[]
2026-06-05 03:13:18.070799+00,anotador_261,4428,3,,,buenos_aires_amba,[]
2026-06-05 03:13:23.04418+00,anotador_261,2704,4,,,buenos_aires_amba,[]
2026-06-05 03:13:37.274727+00,anotador_261,816,3,,,buenos_aires_amba,[]
2026-06-05 03:13:43.3977+00,anotador_261,645,2,,,buenos_aires_amba,"[{""pos"":0,""source"":""prem"",""palabra"":""Locust""},{""pos"":1,""source"":""prem"",""palabra"":""Hill""},{""pos"":0,""source"":""hyp"",""palabra"":""Locust""},{""pos"":1,""source"":""hyp"",""palabra"":""Hill""}]"
2026-06-05 03:13:53.732646+00,anotador_261,4057,3,,,buenos_aires_amba,[]
2026-06-05 03:14:00.886052+00,anotador_261,7274,4,,,buenos_aires_amba,[]
2026-06-05 03:14:11.729536+00,anotador_261,1844,4,,,buenos_aires_amba,[]
2026-06-05 03:14:19.643706+00,anotador_261,7053,3,,,buenos_aires_amba,[]
2026-06-05 03:14:25.556726+00,anotador_261,2113,4,,,buenos_aires_amba,[]
2026-06-05 03:14:30.592809+00,anotador_261,5760,2,mala palabra,,buenos_aires_amba,"[{""pos"":8,""source"":""prem"",""palabra"":""palabrota.""},{""pos"":0,""source"":""prem"",""palabra"":""Jeremías""},{""pos"":1,""source"":""prem"",""palabra"":""Pitt""},{""pos"":1,""source"":""hyp"",""palabra"":""Pitt""},{""pos"":0,""source"":""hyp"",""palabra"":""Jeremías""}]"
2026-06-05 03:14:46.737354+00,anotador_261,1849,4,,,buenos_aires_amba,[]
2026-06-05 03:14:51.188993+00,anotador_261,5789,3,,,buenos_aires_amba,[]
2026-06-05 03:14:58.826186+00,anotador_261,7423,3,,,buenos_aires_amba,[]
2026-06-05 03:15:04.452056+00,anotador_261,5583,4,,,buenos_aires_amba,[]
2026-06-05 03:15:06.799088+00,anotador_261,1789,4,,,buenos_aires_amba,[]
2026-06-05 03:15:12.911295+00,anotador_261,4577,4,,,buenos_aires_amba,[]
2026-06-05 03:15:18.028295+00,anotador_261,1952,4,,,buenos_aires_amba,[]
